{"type":"FeatureCollection", "features": [
{"type":"Feature","geometry":{"type":"Polygon","coordinates":[[[119.88870239257858,16.129240036010856],[119.88845825195358,16.13478088378929],[119.88671112060547,16.137639999389762],[119.88358306884766,16.14146995544445],[119.88208770751987,16.14351081848139],[119.88139343261764,16.14425086975109],[119.87625885009777,16.148410797119197],[119.87391662597656,16.149620056152344],[119.87077331543014,16.150369644164982],[119.86710357666027,16.150499343872127],[119.86421966552734,16.151500701904354],[119.85932922363327,16.152349472046012],[119.85762023925815,16.15290069580101],[119.85299682617199,16.153390884399528],[119.85191345214844,16.153280258178825],[119.8469161987307,16.15443038940424],[119.84475708007812,16.155620574951172],[119.83956146240268,16.154300689697266],[119.83506011962902,16.15423011779785],[119.83213043212913,16.15780067443842],[119.82859039306652,16.16064071655279],[119.8255767822269,16.162929534912166],[119.82200622558628,16.165279388427848],[119.81815338134766,16.167320251464844],[119.81394958496128,16.169380187988395],[119.80785369873047,16.17262077331543],[119.8022232055664,16.17668914794922],[119.79972839355469,16.181480407714844],[119.79804229736374,16.183870315551815],[119.79518890380905,16.18664932250971],[119.79374694824219,16.187629699707088],[119.78990173339889,16.18992042541504],[119.7883071899414,16.19115066528343],[119.78833007812511,16.192340850830192],[119.78566741943371,16.194889068603516],[119.78159332275413,16.197940826416016],[119.77774047851562,16.200069427490234],[119.77438354492188,16.201299667358626],[119.76888275146496,16.202339172363395],[119.76351165771484,16.20450973510748],[119.76304626464844,16.20450019836437],[119.76304626464844,16.20417022705078],[119.76334381103527,16.203889846801815],[119.76334381103527,16.203609466552848],[119.76361083984375,16.20332908630371],[119.76361083984375,16.202220916748104],[119.76304626464844,16.201669692993107],[119.76304626464844,16.20138931274414],[119.76194763183616,16.200279235839957],[119.76194763183616,16.200000762939396],[119.76139068603516,16.199440002441634],[119.76110839843784,16.199440002441634],[119.76027679443405,16.198610305786246],[119.76027679443405,16.19832992553711],[119.76000213623047,16.19805908203125],[119.76000213623047,16.19778060913086],[119.75971984863293,16.197500228881893],[119.75971984863293,16.197219848632926],[119.75877380371105,16.196279525756836],[119.75861358642624,16.196109771728743],[119.75861358642624,16.195829391479606],[119.75833129882812,16.195550918579215],[119.75833129882812,16.19499969482422],[119.75805664062534,16.194719314575423],[119.75805664062534,16.19111061096197],[119.75833129882812,16.190830230713004],[119.75833129882812,16.190280914306584],[119.75861358642624,16.190000534057617],[119.75861358642624,16.1891708374024],[119.75833129882812,16.188890457153263],[119.75833129882812,16.187500000000114],[119.75861358642624,16.187219619750977],[119.75861358642624,16.185829162597656],[119.75916290283214,16.185279846191406],[119.75916290283214,16.18499946594261],[119.75945281982456,16.184719085693473],[119.75945281982456,16.18407058715826],[119.75945281982456,16.183889389038086],[119.76000213623047,16.1833305358889],[119.76000213623047,16.18139076232916],[119.75945281982456,16.180830001831055],[119.75945281982456,16.180559158325195],[119.75916290283214,16.180280685424805],[119.75916290283214,16.178890228271484],[119.75833129882812,16.178049087524414],[119.75833129882812,16.17778015136713],[119.75861358642624,16.177499771118164],[119.75861358642624,16.177219390869368],[119.75776672363281,16.17638969421398],[119.75749969482422,16.17638969421398],[119.75749969482422,16.176109313964844],[119.75666809082043,16.175279617309627],[119.75666809082043,16.17499923706066],[119.75583648681663,16.174169540405273],[119.75583648681663,16.173889160156477],[119.75554656982433,16.173610687255916],[119.75554656982433,16.17333030700695],[119.75527954101562,16.17305946350092],[119.75527954101562,16.172779083251953],[119.7545166015625,16.172019958496207],[119.75332641601562,16.170829772949446],[119.75332641601562,16.170280456543026],[119.75389099121094,16.169719696044922],[119.75417327880905,16.169719696044922],[119.75417327880905,16.16945075988764],[119.75444793701172,16.169170379638672],[119.75472259521484,16.169170379638672],[119.75527954101562,16.16860961914074],[119.75527954101562,16.1683292388916],[119.75499725341842,16.168060302734318],[119.75499725341842,16.16777992248535],[119.75444793701172,16.16721916198742],[119.75444793701172,16.166940689087028],[119.75417327880905,16.166669845580998],[119.75417327880905,16.166109085083235],[119.75389099121094,16.165559768676815],[119.75389099121094,16.164440155029524],[119.75444793701172,16.164169311523494],[119.75472259521484,16.163890838623104],[119.75499725341842,16.163890838623104],[119.75527954101562,16.163610458374137],[119.75554656982433,16.163890838623104],[119.75572204589855,16.163890838623104],[119.75583648681663,16.163890838623104],[119.75776672363281,16.165830612182845],[119.75833129882812,16.166109085083235],[119.75842285156295,16.166109085083235],[119.76027679443405,16.166109085083235],[119.76055908203125,16.165830612182845],[119.76583099365246,16.165830612182845],[119.76611328125011,16.165559768676815],[119.76667022705078,16.165559768676815],[119.76693725585938,16.165830612182845],[119.76833343505882,16.165830612182845],[119.76860809326206,16.165559768676815],[119.76889038085949,16.165559768676815],[119.76915740966797,16.165279388427848],[119.76944732666027,16.165279388427848],[119.7699966430664,16.16472053527832],[119.77010345458984,16.16472053527832],[119.77027893066406,16.16472053527832],[119.77139282226608,16.163610458374137],[119.77139282226608,16.163330078125],[119.77166748046898,16.16305923461914],[119.77166748046898,16.16278076171875],[119.77194213867199,16.162500381469783],[119.77194213867199,16.162220001220817],[119.77221679687511,16.161949157714787],[119.77220916748047,16.16189956665039],[119.77194213867199,16.161670684814396],[119.77194213867199,16.160829544067496],[119.77166748046898,16.160829544067496],[119.77111053466797,16.160280227661076],[119.77084350585972,16.160280227661076],[119.7698974609375,16.159339904785156],[119.76944732666027,16.158889770507926],[119.76944732666027,16.15860939025879],[119.76915740966797,16.1583309173584],[119.76915740966797,16.157779693603572],[119.76944732666027,16.157499313354606],[119.76944732666027,16.15666961669922],[119.76972198486328,16.156389236450423],[119.76972198486328,16.155559539794865],[119.76970672607422,16.15413093566906],[119.76978302001953,16.15188026428234],[119.77007293701206,16.14949035644537],[119.77027893066406,16.147499084472656],[119.77027893066406,16.14639091491705],[119.77055358886719,16.146110534668082],[119.77055358886719,16.145559310913086],[119.77111053466797,16.14500045776373],[119.77111053466797,16.144720077514762],[119.77139282226608,16.144439697265625],[119.77139282226608,16.14417076110834],[119.77166748046898,16.143890380859375],[119.77194213867199,16.143890380859375],[119.77249908447277,16.143329620361442],[119.77278137207031,16.143329620361442],[119.77333068847656,16.14278030395502],[119.7746276855471,16.142339706420955],[119.77484130859409,16.141519546508846],[119.77469635009777,16.139739990234602],[119.77469635009777,16.138450622558707],[119.77533721923828,16.13666915893566],[119.77575683593761,16.135240554809627],[119.77583312988281,16.13380050659191],[119.77583312988281,16.132780075073242],[119.77583312988281,16.132499694824446],[119.77665710449219,16.13166999816889],[119.77749633789108,16.13166999816889],[119.77784729003918,16.132009506225586],[119.77834320068382,16.132499694824446],[119.77834320068382,16.132780075073242],[119.7786102294923,16.1330509185791],[119.77889251708996,16.1330509185791],[119.7794418334961,16.13360977172863],[119.78028106689453,16.13360977172863],[119.78083038330101,16.134170532226562],[119.78111267089866,16.134170532226562],[119.7813873291019,16.133890151977596],[119.7813873291019,16.13360977172863],[119.78166961669933,16.133329391479492],[119.7813873291019,16.1330509185791],[119.7813873291019,16.132869720458928],[119.7813873291019,16.132780075073242],[119.77942657470737,16.130819320678654],[119.77916717529342,16.130559921264705],[119.77916717529342,16.13027954101574],[119.77889251708996,16.1299991607666],[119.77854919433594,16.127519607543945],[119.77848052978516,16.125949859619254],[119.77805328369152,16.124719619751204],[119.77805328369152,16.12464904785162],[119.77805328369152,16.123889923095817],[119.77777862548851,16.12360954284668],[119.77777862548851,16.123329162597713],[119.77749633789108,16.12306022644043],[119.77749633789108,16.122499465942496],[119.7772216796875,16.12221908569336],[119.7772216796875,16.12194061279297],[119.77665710449219,16.121389389038313],[119.77665710449219,16.121110916137752],[119.77610778808639,16.120559692382756],[119.77487182617188,16.118280410766715],[119.77332305908237,16.116439819335938],[119.77176666259788,16.115409851074162],[119.77078247070324,16.11535072326666],[119.76972198486328,16.115280151367188],[119.76866149902344,16.115409851074162],[119.76760101318393,16.11576080322277],[119.76696777343761,16.11617088317871],[119.76689910888695,16.117050170898665],[119.76673889160156,16.11742973327648],[119.76654815673828,16.117870330810547],[119.7661972045903,16.117940902710018],[119.76555633544956,16.118059158325252],[119.76521301269531,16.117389678955192],[119.76499938964866,16.11639022827154],[119.76499938964866,16.116109848022575],[119.76471710205124,16.115829467773438],[119.76471710205124,16.11554908752447],[119.76444244384766,16.115280151367188],[119.76363372802746,16.113460540771484],[119.76264190673862,16.10976982116705],[119.76200103759811,16.106420516967773],[119.76186370849655,16.104089736938477],[119.76178741455078,16.103149414062557],[119.76200103759811,16.101369857788143],[119.76249694824253,16.10000038146984],[119.76249694824253,16.099720001220703],[119.76304626464844,16.099170684814453],[119.76304626464844,16.098890304565487],[119.76334381103527,16.09860992431652],[119.76334381103527,16.098329544067383],[119.76361083984375,16.0980606079101],[119.76361083984375,16.097780227661133],[119.76416778564487,16.0972194671632],[119.76499938964866,16.096389770507812],[119.76499938964866,16.096109390259016],[119.76555633544956,16.095560073852596],[119.76555633544956,16.09527969360363],[119.76583099365246,16.094999313354492],[119.76583099365246,16.0947208404541],[119.76667022705078,16.09388923645031],[119.76667022705078,16.09361076354992],[119.76693725585938,16.09333038330078],[119.76693725585938,16.093059539794922],[119.76721954345737,16.092779159546126],[119.76721954345737,16.092500686645565],[119.76750183105469,16.092220306396598],[119.76750183105469,16.0916690826416],[119.76777648925827,16.09139060974121],[119.76777648925827,16.090829849243278],[119.76805877685547,16.090560913085994],[119.76805877685547,16.08945083618164],[119.76833343505882,16.089170455932674],[119.76833343505882,16.08860969543457],[119.76860809326206,16.088329315185604],[119.76860809326206,16.086669921875],[119.76846313476562,16.08580017089855],[119.76821899414097,16.08551025390625],[119.76817321777378,16.085460662841854],[119.7671127319336,16.084779739379883],[119.76555633544956,16.083330154419173],[119.76555633544956,16.083059310913143],[119.76499938964866,16.082500457763786],[119.76419067382812,16.081319808960018],[119.76383972168003,16.080289840698242],[119.76377105712936,16.079540252685604],[119.76416778564487,16.078329086303825],[119.76416778564487,16.07666969299322],[119.76444244384766,16.076389312744254],[119.76444244384766,16.075559616088867],[119.76471710205124,16.07527923584007],[119.76471710205124,16.074720382690543],[119.76499938964866,16.072500228881836],[119.76499938964866,16.071390151977653],[119.76480865478538,16.07025909423828],[119.76423645019554,16.069580078125057],[119.7638931274414,16.06833076477062],[119.76361083984375,16.06805992126459],[119.76361083984375,16.067779541015625],[119.76304626464844,16.06722068786644],[119.76304626464844,16.0669403076173],[119.76277923583996,16.066669464111442],[119.76277923583996,16.066389083862305],[119.76249694824253,16.066110610961914],[119.76249694824253,16.065830230713118],[119.76194763183616,16.065280914306697],[119.76194763183616,16.064720153808594],[119.76167297363327,16.064439773559627],[119.76084899902389,16.06345939636242],[119.76036071777344,16.06263923645014],[119.76036071777344,16.061819076538086],[119.76014709472702,16.060720443725643],[119.7593002319336,16.059219360351562],[119.75760650634811,16.056970596313477],[119.75647735595714,16.054170608520565],[119.7559432983403,16.05267906188965],[119.75556182861374,16.051649093628043],[119.75541687011719,16.049530029297102],[119.7554931640625,16.047819137573356],[119.75583648681663,16.04667091369629],[119.75583648681663,16.046110153198356],[119.75611114501964,16.04582977294922],[119.75611114501964,16.045370101928654],[119.75611114501964,16.04528045654297],[119.75639343261753,16.045000076294173],[119.75639343261753,16.044450759887752],[119.75666809082043,16.044170379638615],[119.75666809082043,16.043060302734432],[119.7570419311528,16.042680740356502],[119.75749969482422,16.04221916198736],[119.75749969482422,16.04194068908714],[119.75805664062534,16.041389465332145],[119.75805664062534,16.041290283203125],[119.75805664062534,16.040830612182617],[119.75833892822266,16.04022026062006],[119.7593002319336,16.040170669555664],[119.76000213623047,16.0400009155274],[119.76222991943382,16.0398406982423],[119.7638931274414,16.039720535278434],[119.76499938964866,16.039440155029297],[119.76667022705078,16.038890838623047],[119.76777648925827,16.038330078125114],[119.7699966430664,16.036109924316406],[119.7699966430664,16.035560607910156],[119.77055358886719,16.03528022766119],[119.77071380615257,16.035129547119368],[119.77194213867199,16.03388977050804],[119.77194213867199,16.033060073852482],[119.77221679687511,16.032779693603516],[119.77221679687511,16.030279159546012],[119.7724075317384,16.028560638427734],[119.77268981933605,16.027740478515625],[119.77375030517612,16.025760650634822],[119.77403259277355,16.02466964721691],[119.77388763427768,16.023059844970703],[119.77333068847656,16.02249908447277],[119.77333068847656,16.021940231323242],[119.77361297607422,16.021669387817383],[119.77361297607422,16.021390914916992],[119.77333068847656,16.021110534668196],[119.77333068847656,16.02083015441906],[119.77306365966842,16.0205593109132],[119.77278137207031,16.0205593109132],[119.77221679687511,16.020000457763672],[119.77194213867199,16.020000457763672],[119.77166748046898,16.019720077514876],[119.77084350585972,16.019720077514876],[119.76972198486328,16.01861000061035],[119.76944732666027,16.01861000061035],[119.76889038085949,16.0180606842041],[119.76878356933605,16.0180606842041],[119.76860809326206,16.0180606842041],[119.76777648925827,16.01721954345703],[119.76777648925827,16.01700973510765],[119.76777648925827,16.016950607299748],[119.76748657226562,16.016660690307674],[119.76667022705078,16.01582908630371],[119.76667022705078,16.01561927795433],[119.76667022705078,16.01527976989746],[119.76638793945358,16.014999389648665],[119.76638793945358,16.014440536499137],[119.76611328125011,16.014169692993278],[119.76611328125011,16.01388931274414],[119.76583099365246,16.01361083984375],[119.76583099365246,16.013330459594954],[119.76555633544956,16.013059616088924],[119.76416778564487,16.011669158935774],[119.76334381103527,16.011669158935774],[119.76318359375023,16.011819839477596],[119.76304626464844,16.011940002441463],[119.76249694824253,16.011940002441463],[119.76194763183616,16.012500762939567],[119.76167297363327,16.012500762939567],[119.76139068603516,16.012779235839957],[119.76027679443405,16.012779235839957],[119.76261138916038,16.01145935058588],[119.76506805419933,16.01016044616705],[119.76835632324253,16.00982093811035],[119.77113342285156,16.010370254516545],[119.77826690673874,16.014369964599723],[119.78341674804733,16.02000999450678],[119.79041290283249,16.02869033813488],[119.7925033569336,16.030860900878963],[119.804443359375,16.04441070556652],[119.80731964111362,16.047800064086914],[119.80960083007824,16.050489425659293],[119.81822204589844,16.058420181274528],[119.8271636962894,16.066919326782283],[119.83643341064499,16.075130462646484],[119.84561920166016,16.084739685058594],[119.85077667236328,16.090030670166072],[119.85307312011719,16.092010498046875],[119.85809326171875,16.09600067138672],[119.862586975098,16.099990844726562],[119.87384796142578,16.111240386962947],[119.87964630126953,16.11693954467779],[119.8820037841798,16.11943054199213],[119.8862762451173,16.123640060424805],[119.88835906982422,16.126310348510742],[119.88870239257858,16.129240036010856]]]},"properties":{"ID_0":177,"ISO":"PHL","NAME_0":"Philippines","ID_1":61,"NAME_1":"Pangasinan","ID_2":1238,"NAME_2":"Agno","NL_NAME_2":null,"VARNAME_2":null,"TYPE_2":"Bayan|Munisipyo","ENGTYPE_2":"Municipality","PROVINCE":"Pangasinan","REGION":"Ilocos Region (Region I)"}},
{"type":"Feature","geometry":{"type":"Polygon","coordinates":[[[120.30724334716831,15.8481702804566],[120.30567932128906,15.850640296936092],[120.30435943603516,15.85216999053955],[120.30271911621094,15.85210990905773],[120.30139923095749,15.852250099182129],[120.29779052734386,15.853529930114746],[120.29612731933628,15.854809761047306],[120.29557037353516,15.859219551086426],[120.29534149169967,15.860289573669661],[120.29470825195312,15.862709999084416],[120.29293060302768,15.86450004577648],[120.29139709472668,15.865159988403377],[120.28949737548862,15.866129875183162],[120.28688049316406,15.86715030670166],[120.28386688232433,15.8681898117066],[120.2812728881836,15.870109558105582],[120.28048706054722,15.870929718017635],[120.27890777587902,15.871569633483887],[120.27778625488304,15.873060226440487],[120.27613067626953,15.874349594116211],[120.27475738525425,15.876230239868278],[120.2724761962894,15.878430366516227],[120.270263671875,15.880470275878906],[120.26960754394565,15.881079673767317],[120.26875305175781,15.881990432739371],[120.26775360107456,15.883119583129996],[120.26683044433594,15.88428974151617],[120.26524353027344,15.886150360107479],[120.26394653320347,15.887499809265194],[120.26304626464844,15.888730049133414],[120.26235961914097,15.890190124511719],[120.26139068603561,15.892379760742244],[120.26080322265636,15.894889831543082],[120.26045989990268,15.89696979522705],[120.2602767944336,15.89910984039318],[120.26039123535202,15.900790214538574],[120.2602691650394,15.901860237121696],[120.26026153564487,15.901909828186092],[120.25984954833996,15.902629852295036],[120.2591323852539,15.903619766235352],[120.25762176513672,15.905269622802848],[120.25663757324253,15.905969619751033],[120.25534820556652,15.907290458679256],[120.25425720214844,15.908109664916992],[120.2533416748048,15.907179832458496],[120.2527999877932,15.906599998474121],[120.2515869140625,15.905850410461483],[120.25007629394531,15.905509948730526],[120.24965667724632,15.905790328979492],[120.24845123291016,15.906720161437988],[120.24683380126953,15.905900001525936],[120.24610137939464,15.905200004577694],[120.24478149414074,15.904709815979004],[120.24353790283237,15.90380001068121],[120.24269866943405,15.902939796447868],[120.24143218994175,15.901729583740234],[120.23975372314453,15.90030956268322],[120.23835754394531,15.899840354919547],[120.23657226562511,15.899089813232422],[120.23560333251964,15.898349761962947],[120.23412322998092,15.897470474243164],[120.23306274414085,15.896260261535645],[120.23245239257812,15.895730018615723],[120.23084259033214,15.895700454712028],[120.22902679443371,15.895529747009277],[120.22736358642578,15.896180152893123],[120.22643280029342,15.896080017089787],[120.22537231445312,15.895850181579533],[120.22456359863293,15.895890235900993],[120.22382354736374,15.894849777221793],[120.22328186035156,15.89422988891613],[120.22221374511719,15.893529891967887],[120.22126770019531,15.89258003234869],[120.22030639648438,15.891819953918457],[120.2193603515625,15.891160011291504],[120.21750640869152,15.890580177307129],[120.21707916259766,15.890259742736873],[120.21569824218773,15.889329910278377],[120.21499633789108,15.888569831848088],[120.21431732177734,15.887729644775504],[120.21317291259766,15.88638973236084],[120.21243286132824,15.885390281677246],[120.2116470336914,15.883959770202637],[120.20995330810558,15.882029533386174],[120.20931243896507,15.881199836731014],[120.20729827880893,15.879779815673828],[120.20620727539062,15.87887954711914],[120.20436859130905,15.877849578857365],[120.20291137695347,15.87720966339117],[120.20230865478516,15.876250267028809],[120.20178222656273,15.874910354614371],[120.20202636718795,15.872509956359977],[120.20163726806686,15.871910095214844],[120.20063018798851,15.871159553527946],[120.19978332519577,15.869600296020451],[120.19980621337925,15.868829727172965],[120.19877624511764,15.86748027801525],[120.19815063476585,15.866220474243164],[120.19728088378918,15.865220069885254],[120.1971664428711,15.864520072937012],[120.19637298584018,15.863439559936523],[120.19551849365234,15.862580299377441],[120.19589233398438,15.86221027374279],[120.19645690917969,15.861160278320256],[120.19615173339866,15.86034965515131],[120.19580841064453,15.859720230102539],[120.19471740722679,15.85890007019043],[120.19376373291038,15.858309745788631],[120.19302368164062,15.858200073242244],[120.1922836303711,15.857430458068848],[120.19165039062534,15.856100082397518],[120.19116210937511,15.854680061340332],[120.1909866333009,15.85369968414318],[120.19180297851562,15.851840019226188],[120.19174194335949,15.851229667663802],[120.19181060791016,15.850440025329704],[120.19193267822277,15.849479675293082],[120.19161987304688,15.848919868469238],[120.19006347656295,15.847479820251465],[120.18963623046886,15.846469879150447],[120.18923950195358,15.845359802246094],[120.18840789794956,15.844120025634766],[120.1878890991211,15.842929840088004],[120.18639373779308,15.841620445251522],[120.18525695800793,15.840180397033805],[120.1852416992192,15.83903980255127],[120.18563842773449,15.837149620056152],[120.18596649169922,15.83594036102295],[120.18557739257812,15.834500312805403],[120.1852035522461,15.833069801330794],[120.1857604980471,15.831029891967773],[120.18580627441452,15.830169677734432],[120.18580627441452,15.827300071716536],[120.1859130859375,15.82487964630127],[120.18609619140625,15.822159767150879],[120.18604278564476,15.820229530334473],[120.18563842773449,15.817110061645621],[120.18541717529297,15.81566047668457],[120.18485260009811,15.812959671020451],[120.18406677246094,15.81128978729248],[120.18195343017578,15.809229850769043],[120.17932891845749,15.807660102844352],[120.17662811279297,15.806030273437614],[120.17101287841797,15.802590370178336],[120.1697006225586,15.801259994506836],[120.16506958007858,15.798560142517204],[120.16684722900402,15.78195953369152],[120.16811370849632,15.77853012084961],[120.16999816894543,15.772970199585075],[120.1705093383789,15.77176952362072],[120.17343139648449,15.764909744262695],[120.17603302001976,15.756279945373478],[120.17653656005893,15.754549980163631],[120.17765808105514,15.751629829406738],[120.17807006835938,15.748270034790153],[120.17848968505893,15.74596023559576],[120.17949676513672,15.74258995056175],[120.18039703369175,15.739359855651799],[120.18160247802734,15.735699653625716],[120.1828765869144,15.734550476074219],[120.23903656005871,15.789560317993164],[120.27207946777389,15.821399688720646],[120.27397918701217,15.823470115661678],[120.27468872070358,15.82439041137701],[120.27591705322266,15.825710296630916],[120.27768707275413,15.827090263366642],[120.27924346923828,15.828390121460018],[120.28125000000034,15.830189704894963],[120.28325653076172,15.83246994018549],[120.28742218017601,15.83672046661377],[120.28926086425815,15.838749885559196],[120.29457092285179,15.842069625854492],[120.29656982421898,15.843390464782829],[120.29768371582031,15.844050407409782],[120.30139923095749,15.846090316772461],[120.30304718017612,15.847000122070426],[120.30724334716831,15.8481702804566]]]},"properties":{"ID_0":177,"ISO":"PHL","NAME_0":"Philippines","ID_1":61,"NAME_1":"Pangasinan","ID_2":1239,"NAME_2":"Aguilar","NL_NAME_2":null,"VARNAME_2":null,"TYPE_2":"Bayan|Munisipyo","ENGTYPE_2":"Municipality","PROVINCE":"Pangasinan","REGION":"Ilocos Region (Region I)"}},
{"type":"Feature","geometry":{"type":"MultiPolygon","coordinates":[[[[120.04000091552734,16.194719314575423],[120.03968811035156,16.194410324096907],[120.03943634033214,16.194169998169002],[120.03943634033214,16.193889617920036],[120.04000091552734,16.193330764770508],[120.04028320312545,16.193330764770508],[120.04055786132812,16.19305992126465],[120.04110717773472,16.19305992126465],[120.04116058349666,16.193069458007983],[120.04138946533203,16.19311904907238],[120.04165649414085,16.19354057312023],[120.04155731201195,16.19366073608427],[120.04102325439453,16.194240570068644],[120.04083251953125,16.194440841675032],[120.04028320312545,16.194440841675032],[120.04000091552734,16.194719314575423]]],[[[120.03649139404308,16.195459365844954],[120.03639221191463,16.195550918579215],[120.03618621826172,16.195949554443644],[120.03610992431652,16.196109771728743],[120.03610992431652,16.196670532226506],[120.03584289550804,16.19695091247587],[120.03618621826172,16.197860717773438],[120.03624725341797,16.19804000854498],[120.0357894897461,16.198139190673828],[120.0352783203125,16.19778060913086],[120.03500366210972,16.197500228881893],[120.03500366210972,16.197219848632926],[120.03491973876953,16.197139739990178],[120.03472137451172,16.19695091247587],[120.03472137451172,16.196659088134993],[120.03472137451172,16.195829391479606],[120.03500366210972,16.195550918579215],[120.03500366210972,16.195280075073185],[120.03517913818428,16.195100784301985],[120.0352706909182,16.195009231567326],[120.0352783203125,16.19491958618164],[120.0352783203125,16.194719314575423],[120.03530883789062,16.194690704345874],[120.03555297851585,16.194440841675032],[120.03555297851585,16.192779541015682],[120.03584289550804,16.192779541015682],[120.03610992431652,16.192499160766715],[120.03639221191463,16.192499160766715],[120.0366668701173,16.192779541015682],[120.03713989257812,16.192779541015682],[120.03721618652344,16.192779541015682],[120.0374984741211,16.192499160766715],[120.0374984741211,16.1923503875733],[120.03756713867188,16.192319869995345],[120.03777313232422,16.192260742187614],[120.03806304931675,16.192220687866325],[120.038330078125,16.191940307617188],[120.03861236572334,16.191940307617188],[120.03888702392601,16.191669464111328],[120.03943634033214,16.191669464111328],[120.0397186279298,16.191940307617188],[120.04028320312545,16.191940307617188],[120.0397186279298,16.192499160766715],[120.03948211669922,16.192499160766715],[120.03943634033214,16.192499160766715],[120.03806304931675,16.193889617920036],[120.03806304931675,16.194440841675032],[120.03778076171875,16.194719314575423],[120.03721618652344,16.194719314575423],[120.03649139404308,16.195459365844954]]],[[[120.04138946533203,16.19805908203125],[120.04144287109386,16.19827079772955],[120.04145812988293,16.19832992553711],[120.04083251953125,16.199169158935604],[120.04067993164074,16.199020385742188],[120.04057312011719,16.198909759521484],[120.04028320312545,16.198610305786246],[120.04028320312545,16.19778060913086],[120.04039001464855,16.19766044616722],[120.04083251953125,16.197219848632926],[120.04044342041016,16.196830749511832],[120.04028320312545,16.196670532226506],[120.04093170166016,16.196020126342887],[120.04105377197277,16.195890426635742],[120.04110717773472,16.195829391479606],[120.04138946533203,16.195829391479606],[120.04141998291061,16.195869445800895],[120.04165649414085,16.196109771728743],[120.04194641113304,16.196109771728743],[120.04194641113304,16.195510864257926],[120.04194641113304,16.195280075073185],[120.04222106933605,16.19499969482422],[120.04222106933605,16.194869995117415],[120.04222106933605,16.194719314575423],[120.04250335693416,16.194440841675032],[120.04250335693416,16.193330764770508],[120.04110717773472,16.191940307617188],[120.04110717773472,16.19189071655296],[120.04110717773472,16.191669464111328],[120.04083251953125,16.191389083862532],[120.04138946533203,16.190830230713004],[120.04138946533203,16.18972015380882],[120.04083251953125,16.1891708374024],[120.04055786132812,16.1891708374024],[120.04028320312545,16.188890457153263],[120.0397186279298,16.188890457153263],[120.0391998291019,16.18836975097662],[120.03888702392601,16.188060760498047],[120.03888702392601,16.18778038024908],[120.03901672363315,16.18737030029297],[120.0397186279298,16.187500000000114],[120.04051208496116,16.187500000000114],[120.04055786132812,16.187500000000114],[120.04067993164074,16.18762016296398],[120.04083251953125,16.18778038024908],[120.04110717773472,16.18778038024908],[120.04138946533203,16.188060760498047],[120.04165649414085,16.188060760498047],[120.04194641113304,16.1883296966555],[120.04222106933605,16.1883296966555],[120.04250335693416,16.188610076904297],[120.04250335693416,16.18931007385254],[120.04277801513683,16.1891708374024],[120.04360961914062,16.1891708374024],[120.04360961914062,16.18972015380882],[120.04332733154342,16.190000534057617],[120.04332733154342,16.190559387206974],[120.04277801513683,16.19111061096197],[120.04277801513683,16.192220687866325],[120.04360961914062,16.19305992126465],[120.04360961914062,16.193330764770508],[120.04389190673828,16.1936092376709],[120.04360961914062,16.193889617920036],[120.04389190673828,16.194169998169002],[120.04373168945324,16.19448089599632],[120.04360961914062,16.194719314575423],[120.04305267333984,16.195550918579215],[120.04332733154342,16.195829391479606],[120.04332733154342,16.196109771728743],[120.04360961914062,16.19639015197754],[120.04357910156318,16.19642066955589],[120.04305267333984,16.19695091247587],[120.04250335693416,16.19695091247587],[120.04138946533203,16.19805908203125]]],[[[120.03694152832031,16.19805908203125],[120.0374984741211,16.19805908203125],[120.03781127929699,16.1983699798584],[120.03806304931675,16.198610305786246],[120.03806304931675,16.198890686035213],[120.03797912597656,16.19897079467796],[120.03778076171875,16.199169158935604],[120.03778076171875,16.199440002441634],[120.03753662109432,16.199670791626033],[120.0374984741211,16.19972038269043],[120.0374984741211,16.200279235839957],[120.03723907470714,16.2005290985108],[120.0366668701173,16.20111083984375],[120.03610992431652,16.200559616088924],[120.03610992431652,16.199440002441634],[120.03639221191463,16.199169158935604],[120.03669738769554,16.198259353637866],[120.0367431640625,16.198049545288143],[120.03694152832031,16.19805908203125]]],[[[120.03305816650402,16.200279235839957],[120.03305816650402,16.200559616088924],[120.03333282470714,16.200830459594954],[120.03305816650402,16.20111083984375],[120.03305816650402,16.20134925842285],[120.03305816650402,16.20138931274414],[120.03250122070335,16.201940536499137],[120.0322189331057,16.201669692993107],[120.0322189331057,16.201629638671818],[120.0322189331057,16.20138931274414],[120.03202056884788,16.201190948486328],[120.0313873291019,16.200559616088924],[120.0305633544923,16.200559616088924],[120.03028106689464,16.200279235839957],[120.02999877929699,16.200279235839957],[120.02974700927734,16.2005290985108],[120.02971649169979,16.200559616088924],[120.0291671752932,16.200559616088924],[120.02909851074253,16.200630187988565],[120.02889251709053,16.200830459594954],[120.02873992919922,16.200820922851847],[120.02870941162143,16.20046997070324],[120.0280532836914,16.200559616088924],[120.0278167724615,16.200319290161246],[120.02777862548828,16.200279235839957],[120.02777862548828,16.200000762939396],[120.02803039550781,16.199750900268782],[120.0283432006836,16.199440002441634],[120.02889251709053,16.199440002441634],[120.0291671752932,16.199169158935604],[120.02990722656307,16.199169158935604],[120.0313873291019,16.199169158935604],[120.03166961669922,16.198890686035213],[120.03166961669922,16.198610305786246],[120.0313873291019,16.19832992553711],[120.03083038330078,16.19832992553711],[120.0305862426759,16.198089599609602],[120.0305633544923,16.19805908203125],[120.02999877929699,16.19805908203125],[120.02999877929699,16.197500228881893],[120.0305633544923,16.19695091247587],[120.0305633544923,16.196670532226506],[120.02971649169979,16.195829391479606],[120.02961730957043,16.195730209350586],[120.02950286865234,16.19552040100126],[120.02982330322277,16.194789886474666],[120.03000640869152,16.194599151611385],[120.0302276611335,16.194459915161133],[120.03045654296875,16.194360733032283],[120.03066253662121,16.19421005249029],[120.03089141845703,16.1941108703615],[120.03111267089844,16.193889617920036],[120.0319366455085,16.19305992126465],[120.0322189331057,16.19305992126465],[120.03278350830101,16.192499160766715],[120.03360748291061,16.192499160766715],[120.03388977050781,16.192779541015682],[120.0341567993164,16.192779541015682],[120.0344467163086,16.19305992126465],[120.03472137451172,16.19305992126465],[120.03500366210972,16.193330764770508],[120.03500366210972,16.193849563598576],[120.03500366210972,16.193889617920036],[120.03472137451172,16.194169998169002],[120.03472137451172,16.194440841675032],[120.03428649902355,16.194869995117415],[120.0341567993164,16.19499969482422],[120.03360748291061,16.19499969482422],[120.0335693359375,16.19495964050293],[120.03333282470714,16.194719314575423],[120.03305816650402,16.194719314575423],[120.03278350830101,16.194440841675032],[120.0322189331057,16.194440841675032],[120.0322189331057,16.194719314575423],[120.03253936767578,16.195039749145508],[120.03288269042991,16.195379257202205],[120.03305816650402,16.195550918579215],[120.033279418946,16.19577980041521],[120.03333282470714,16.195829391479606],[120.03278350830101,16.19639015197754],[120.03250122070335,16.19639015197754],[120.03234100341831,16.196550369262866],[120.0319366455085,16.19695091247587],[120.03278350830101,16.19778060913086],[120.03305816650402,16.197500228881893],[120.03305816650402,16.197219848632926],[120.03333282470714,16.19695091247587],[120.03333282470714,16.1968994140625],[120.03333282470714,16.19639015197754],[120.03360748291061,16.196109771728743],[120.03388977050781,16.196109771728743],[120.0341567993164,16.19639015197754],[120.0341567993164,16.196699142456282],[120.0341567993164,16.19778060913086],[120.0344467163086,16.19805908203125],[120.0344467163086,16.198610305786246],[120.03472137451172,16.198890686035213],[120.03472137451172,16.199169158935604],[120.03500366210972,16.199440002441634],[120.03500366210972,16.19972038269043],[120.0352783203125,16.200000762939396],[120.0352783203125,16.200279235839957],[120.03524780273494,16.20030975341814],[120.03500366210972,16.200559616088924],[120.03500366210972,16.200710296630916],[120.03500366210972,16.200830459594954],[120.03472137451172,16.20111083984375],[120.0344467163086,16.20111083984375],[120.0344467163086,16.200830459594954],[120.03388977050781,16.200279235839957],[120.03388977050781,16.200000762939396],[120.0336380004884,16.199750900268782],[120.0335922241211,16.19973945617687],[120.03352355957043,16.199810028076115],[120.03305816650402,16.200279235839957]]],[[[120.03028106689464,16.201669692993107],[120.03041839599678,16.201799392700252],[120.0305633544923,16.201940536499137],[120.0305633544923,16.202220916748104],[120.0305633544923,16.202499389648665],[120.03061676025425,16.20256996154791],[120.03083038330078,16.20277976989746],[120.03083038330078,16.20309066772461],[120.03083038330078,16.20332908630371],[120.0313873291019,16.203889846801815],[120.0313873291019,16.20503044128435],[120.0313873291019,16.205280303955135],[120.03111267089844,16.2055606842041],[120.03083038330078,16.2055606842041],[120.03028106689464,16.20499992370617],[120.03028106689464,16.20471954345703],[120.02999877929699,16.204450607299748],[120.02999877929699,16.20417022705078],[120.02971649169979,16.203889846801815],[120.02971649169979,16.20332908630371],[120.02944183349621,16.203060150146428],[120.02944183349621,16.20277976989746],[120.0291671752932,16.202499389648665],[120.0291671752932,16.201940536499137],[120.02944183349621,16.201669692993107],[120.03028106689464,16.201669692993107]]],[[[120.04165649414085,16.207500457763672],[120.04165649414085,16.20778083801264],[120.04154205322322,16.2078990936281],[120.04110717773472,16.20833015441906],[120.04000091552734,16.20833015441906],[120.03943634033214,16.20778083801264],[120.03916931152355,16.20778083801264],[120.03888702392601,16.207500457763672],[120.03806304931675,16.207500457763672],[120.0374984741211,16.20805931091303],[120.03721618652344,16.20805931091303],[120.03694152832031,16.20778083801264],[120.03679656982445,16.207359313964787],[120.0366668701173,16.20693969726574],[120.0366668701173,16.206670761108455],[120.03639221191463,16.206390380859318],[120.03639221191463,16.205280303955135],[120.0366668701173,16.20499992370617],[120.0366668701173,16.20471954345703],[120.03694152832031,16.204450607299748],[120.03694152832031,16.20417022705078],[120.03721618652344,16.203889846801815],[120.03721618652344,16.203609466552848],[120.03806304931675,16.20277976989746],[120.038330078125,16.20277976989746],[120.03916931152355,16.201940536499137],[120.03943634033214,16.201940536499137],[120.0397186279298,16.201669692993107],[120.04000091552734,16.201669692993107],[120.04044342041016,16.20211029052757],[120.04051208496116,16.202180862426815],[120.04055786132812,16.202220916748104],[120.04055786132812,16.202350616455078],[120.04055786132812,16.202499389648665],[120.03888702392601,16.20417022705078],[120.03888702392601,16.20471954345703],[120.03861236572334,16.20499992370617],[120.03861236572334,16.205280303955135],[120.038330078125,16.2055606842041],[120.038330078125,16.20611000061035],[120.03861236572334,16.206390380859318],[120.03888702392601,16.206390380859318],[120.03916931152355,16.206670761108455],[120.03962707519543,16.206670761108455],[120.04019165039062,16.206670761108455],[120.04028320312545,16.206670761108455],[120.04044342041016,16.2068195343017],[120.04055786132812,16.20693969726574],[120.04110717773472,16.20693969726574],[120.04165649414085,16.207500457763672]]],[[[120.00292205810558,16.21117019653343],[120.00250244140625,16.21138954162609],[120.00195312500011,16.21138954162609],[120.00166320800781,16.211109161376953],[120.0011062622076,16.211109161376953],[120.00083160400402,16.211099624634016],[120.00041961669967,16.21117019653343],[120.00023651123058,16.211149215698242],[120,16.211109161376953],[119.9997329711914,16.210830688476562],[119.99861145019531,16.210830688476562],[119.9983367919923,16.210559844970703],[119.99825286865291,16.210559844970703],[119.99764251708984,16.210559844970703],[119.99639129638672,16.210559844970703],[119.9961929321289,16.210750579833984],[119.99610900878906,16.210830688476562],[119.9955215454105,16.210830688476562],[119.99527740478527,16.210830688476562],[119.9952087402346,16.21076011657732],[119.9950027465826,16.210559844970703],[119.99472045898449,16.210559844970703],[119.99388885498047,16.20972061157238],[119.9950027465826,16.208610534668026],[119.99639129638672,16.208610534668026],[119.99667358398472,16.20833015441906],[119.99722290039131,16.20833015441906],[119.99749755859398,16.20805931091303],[119.99804687500011,16.20805931091303],[119.9983367919923,16.20833015441906],[119.99889373779342,16.20833015441906],[120,16.208610534668026],[120.00026702880882,16.208679199218693],[120.000350952149,16.208690643310774],[120.00064849853538,16.208900451660327],[120.0011062622076,16.209169387817383],[120.0013885498048,16.209169387817383],[120.00195312500011,16.20972061157238],[120.0022201538086,16.20972061157238],[120.00277709960972,16.210279464721737],[120.00292205810558,16.210559844970703],[120.00292205810558,16.21117019653343]]],[[[120.04174804687523,16.21130943298334],[120.04165649414085,16.21138954162609],[120.038330078125,16.21138954162609],[120.038330078125,16.211109161376953],[120.03806304931675,16.210830688476562],[120.038330078125,16.210559844970703],[120.038330078125,16.210279464721737],[120.03861236572334,16.20999908447277],[120.04000091552734,16.20999908447277],[120.04028320312545,16.20972061157238],[120.04094696044922,16.20972061157238],[120.04138946533203,16.20972061157238],[120.04165649414085,16.209440231323242],[120.04222106933605,16.209440231323242],[120.04250335693416,16.209169387817383],[120.04277801513683,16.209169387817383],[120.04332733154342,16.20972061157238],[120.04277801513683,16.210279464721737],[120.04277801513683,16.210559844970703],[120.04222106933605,16.211109161376953],[120.04194641113304,16.211109161376953],[120.04174804687523,16.21130943298334]]],[[[120.03682708740234,16.210559844970703],[120.03721618652344,16.210559844970703],[120.03730010986362,16.2108993530274],[120.03721618652344,16.211109161376953],[120.03721618652344,16.211669921875057],[120.0374984741211,16.211940765381087],[120.0374984741211,16.21332931518566],[120.03756713867188,16.213609695434798],[120.03778076171875,16.21417045593256],[120.03806304931675,16.214450836181925],[120.03806304931675,16.21456909179699],[120.03806304931675,16.215000152587947],[120.03778076171875,16.215280532836914],[120.03798675537155,16.216030120849553],[120.03721618652344,16.2161102294923],[120.03721618652344,16.215829849243164],[120.03694152832031,16.21556091308588],[120.03694152832031,16.215280532836914],[120.0366668701173,16.215000152587947],[120.0366668701173,16.21471977233898],[120.03652954101597,16.214450836181925],[120.03610992431652,16.214450836181925],[120.03555297851585,16.214450836181925],[120.0352783203125,16.21417045593256],[120.03500366210972,16.21417045593256],[120.03472137451172,16.213890075683594],[120.0348587036134,16.213750839233512],[120.03515625000011,16.21346092224121],[120.03575134277412,16.21336936950695],[120.03604888916016,16.21332931518566],[120.03639221191463,16.213260650634822],[120.03639984130916,16.21319007873535],[120.0364608764653,16.212770462036133],[120.03640747070335,16.211540222167912],[120.03624725341797,16.210830688476562],[120.03639221191463,16.210559844970703],[120.03682708740234,16.210559844970703]]],[[[120.04472351074287,16.215829849243164],[120.04398345947266,16.21632957458496],[120.04389190673828,16.216390609741268],[120.04389190673828,16.21666908264166],[120.0437469482423,16.216810226440543],[120.04332733154342,16.217220306396484],[120.04305267333984,16.217220306396484],[120.04277801513683,16.21693992614769],[120.04138946533203,16.21666908264166],[120.04110717773472,16.216390609741268],[120.04110717773472,16.21471977233898],[120.04138946533203,16.214450836181925],[120.04083251953125,16.213890075683594],[120.04055786132812,16.213890075683594],[120.04032135009788,16.214120864868164],[120.04028320312545,16.21417045593256],[120.04028320312545,16.214260101318644],[120.04028320312545,16.214889526367415],[120.04028320312545,16.215099334716967],[120.04028320312545,16.21556091308588],[120.04000091552734,16.215829849243164],[120.04000091552734,16.2161102294923],[120.03943634033214,16.21666908264166],[120.03888702392601,16.2161102294923],[120.03888702392601,16.215000152587947],[120.03916931152355,16.21471977233898],[120.03916931152355,16.21417045593256],[120.03888702392601,16.213890075683594],[120.03888702392601,16.213609695434798],[120.03861236572334,16.21332931518566],[120.03861236572334,16.21277999877924],[120.03888702392601,16.212499618530273],[120.03919219970771,16.212499618530273],[120.03943634033214,16.212499618530273],[120.0397186279298,16.212219238281477],[120.04194641113304,16.212219238281477],[120.04222106933605,16.212499618530273],[120.04222106933605,16.21277999877924],[120.04250335693416,16.21305084228527],[120.04250335693416,16.21417045593256],[120.04277801513683,16.214450836181925],[120.04277801513683,16.21471977233898],[120.04305267333984,16.215000152587947],[120.04332733154342,16.215000152587947],[120.04360961914062,16.21471977233898],[120.04360961914062,16.214679718017692],[120.04360961914062,16.214450836181925],[120.04389190673828,16.21417045593256],[120.04389190673828,16.21332931518566],[120.04416656494175,16.21305084228527],[120.04444122314453,16.21305084228527],[120.04505157470749,16.213670730590934],[120.04575347900413,16.214370727539176],[120.04582977294933,16.214450836181925],[120.04582977294933,16.21471977233898],[120.04472351074287,16.215829849243164]]],[[[120.05082702636787,16.21750068664545],[120.05110931396484,16.217779159546012],[120.05110931396484,16.21805953979498],[120.05142974853516,16.218490600586165],[120.05172729492233,16.218889236450195],[120.05166625976585,16.219169616699162],[120.05166625976585,16.219339370727596],[120.05166625976585,16.219440460205192],[120.05139160156318,16.21972084045416],[120.05139160156318,16.22014999389654],[120.05139160156318,16.220279693603516],[120.05082702636787,16.220279693603516],[120.05055236816406,16.21999931335472],[120.05049133300781,16.219800949096907],[120.05020904541027,16.21952056884777],[120.05000305175827,16.219310760498047],[120.05000305175827,16.21895980834961],[120.04972076416016,16.21750068664545],[120.05007934570347,16.21714973449724],[120.05027770996094,16.21693992614769],[120.05082702636787,16.21750068664545]]],[[[120.04611206054699,16.223890304565373],[120.04582977294933,16.223609924316406],[120.04582977294933,16.22332954406761],[120.04556274414085,16.223060607910156],[120.04556274414085,16.22193908691412],[120.04620361328136,16.221300125122184],[120.04638671875045,16.221109390258903],[120.04666900634766,16.221109390258903],[120.04694366455078,16.221109390258903],[120.04723358154297,16.22138977050787],[120.04750061035156,16.22138977050787],[120.04786682128906,16.22175979614252],[120.04805755615234,16.22193908691412],[120.04805755615234,16.222219467163086],[120.0483322143557,16.222499847412223],[120.04805755615234,16.22278022766119],[120.04778289794956,16.22278022766119],[120.04750061035156,16.223060607910156],[120.04723358154297,16.223060607910156],[120.04694366455078,16.22332954406761],[120.04666900634766,16.22332954406761],[120.04611206054699,16.223890304565373]]],[[[120.04972076416016,16.220560073852482],[120.05082702636787,16.221670150756836],[120.05110931396484,16.221670150756836],[120.0514068603519,16.221969604492244],[120.05222320556697,16.22278022766119],[120.05222320556697,16.22332954406761],[120.05222320556697,16.223609924316406],[120.05194091796886,16.223890304565373],[120.05166625976585,16.223609924316406],[120.05153656005905,16.223609924316406],[120.05110931396484,16.223609924316406],[120.05084991455078,16.223350524902457],[120.05027770996094,16.22278022766119],[120.05027770996094,16.222570419311467],[120.05027770996094,16.222499847412223],[120.04972076416016,16.22193908691412],[120.04945373535168,16.22193908691412],[120.04888916015636,16.22138977050787],[120.04888916015636,16.221109390258903],[120.04945373535168,16.220560073852482],[120.04972076416016,16.220560073852482]]],[[[120.0364608764653,16.142269134521484],[120.04615020751953,16.15266036987316],[120.0657882690432,16.172769546508846],[120.06569671630905,16.172819137573242],[120.06548309326183,16.172830581665153],[120.06494903564487,16.173000335693416],[120.06437683105503,16.173049926757812],[120.06405639648472,16.173049926757812],[120.06381225585972,16.17305946350092],[120.06323242187534,16.17305946350092],[120.0626602172855,16.173070907593],[120.0620727539067,16.173160552978516],[120.06146240234386,16.173320770263672],[120.06124877929688,16.17337036132824],[120.06083679199219,16.173460006714095],[120.06021118164062,16.1735897064209],[120.05959320068405,16.173690795898665],[120.0590209960942,16.173900604248047],[120.05848693847656,16.174169540405273],[120.0579833984375,16.174440383911133],[120.05745697021496,16.17470932006836],[120.05695343017578,16.17495918273937],[120.05644226074241,16.175239562988338],[120.0560073852539,16.175659179687614],[120.05558013916038,16.176109313964844],[120.0548477172855,16.176439285278377],[120.0544586181644,16.176359176635856],[120.05377960205078,16.176530838012695],[120.05372619628906,16.176670074462947],[120.0535888671875,16.177120208740178],[120.05333709716797,16.17778015136713],[120.0536117553711,16.178049087524414],[120.0536117553711,16.17944908142084],[120.05332946777344,16.17972946166998],[120.05249786376964,16.180559158325195],[120.05139160156318,16.180559158325195],[120.05103302001987,16.180189132690543],[120.04972076416016,16.178890228271484],[120.04945373535168,16.178890228271484],[120.04930114746162,16.1787490844726],[120.04860687255916,16.178049087524585],[120.04750061035156,16.178049087524585],[120.04709625244163,16.17844963073759],[120.04666900634766,16.178890228271484],[120.04666900634766,16.17917060852045],[120.04611206054699,16.17971992492687],[120.04666900634766,16.180280685424805],[120.04666900634766,16.180559158325195],[120.04750061035156,16.18139076232916],[120.04750061035156,16.18166923522955],[120.04778289794956,16.18194007873558],[120.04778289794956,16.18305969238287],[120.04805755615234,16.1833305358889],[120.0483322143557,16.1833305358889],[120.04915618896484,16.184169769287053],[120.04915618896484,16.184440612793082],[120.04945373535168,16.184719085693473],[120.04945373535168,16.185560226440373],[120.04915618896484,16.185829162597656],[120.04915618896484,16.186029434204045],[120.04915618896484,16.187219619750977],[120.04860687255916,16.18778038024908],[120.04860687255916,16.188060760498047],[120.04805755615234,16.188610076904297],[120.0483322143557,16.188890457153263],[120.0483322143557,16.18972015380882],[120.04805755615234,16.18972015380882],[120.04778289794956,16.190000534057617],[120.04778289794956,16.190370559692667],[120.04778289794956,16.190559387206974],[120.04692077636719,16.191419601440714],[120.04666900634766,16.191669464111328],[120.04649353027355,16.191669464111328],[120.04638671875045,16.191669464111328],[120.04624938964912,16.191810607910384],[120.04582977294933,16.192220687866325],[120.04556274414085,16.192220687866325],[120.0452804565432,16.192499160766715],[120.04503631591797,16.192499160766715],[120.04476928710938,16.192499160766715],[120.04444122314453,16.192499160766715],[120.04405975341797,16.19211959838873],[120.04389190673828,16.191940307617188],[120.04389190673828,16.191669464111328],[120.04472351074287,16.190830230713004],[120.04499816894554,16.190830230713004],[120.04518890380882,16.190650939941634],[120.0452804565432,16.190559387206974],[120.04515838623058,16.1904296875],[120.04472351074287,16.190000534057617],[120.04472351074287,16.1891708374024],[120.04502868652344,16.18885993957531],[120.04556274414085,16.1883296966555],[120.04556274414085,16.188060760498047],[120.0452804565432,16.18778038024908],[120.04499816894554,16.18778038024908],[120.04472351074287,16.187500000000114],[120.04444122314453,16.187500000000114],[120.04360961914062,16.186670303344727],[120.04360961914062,16.185829162597656],[120.04389190673828,16.185560226440373],[120.04389190673828,16.185279846191406],[120.04360961914062,16.18499946594261],[120.04332733154342,16.18499946594261],[120.04332733154342,16.185279846191406],[120.04305267333984,16.185560226440373],[120.04305267333984,16.185829162597656],[120.04232025146507,16.18656921386713],[120.04222106933605,16.186670303344727],[120.04215240478516,16.186670303344727],[120.04194641113304,16.186670303344727],[120.04165649414085,16.186950683593693],[120.04110717773472,16.186950683593693],[120.04083251953125,16.186670303344727],[120.04083251953125,16.18638992309576],[120.0413818359375,16.185909271240405],[120.04203033447277,16.185670852661303],[120.0426406860355,16.18499946594261],[120.04305267333984,16.184719085693473],[120.04326629638729,16.184440612793082],[120.04319763183662,16.184169769287053],[120.04332733154342,16.183889389038086],[120.04332733154342,16.183610916137695],[120.04305267333984,16.183610916137695],[120.04250335693416,16.183599472046183],[120.04176330566406,16.184280395507756],[120.04097747802791,16.184619903564453],[120.0397186279298,16.185829162597656],[120.03943634033214,16.185829162597656],[120.03916931152355,16.185560226440373],[120.03916931152355,16.185279846191406],[120.0397186279298,16.184719085693473],[120.0397186279298,16.184440612793082],[120.04000091552734,16.184169769287053],[120.04004669189453,16.184139251709098],[120.03962707519543,16.183870315551815],[120.03916931152355,16.183910369873104],[120.03872680664062,16.184120178222656],[120.03801727294933,16.184909820556754],[120.03768920898438,16.18531036376976],[120.03740692138672,16.185609817505167],[120.03678131103572,16.18626976013212],[120.0366668701173,16.18638992309576],[120.03639221191463,16.186670303344727],[120.03639221191463,16.186950683593693],[120.03721618652344,16.18778038024908],[120.03721618652344,16.187940597534237],[120.03721618652344,16.188060760498047],[120.03704071044967,16.188419342041016],[120.03694152832031,16.188610076904297],[120.03688812255882,16.188800811767578],[120.03681182861328,16.189100265503157],[120.03694152832031,16.189439773559684],[120.03721618652344,16.18972015380882],[120.0374984741211,16.18972015380882],[120.03778076171875,16.190000534057617],[120.038330078125,16.190000534057617],[120.03861236572334,16.18972015380882],[120.03888702392601,16.190000534057617],[120.03916931152355,16.190000534057617],[120.03970336914108,16.190530776977766],[120.04000091552734,16.190830230713004],[120.0397186279298,16.19111061096197],[120.03943634033214,16.19111061096197],[120.03827667236328,16.19111061096197],[120.03806304931675,16.19111061096197],[120.0380096435548,16.191059112549],[120.03778076171875,16.190830230713004],[120.03729248046909,16.190830230713004],[120.03721618652344,16.190830230713004],[120.03694152832031,16.19111061096197],[120.03639221191463,16.190559387206974],[120.03639221191463,16.190280914306584],[120.03604125976562,16.189929962158203],[120.03500366210972,16.188890457153263],[120.0344467163086,16.189439773559684],[120.03388977050781,16.189439773559684],[120.03305816650402,16.190280914306584],[120.03305816650402,16.190559387206974],[120.03278350830101,16.190830230713004],[120.03220367431697,16.19083976745611],[120.0320129394537,16.190980911254996],[120.03143310546932,16.190580368041992],[120.0313873291019,16.190559387206974],[120.03111267089844,16.1891708374024],[120.03111267089844,16.188890457153263],[120.03166961669922,16.188060760498047],[120.03250122070335,16.18638992309576],[120.03333282470714,16.185560226440373],[120.03333282470714,16.185279846191406],[120.03250122070335,16.184440612793082],[120.03108215332031,16.185440063476733],[120.0305633544923,16.18638992309576],[120.0305633544923,16.186670303344727],[120.0305633544923,16.187500000000114],[120.03028106689464,16.18778038024908],[120.03028106689464,16.188610076904297],[120.0305633544923,16.188890457153263],[120.03028106689464,16.1891708374024],[120.03028106689464,16.189439773559684],[120.0305633544923,16.18972015380882],[120.0305633544923,16.190000534057617],[120.03083038330078,16.190280914306584],[120.03083038330078,16.190530776977766],[120.03083038330078,16.190830230713004],[120.0305633544923,16.19111061096197],[120.0305633544923,16.191389083862532],[120.03028106689464,16.19165992736822],[120.02999877929699,16.191940307617188],[120.02944183349621,16.191389083862532],[120.02944183349621,16.191310882568587],[120.02944183349621,16.190830230713004],[120.0291671752932,16.190559387206974],[120.0291671752932,16.187500000000114],[120.02944183349621,16.187219619750977],[120.02944183349621,16.18656921386713],[120.02944183349621,16.186109542846793],[120.0291671752932,16.185829162597656],[120.0291671752932,16.185560226440373],[120.02944183349621,16.185279846191406],[120.0291671752932,16.18501091003435],[120.02913665771496,16.18478012084961],[120.02911376953125,16.18450927734375],[120.02886199951183,16.183929443359375],[120.02863311767578,16.183679580688533],[120.02835083007812,16.183479309082145],[120.02808380126964,16.183259963989485],[120.02773284912132,16.182790756225643],[120.02763366699241,16.182670593261776],[120.02745819091797,16.182239532470817],[120.02731323242233,16.181770324707145],[120.02725982666038,16.18127059936552],[120.027381896973,16.180789947509766],[120.02784729003906,16.180500030517862],[120.02832794189487,16.180400848388672],[120.02863311767578,16.180149078369254],[120.02868652343773,16.179870605468864],[120.0286483764653,16.17950057983404],[120.02860260009766,16.17917060852045],[120.02852630615268,16.178880691528377],[120.02842712402344,16.178739547729492],[120.02837371826183,16.17864036560087],[120.02819061279354,16.17844963073759],[120.0280532836914,16.178279876709155],[120.0280532836914,16.178049087524585],[120.02889251709053,16.177219390869368],[120.02889251709053,16.17638969421398],[120.0280532836914,16.175279617309627],[120.02694702148449,16.173889160156477],[120.02610778808616,16.173610687255916],[120.02555847167969,16.17333030700695],[120.02493286132812,16.173309326172102],[120.02423858642578,16.17252922058111],[120.02420806884788,16.172500610351562],[120.0239181518557,16.172000885009766],[120.02366638183594,16.171499252319336],[120.02327728271484,16.171129226684684],[120.02284240722668,16.170869827270565],[120.02236938476574,16.170690536498967],[120.02192687988281,16.17052078247076],[120.02110290527344,16.17017936706543],[120.02104949951183,16.170129776001033],[120.02027893066418,16.16945075988764],[120.02027893066418,16.16860961914074],[120.01999664306675,16.1683292388916],[120.01972198486351,16.1683292388916],[120.01915740966842,16.168889999389705],[120.01889038085938,16.16945075988764],[120.01875305175793,16.169710159301815],[120.01860046386753,16.169969558715934],[120.01809692382835,16.1702499389649],[120.01702880859386,16.17064094543457],[120.01653289794922,16.170839309692383],[120.01645660400402,16.1708602905274],[120.01606750488293,16.17098045349144],[120.01479339599643,16.17078018188488],[120.01441192626987,16.170719146728572],[120.01374053955078,16.1708602905274],[120.01310729980469,16.171060562133846],[120.01304626464866,16.171100616455135],[120.01258087158203,16.17136955261236],[120.01216125488293,16.171789169311637],[120.01167297363327,16.172500610351562],[120.01110839843761,16.173610687255916],[120.01110839843761,16.173759460449332],[120.01110839843761,16.174440383911133],[120.01139068603516,16.175830841064453],[120.01143646240234,16.17637062072754],[120.01142883300804,16.17664909362793],[120.01161956787132,16.176910400390682],[120.01162719726562,16.1771697998048],[120.01175689697266,16.17750930786127],[120.01171875000045,16.178020477295036],[120.01141357421909,16.178680419921932],[120.01112365722668,16.179380416870174],[120.01083374023472,16.17971992492687],[120.01055908203136,16.180280685424805],[120.01053619384777,16.181320190429915],[120.01032257080078,16.181619644165153],[120.01007080078159,16.181829452514705],[120.00984954833984,16.18207931518549],[120.0095901489259,16.182340621948242],[120.00927734375,16.182590484619197],[120.00871276855469,16.183069229126033],[120.00805664062511,16.183610916137695],[120.00794982910156,16.184459686279354],[120.00791931152378,16.184719085693473],[120.00805664062511,16.18499946594261],[120.00805664062511,16.186109542846793],[120.00776672363281,16.18638992309576],[120.00749969482433,16.18638992309576],[120.00749969482433,16.187500000000114],[120.0072174072269,16.18778038024908],[120.0072174072269,16.1883296966555],[120.00749969482433,16.188610076904297],[120.00718688964844,16.188899993896598],[120.00713348388695,16.18950080871582],[120.00602722167969,16.190910339355582],[120.00563812255893,16.191360473632812],[120.00507354736328,16.19165992736822],[120.00459289550781,16.19205093383789],[120.00427246093773,16.192710876464844],[120.00396728515659,16.193229675292912],[120.00370788574264,16.193670272827376],[120.00286102294922,16.194360733032283],[120.00245666503929,16.194189071655273],[120.00222778320312,16.193769454955998],[120.00198364257835,16.1936092376709],[120.00155639648483,16.193420410156193],[120.00115203857422,16.193710327148494],[120.0005874633789,16.194419860839844],[120.00026702880882,16.195220947265682],[120,16.195829391479606],[119.99920654296909,16.195829391479606],[119.9991683959961,16.195829391479606],[119.9990463256836,16.19594001770031],[119.99889373779342,16.196109771728743],[119.99883270263695,16.196109771728743],[119.99777984619152,16.196109771728743],[119.99749755859398,16.195829391479606],[119.9969482421875,16.195829391479606],[119.99630737304688,16.195829391479606],[119.99588775634834,16.196239471435547],[119.9953918457037,16.1970596313476],[119.99535369873047,16.19725036621088],[119.99519348144588,16.198020935058764],[119.99532318115303,16.1984291076663],[119.99546813964855,16.19903945922863],[119.99532318115303,16.199380874633732],[119.99504089355469,16.19952011108421],[119.99433898925793,16.19985961914091],[119.9936294555664,16.20013046264654],[119.99347686767635,16.20015907287592],[119.99211883544922,16.200370788574446],[119.99166870117199,16.20079994201683],[119.99124145507812,16.20125007629423],[119.99082183837913,16.20170021057146],[119.99041748046886,16.202159881591797],[119.9899368286134,16.202510833740405],[119.98944091796875,16.20277976989746],[119.98916625976608,16.202499389648665],[119.98889160156261,16.202499389648665],[119.98860931396496,16.202220916748104],[119.98832702636776,16.202220916748104],[119.98805236816418,16.202499389648665],[119.9875030517585,16.202499389648665],[119.98665618896484,16.201669692993107],[119.98665618896484,16.200559616088924],[119.98695373535156,16.200279235839957],[119.98695373535156,16.19972038269043],[119.98583221435547,16.198610305786246],[119.98555755615246,16.198890686035213],[119.98555755615246,16.199169158935604],[119.98528289794979,16.199440002441634],[119.98528289794979,16.200279235839957],[119.98500061035168,16.200559616088924],[119.98500061035168,16.201669692993107],[119.98388671875034,16.20277976989746],[119.98332977294922,16.20277976989746],[119.98306274414108,16.203060150146428],[119.98278045654297,16.203060150146428],[119.98249816894543,16.20277976989746],[119.98249816894543,16.202499389648665],[119.98222351074276,16.202220916748104],[119.98198699951206,16.20216941833513],[119.98162841796875,16.202009201049805],[119.98123168945312,16.201940536499137],[119.98082733154365,16.201940536499137],[119.98055267333984,16.201940536499137],[119.98000335693405,16.20138931274414],[119.97972106933594,16.20138931274414],[119.97915649414062,16.201940536499137],[119.98017883300781,16.20295906066923],[119.98055267333984,16.20332908630371],[119.98069763183628,16.203460693359432],[119.98108673095737,16.203590393066406],[119.98149871826172,16.203670501708984],[119.98185729980491,16.203849792480526],[119.98210906982467,16.20417022705078],[119.98204040527378,16.20458030700695],[119.98197937011753,16.204679489135742],[119.98178863525425,16.204980850219727],[119.98148345947288,16.205350875854606],[119.98120880126999,16.205720901489258],[119.98103332519565,16.206159591674748],[119.98085021972656,16.206550598144645],[119.98069000244152,16.206930160522404],[119.98046875,16.207319259643555],[119.98018646240234,16.207719802856502],[119.97985076904308,16.208080291748047],[119.97955322265659,16.20844078063959],[119.97944641113293,16.208890914916992],[119.97833251953148,16.20999908447277],[119.97805786132812,16.20999908447277],[119.97778320312534,16.210279464721737],[119.97756195068371,16.210279464721737],[119.97750091552734,16.210279464721737],[119.97721862793003,16.210559844970703],[119.97693634033203,16.210559844970703],[119.97693634033203,16.210279464721737],[119.97666931152344,16.20999908447277],[119.97666931152344,16.209440231323242],[119.97721862793003,16.208890914916992],[119.97693634033203,16.208610534668026],[119.97666931152344,16.208610534668026],[119.97611236572277,16.20805931091303],[119.97611236572277,16.20778083801264],[119.97583007812511,16.207500457763672],[119.97583007812511,16.207220077514876],[119.97611236572277,16.20693969726574],[119.97528076171898,16.20611000061035],[119.97499847412132,16.20611000061035],[119.97471618652389,16.206390380859318],[119.97471618652389,16.206670761108455],[119.97460937500023,16.207260131836165],[119.97509765625045,16.208490371704215],[119.97545623779308,16.209510803222656],[119.97545623779308,16.209989547729492],[119.97502899169922,16.210260391235295],[119.97416687011753,16.210279464721737],[119.97389221191406,16.210279464721737],[119.9734878540039,16.210260391235295],[119.97297668457043,16.210329055786133],[119.97250366210972,16.210559844970703],[119.97222137451183,16.210559844970703],[119.97165679931663,16.211109161376953],[119.97138977050781,16.211109161376953],[119.9711074829105,16.21138954162609],[119.9711074829105,16.211940765381087],[119.97171783447266,16.21254920959467],[119.97194671630882,16.21277999877924],[119.97222137451183,16.21277999877924],[119.97277832031261,16.21332931518566],[119.97277832031261,16.21471977233898],[119.97444152832031,16.216390609741268],[119.97556304931663,16.216989517211914],[119.97605133056686,16.217199325561637],[119.97844696044922,16.218969345092773],[119.98071289062523,16.221160888671932],[119.9807815551759,16.222179412841797],[119.9799270629884,16.223199844360465],[119.97888183593761,16.22456932067894],[119.9782485961914,16.224840164184627],[119.97775268554699,16.22491073608421],[119.97705078125,16.225179672241325],[119.9766235351567,16.225179672241325],[119.97651672363304,16.225090026855412],[119.9763412475586,16.22491073608421],[119.97627258300781,16.22422981262207],[119.97605895996139,16.22381973266613],[119.9753570556644,16.224159240722656],[119.97451019287121,16.22422981262207],[119.97367095947266,16.224100112915266],[119.97261047363304,16.224239349365178],[119.9725570678711,16.224880218505916],[119.97254180908203,16.225049972534123],[119.97210693359386,16.226079940795955],[119.97176361083984,16.226280212402344],[119.9705581665039,16.226539611816463],[119.97000122070312,16.226669311523438],[119.96959686279297,16.22656059265131],[119.9692535400394,16.226089477539062],[119.9692535400394,16.225540161132812],[119.96897125244152,16.22526931762701],[119.96868896484409,16.22526931762701],[119.96819305419933,16.225540161132812],[119.9674072265625,16.22615051269554],[119.96723937988293,16.226490020752067],[119.96685028076217,16.227249145507812],[119.96691894531284,16.22772026062006],[119.96720123291016,16.228069305419922],[119.96758270263672,16.22825050354004],[119.96833038330078,16.228609085083008],[119.9683609008789,16.228639602661133],[119.96861267089889,16.228889465332145],[119.96861267089889,16.22944068908714],[119.96749877929688,16.230560302734432],[119.96721649169922,16.230560302734432],[119.9669418334961,16.230829238891715],[119.96666717529308,16.230829238891715],[119.9661102294923,16.230279922485295],[119.96555328369163,16.230279922485295],[119.9647216796875,16.231109619140852],[119.96444702148438,16.231109619140852],[119.96415710449219,16.23138999938965],[119.96333312988293,16.23138999938965],[119.9630584716798,16.231670379638615],[119.96278381347679,16.231670379638615],[119.96193695068405,16.230829238891715],[119.96193695068405,16.230279922485295],[119.961669921875,16.229999542236328],[119.961669921875,16.228609085083008],[119.96138763427768,16.228330612182617],[119.96138763427768,16.226940155029297],[119.96145629882835,16.225540161132812],[119.961669921875,16.2244491577149],[119.961669921875,16.222339630126953],[119.961669921875,16.22193908691412],[119.96138763427768,16.221670150756836],[119.96138763427768,16.22138977050787],[119.96111297607422,16.221109390258903],[119.96111297607422,16.21999931335472],[119.96083068847656,16.21972084045416],[119.96028137207043,16.21972084045416],[119.95999908447277,16.21999931335472],[119.95834350585938,16.21999931335472],[119.95805358886719,16.220279693603516],[119.95777893066406,16.220279693603516],[119.95686340332065,16.221029281616154],[119.9564437866211,16.222459793090763],[119.9564437866211,16.223140716552734],[119.95649719238304,16.223899841308707],[119.95665740966808,16.225559234619084],[119.95665740966808,16.225830078125114],[119.95673370361374,16.227060317993164],[119.95673370361374,16.227809906005973],[119.95659637451217,16.229179382324276],[119.95639038085949,16.230279922485295],[119.95628356933628,16.230379104614315],[119.95610809326195,16.230560302734432],[119.95610809326195,16.231180191040096],[119.95610809326195,16.23195075988781],[119.95588684082031,16.23217010498047],[119.95583343505905,16.232219696045036],[119.95583343505905,16.232410430908317],[119.95583343505905,16.233060836791935],[119.95564270019577,16.23324966430664],[119.95555877685547,16.23332977294922],[119.95555877685547,16.233610153198356],[119.95555877685547,16.233890533447322],[119.95545196533249,16.233989715576172],[119.95527648925815,16.23417091369629],[119.95527648925815,16.234439849853743],[119.95500183105469,16.23472023010254],[119.95500183105469,16.235000610351506],[119.95513916015659,16.235139846801815],[119.95527648925815,16.235279083252067],[119.95527648925815,16.235830307007063],[119.95443725585938,16.236669540405217],[119.95381164550815,16.237140655517635],[119.95133972167991,16.23761940002447],[119.94999694824253,16.23777961730957],[119.94805908203125,16.23777961730957],[119.94777679443405,16.238059997558537],[119.94750213623058,16.23777961730957],[119.94695281982445,16.23777961730957],[119.94666290283214,16.237499237060774],[119.94638824462913,16.237499237060774],[119.94613647460938,16.23724937438959],[119.94583129882812,16.236940383911246],[119.94555664062534,16.237220764160213],[119.94526672363281,16.237220764160213],[119.9451370239259,16.23736000061035],[119.94499969482422,16.237499237060774],[119.94471740722702,16.237499237060774],[119.94333648681663,16.238889694213924],[119.94277954101562,16.238889694213924],[119.94249725341831,16.238609313964957],[119.94222259521484,16.238889694213924],[119.94194793701172,16.238609313964957],[119.94167327880905,16.238609313964957],[119.94139099121094,16.238889694213924],[119.9402770996096,16.238889694213924],[119.9400024414067,16.23917007446289],[119.93888854980469,16.23917007446289],[119.93860626220703,16.23944091796875],[119.93750000000011,16.23944091796875],[119.93723297119163,16.23971939086914],[119.9366683959961,16.23971939086914],[119.93657684326217,16.23975944519043],[119.93601989746128,16.240009307861442],[119.93560791015648,16.24056053161621],[119.93524932861362,16.241029739379883],[119.93433380126953,16.242670059204215],[119.93412017822266,16.243829727172795],[119.93389129638695,16.24444007873535],[119.9327774047855,16.24444007873535],[119.93256378173874,16.244220733642692],[119.93250274658203,16.244169235229492],[119.93222045898438,16.244169235229492],[119.9316635131836,16.243610382080135],[119.93138885498058,16.243610382080135],[119.9308319091798,16.244169235229492],[119.9308319091798,16.24444007873535],[119.93055725097679,16.24472045898449],[119.93055725097679,16.245000839233455],[119.9302673339846,16.245279312133846],[119.9302673339846,16.245559692382812],[119.9286117553711,16.247219085693587],[119.9286117553711,16.248609542846907],[119.92888641357467,16.248889923095703],[119.92888641357467,16.24917030334467],[119.9286117553711,16.249450683593864],[119.9286117553711,16.24971961975109],[119.92833709716808,16.25],[119.9277114868164,16.25],[119.9265289306644,16.24891090393072],[119.9258499145509,16.2473602294923],[119.92622375488327,16.245769500732536],[119.92733001708984,16.24350929260254],[119.92942810058594,16.23966026306158],[119.93087005615268,16.2371501922608],[119.93376159667969,16.235160827636832],[119.93640899658203,16.234130859375057],[119.9390487670903,16.232700347900447],[119.94011688232422,16.231470108032227],[119.94403839111328,16.23236083984375],[119.94510650634811,16.232650756835994],[119.94647216796886,16.230949401855582],[119.94719696044967,16.22825050354004],[119.94695281982445,16.22517013549816],[119.94525909423828,16.222469329834098],[119.94377136230514,16.221450805664176],[119.94175720214844,16.218950271606673],[119.9415435791019,16.217029571533203],[119.94281768798874,16.215780258178768],[119.94429016113304,16.21489906311035],[119.94567108154342,16.214910507202262],[119.94802093505905,16.213140487670955],[119.94838714599632,16.21133041381836],[119.94738006591797,16.21099090576172],[119.94525146484375,16.210729598998967],[119.94352722167991,16.2102108001709],[119.942176818848,16.209619522094783],[119.94075775146507,16.20779991149908],[119.9367065429692,16.20189094543457],[119.92756652832043,16.186750411987305],[119.92236328125,16.17832946777355],[119.91929626464866,16.17337036132824],[119.91005706787155,16.158649444580078],[119.90326690673862,16.14744949340826],[119.89729309082065,16.137830734253043],[119.88870239257858,16.129240036010856],[119.89646148681686,16.122240066528548],[119.89920043945347,16.120380401611555],[119.90361785888672,16.118480682373274],[119.90854644775425,16.11648941040039],[119.91224670410179,16.115360260009766],[119.91319274902366,16.11445045471197],[119.91663360595726,16.11333084106468],[119.91986083984409,16.111930847168082],[119.9205703735355,16.111330032348633],[119.92281341552746,16.109659194946516],[119.92693328857445,16.106849670410156],[119.92820739746094,16.104999542236442],[119.93064880371116,16.102870941162223],[119.93105316162143,16.1005096435548],[119.93155670166061,16.09947013854986],[119.93332672119186,16.097389221191463],[119.9338836669923,16.09502029418968],[119.93498992919967,16.092569351196232],[119.93550109863315,16.08888053894043],[119.93536376953125,16.086750030517578],[119.93572235107422,16.086080551147518],[119.93663024902355,16.08404922485346],[119.93750762939464,16.081590652465877],[119.93872833251964,16.080629348754883],[119.94242858886764,16.080190658569563],[119.9451522827153,16.08054924011236],[119.94854736328136,16.081190109253043],[119.95075225830112,16.080739974975643],[119.95317077636764,16.081029891967717],[119.95871734619175,16.080629348754883],[119.96495056152355,16.078130722046012],[119.96723937988293,16.0762996673584],[119.96942138671875,16.075170516967773],[119.972450256348,16.072559356689567],[119.99208831787143,16.092039108276424],[119.99313354492188,16.09337043762207],[119.99482727050804,16.094959259033203],[119.99887084960938,16.10041046142578],[120.0096664428711,16.11240959167486],[120.02208709716831,16.126070022583065],[120.02519226074219,16.129680633544922],[120.03278350830101,16.138120651245117],[120.0364608764653,16.142269134521484]]]]},"properties":{"ID_0":177,"ISO":"PHL","NAME_0":"Philippines","ID_1":61,"NAME_1":"Pangasinan","ID_2":1240,"NAME_2":"Alaminos City","NL_NAME_2":null,"VARNAME_2":null,"TYPE_2":"Lungsod|Siyudad","ENGTYPE_2":"City","PROVINCE":"Pangasinan","REGION":"Ilocos Region (Region I)"}},
{"type":"Feature","geometry":{"type":"Polygon","coordinates":[[[120.57988739013683,15.85774040222168],[120.57911682128918,15.858050346374512],[120.57762908935592,15.859029769897404],[120.57570648193371,15.860460281372013],[120.57393646240234,15.861049652099723],[120.57312011718784,15.861180305481014],[120.57164001464844,15.86161994934082],[120.56931304931675,15.862099647522086],[120.56677246093784,15.863940238952637],[120.56497955322266,15.864549636840877],[120.56410980224643,15.865139961242676],[120.5637435913086,15.865429878234977],[120.56347656250011,15.865599632263184],[120.56005859375011,15.867400169372672],[120.55792236328125,15.868889808654785],[120.55491638183605,15.871350288391227],[120.55316925048874,15.873419761657715],[120.55296325683594,15.873900413513297],[120.55357360839855,15.875349998474178],[120.55435180664085,15.876250267028809],[120.55506896972702,15.877539634704533],[120.55596160888706,15.878609657287598],[120.55635833740257,15.879019737243766],[120.55692291259788,15.879770278930664],[120.55745697021484,15.88053989410406],[120.55818176269577,15.881270408630598],[120.55874633789108,15.881770133972225],[120.560096740723,15.882710456848145],[120.5607681274414,15.882929801941032],[120.5639038085942,15.884200096130485],[120.56385040283249,15.884449958801326],[120.56413269042969,15.884810447692871],[120.56472778320347,15.885210037231559],[120.56580352783249,15.88601016998291],[120.5677871704105,15.886989593505973],[120.5660400390625,15.88687992095953],[120.56475067138695,15.88661956787115],[120.56262207031261,15.885470390319767],[120.56124877929722,15.884790420532283],[120.55069732666027,15.88160037994379],[120.53031921386741,15.874580383300781],[120.52860260009788,15.874650001526106],[120.5123062133789,15.869299888610954],[120.50945281982422,15.86868000030529],[120.50179290771518,15.866209983825911],[120.50058746337925,15.866200447082633],[120.48940277099632,15.863129615783691],[120.49208068847679,15.850749969482536],[120.49224853515659,15.848670005798397],[120.49224090576183,15.84807014465332],[120.49339294433628,15.845120429992676],[120.49413299560547,15.83771991729742],[120.49471282958984,15.833909988403434],[120.49403381347702,15.832599639892692],[120.4930419921875,15.831789970398006],[120.49658966064487,15.831600189209041],[120.4974365234375,15.83156967163086],[120.51184844970737,15.83209037780773],[120.51464843750011,15.832180023193587],[120.52091979980469,15.832059860229549],[120.52649688720714,15.83191967010498],[120.52854919433594,15.832050323486442],[120.53005981445312,15.832110404968262],[120.53294372558639,15.831999778747559],[120.53608703613281,15.83191967010498],[120.5375671386721,15.831939697265739],[120.540077209473,15.832010269165153],[120.54135894775402,15.831930160522404],[120.54415893554688,15.832189559936523],[120.54698181152355,15.832240104675236],[120.55032348632824,15.832200050353947],[120.55435943603561,15.832139968872298],[120.56302642822288,15.832030296325684],[120.57302856445324,15.832280158996696],[120.57312774658237,15.833930015563965],[120.5738525390625,15.835860252380428],[120.57492065429699,15.839019775390739],[120.57685852050804,15.845749855041447],[120.57988739013683,15.85774040222168]]]},"properties":{"ID_0":177,"ISO":"PHL","NAME_0":"Philippines","ID_1":61,"NAME_1":"Pangasinan","ID_2":1241,"NAME_2":"Alcala","NL_NAME_2":null,"VARNAME_2":null,"TYPE_2":"Bayan|Munisipyo","ENGTYPE_2":"Municipality","PROVINCE":"Pangasinan","REGION":"Ilocos Region (Region I)"}},
{"type":"Feature","geometry":{"type":"MultiPolygon","coordinates":[[[[119.93694305419945,16.2691707611084],[119.93652343750045,16.2691707611084],[119.93639373779331,16.2691707611084],[119.93611145019531,16.268890380859432],[119.93611145019531,16.268610000610465],[119.93583679199219,16.268329620361328],[119.93583679199219,16.268060684204045],[119.93611145019531,16.267780303955078],[119.93611145019531,16.26749992370611],[119.93639373779331,16.267219543457145],[119.9366683959961,16.267219543457145],[119.93723297119163,16.266670227050724],[119.93750000000011,16.266670227050724],[119.9380569458009,16.267219543457145],[119.9383316040039,16.267219543457145],[119.93860626220703,16.26749992370611],[119.93860626220703,16.267780303955078],[119.93811798095737,16.268270492553768],[119.93750000000011,16.268890380859432],[119.93723297119163,16.268890380859432],[119.93694305419945,16.2691707611084]]],[[[120.0258331298835,16.32090950012224],[120.0250015258789,16.320280075073242],[120.0250015258789,16.319999694824276],[120.0244369506836,16.31944084167492],[120.0244369506836,16.31916999816889],[120.02445220947311,16.318820953369254],[120.024169921875,16.3174991607666],[120.024169921875,16.31708908081066],[120.024169921875,16.31673049926752],[120.024169921875,16.316669464111385],[120.0244369506836,16.31638908386242],[120.02471923828125,16.31638908386242],[120.0257034301759,16.3174991607666],[120.0257568359375,16.318330764770565],[120.02639007568371,16.318889617919922],[120.02639007568371,16.31971931457531],[120.0266571044923,16.319999694824276],[120.0266571044923,16.3205509185791],[120.02639007568371,16.3205509185791],[120.0258331298835,16.32090950012224]]],[[[119.9495086669923,16.340309143066577],[119.94931030273449,16.340799331665266],[119.94931030273449,16.341409683227596],[119.94915008544945,16.341960906982422],[119.94892120361374,16.34247970581049],[119.94867706298851,16.342990875244197],[119.94844055175781,16.34349060058622],[119.94817352294933,16.343990325927848],[119.94786834716797,16.34449958801281],[119.94734954833984,16.34489059448248],[119.94683074951183,16.345249176025447],[119.94631195068393,16.34553909301752],[119.94589996337902,16.345729827880803],[119.9457778930664,16.345779418945597],[119.94521331787121,16.345920562744084],[119.94468688964844,16.346059799194393],[119.94444274902344,16.34610939025879],[119.94416809082043,16.346389770507756],[119.94389343261776,16.346389770507756],[119.94361114501964,16.34610939025879],[119.94361114501964,16.346019744873274],[119.94361114501964,16.34556007385254],[119.94304656982445,16.344999313354606],[119.94304656982445,16.34416961669922],[119.9428863525394,16.34400939941412],[119.94249725341831,16.34361076354986],[119.94249725341831,16.343330383300895],[119.94304656982445,16.34276962280279],[119.94304656982445,16.341430664062443],[119.94304656982445,16.341390609741154],[119.94249725341831,16.34082984924339],[119.94249725341831,16.340560913086165],[119.94277954101562,16.34028053283697],[119.94361114501964,16.34028053283697],[119.94387817382824,16.34012985229498],[119.94420623779365,16.340209960937727],[119.94465637207088,16.34024047851591],[119.9451370239259,16.34020042419462],[119.94554901123081,16.340080261230582],[119.94592285156318,16.339939117431697],[119.94619750976585,16.339719772338867],[119.94611358642646,16.339719772338867],[119.94638824462913,16.33945083618181],[119.94638824462913,16.339170455932617],[119.94722747802746,16.33831977844261],[119.94754028320312,16.338020324707202],[119.94833374023438,16.337219238281364],[119.94972229003929,16.336879730224666],[119.9507827758789,16.336879730224666],[119.95184326171909,16.33736038208025],[119.95218658447277,16.338039398193416],[119.95213317871094,16.338720321655217],[119.95176696777344,16.339609146118164],[119.95143890380882,16.339839935302905],[119.95134735107445,16.339860916137752],[119.95102691650402,16.33991050720215],[119.95062255859375,16.33989906311041],[119.95023345947266,16.33991050720215],[119.9498519897461,16.340019226074446],[119.9495086669923,16.340309143066577]]],[[[119.9897232055664,16.34889030456543],[119.98999786376987,16.349170684814396],[119.98999786376987,16.350000381469783],[119.98954772949264,16.3504390716555],[119.98944091796875,16.35055923461914],[119.98916625976608,16.35055923461914],[119.98777770996116,16.349170684814396],[119.9875030517585,16.349170684814396],[119.98722076416016,16.34889030456543],[119.98695373535156,16.34889030456543],[119.98665618896484,16.348609924316463],[119.9858169555664,16.348609924316463],[119.98473358154297,16.348609924316463],[119.98452758789085,16.348419189453182],[119.98444366455146,16.348329544067496],[119.98416900634766,16.348329544067496],[119.98361206054688,16.347780227661076],[119.98306274414108,16.347780227661076],[119.98278045654297,16.34749984741211],[119.98249816894543,16.34749984741211],[119.98222351074276,16.347780227661076],[119.98194122314464,16.34749984741211],[119.98139190673896,16.34749984741211],[119.98110961914062,16.347219467163313],[119.98027801513672,16.347219467163313],[119.98004150390636,16.34745979309082],[119.97972106933594,16.347780227661076],[119.97937011718807,16.34741973876953],[119.97915649414062,16.347219467163313],[119.97888946533214,16.347219467163313],[119.97860717773494,16.34749984741211],[119.97805786132812,16.34749984741211],[119.97750091552734,16.34806060791044],[119.97721862793003,16.34806060791044],[119.97666931152344,16.348609924316463],[119.97638702392624,16.348609924316463],[119.97611236572277,16.34889030456543],[119.97528076171898,16.34889030456543],[119.97499847412132,16.349170684814396],[119.97444152832031,16.349170684814396],[119.97389221191406,16.349720001220817],[119.97334289550793,16.349720001220817],[119.97281646728584,16.35024070739769],[119.97277832031261,16.35028076171875],[119.97274017333984,16.35024070739769],[119.97250366210994,16.350000381469783],[119.97194671630882,16.350000381469783],[119.97165679931663,16.349720001220817],[119.9715805053711,16.349720001220817],[119.97138977050781,16.349720001220817],[119.97000122070312,16.348329544067496],[119.97000122070312,16.34806060791044],[119.96806335449253,16.34610939025879],[119.96806335449253,16.3458309173584],[119.96801757812511,16.345800399780444],[119.96749877929688,16.345279693603572],[119.96721649169922,16.345279693603572],[119.9669418334961,16.344999313354606],[119.96666717529308,16.344999313354606],[119.9661636352539,16.34449958801281],[119.96555328369163,16.343889236450252],[119.96555328369163,16.343330383300895],[119.96527862548828,16.343059539794865],[119.96527862548828,16.3427791595459],[119.96499633789131,16.342500686645508],[119.96499633789131,16.341939926147575],[119.96527862548828,16.341669082641545],[119.96527862548828,16.340560913086165],[119.96555328369163,16.34028053283697],[119.96555328369163,16.340000152587834],[119.96527862548828,16.339719772338867],[119.96527862548828,16.33945083618181],[119.9661102294923,16.338609695434684],[119.9661102294923,16.337779998779297],[119.96636962890625,16.337520599365178],[119.96639251709018,16.337409973144645],[119.96639251709018,16.337219238281364],[119.96666717529308,16.336940765380973],[119.96666717529308,16.336389541625977],[119.96639251709018,16.33610916137718],[119.96639251709018,16.33583068847662],[119.9661102294923,16.33555984497076],[119.9661102294923,16.335279464721623],[119.96527862548828,16.33444023132347],[119.96527862548828,16.33416938781744],[119.96499633789108,16.33389091491705],[119.96499633789108,16.331939697265625],[119.9647216796875,16.33167076110834],[119.9647216796875,16.330829620361442],[119.96444702148438,16.330560684204215],[119.96444702148438,16.33028030395502],[119.96499633789108,16.32971954345726],[119.96499633789108,16.32945060729986],[119.96527862548828,16.329170227050838],[119.96527862548828,16.3288898468017],[119.96555328369163,16.328609466552734],[119.96499633789108,16.328060150146484],[119.96499633789108,16.32749938964855],[119.9638900756836,16.326389312744197],[119.96317291259788,16.32575035095209],[119.96295928955112,16.32506942749029],[119.96238708496128,16.32424926757824],[119.96211242675793,16.32377052307129],[119.96250152587913,16.323059082031307],[119.96250152587913,16.322780609130916],[119.96111297607422,16.321390151977596],[119.96056365966808,16.321390151977596],[119.96056365966808,16.321670532226562],[119.95999908447277,16.322219848632812],[119.95944213867199,16.321670532226562],[119.95944213867199,16.321390151977596],[119.95889282226608,16.320829391479492],[119.95889282226608,16.3205509185791],[119.95881652832031,16.320430755615234],[119.95861053466797,16.319999694824276],[119.95861053466797,16.31971931457531],[119.95944213867199,16.318889617919922],[119.95944213867199,16.318330764770565],[119.95971679687534,16.318059921264705],[119.95970916748058,16.317419052124023],[119.95921325683639,16.316879272460938],[119.95858001709018,16.316469192504996],[119.9582977294923,16.31558036804205],[119.9582290649414,16.314210891723576],[119.95816040039062,16.312650680541992],[119.95749664306686,16.311670303344783],[119.95749664306686,16.311389923095646],[119.95694732666027,16.310829162597884],[119.95694732666027,16.31056022644043],[119.95777893066406,16.30971908569336],[119.95805358886719,16.30971908569336],[119.95861053466797,16.30916976928711],[119.95861053466797,16.308889389038143],[119.95889282226608,16.308610916137752],[119.95889282226608,16.308330535888786],[119.95916748046898,16.308059692382756],[119.95971679687534,16.308059692382756],[119.96028137207043,16.308610916137752],[119.96111297607422,16.308610916137752],[119.96138763427768,16.308330535888786],[119.961669921875,16.308330535888786],[119.96221923828148,16.30777931213379],[119.96248626708996,16.30746078491211],[119.96333312988293,16.307390213012695],[119.96376037597656,16.306980133056754],[119.96376037597656,16.306570053100643],[119.96311950683594,16.306299209594954],[119.9625473022461,16.306299209594954],[119.96227264404342,16.30595016479498],[119.96248626708996,16.305339813232422],[119.96248626708996,16.304729461669865],[119.96214294433628,16.304590225219954],[119.96150207519577,16.304590225219954],[119.96101379394531,16.30520057678234],[119.9607162475586,16.305749893188533],[119.96044158935547,16.305749893188533],[119.95953369140659,16.305820465088004],[119.95834350585938,16.306940078735465],[119.95789337158214,16.306940078735465],[119.95777893066406,16.306940078735465],[119.95471954345703,16.309999465942496],[119.95471954345703,16.310279846191463],[119.95417022705078,16.310829162597884],[119.95388793945324,16.310829162597884],[119.95305633544945,16.31110954284668],[119.95139312744186,16.31110954284668],[119.95111083984375,16.31110954284668],[119.95084381103527,16.311389923095646],[119.95027923583996,16.311389923095646],[119.94999694824253,16.31110954284668],[119.94972229003929,16.31110954284668],[119.94889068603516,16.311950683593807],[119.94860839843784,16.311950683593807],[119.94833374023438,16.311670303344783],[119.94805908203125,16.311670303344783],[119.94777679443405,16.311389923095646],[119.94750213623058,16.311389923095646],[119.94750213623058,16.311670303344783],[119.94666290283214,16.3125],[119.94666290283214,16.312780380248967],[119.94777679443405,16.31389045715332],[119.94860839843784,16.31389045715332],[119.94883728027355,16.314140319824332],[119.94915771484443,16.314489364623967],[119.94972229003929,16.315509796142805],[119.95021057128906,16.316600799560547],[119.9503631591798,16.316629409790096],[119.9505691528326,16.316669464111385],[119.95134735107445,16.316469192504996],[119.95184326171909,16.316469192504996],[119.95226287841797,16.316669464111385],[119.95226287841797,16.317079544067326],[119.95217132568371,16.317369461059798],[119.9516067504884,16.3177108764649],[119.95084381103527,16.318250656127987],[119.95075988769588,16.318250656127987],[119.95014190673828,16.31756019592308],[119.94992828369209,16.31756019592308],[119.94979095458996,16.31838035583496],[119.95027923583996,16.31971931457531],[119.95004272460938,16.319959640502987],[119.94999694824276,16.319999694824276],[119.94999694824276,16.320280075073242],[119.94972229003929,16.3205509185791],[119.94972229003929,16.320829391479492],[119.95027923583996,16.321390151977596],[119.95117950439453,16.321390151977596],[119.95139312744186,16.321390151977596],[119.95166778564453,16.321670532226562],[119.95194244384766,16.321670532226562],[119.95221710205146,16.321950912475756],[119.95249938964844,16.321950912475756],[119.95281982421875,16.32226943969721],[119.95361328125057,16.323059082031307],[119.95427703857433,16.323560714721907],[119.95435333251953,16.324649810791072],[119.953933715821,16.325469970703125],[119.95336151123115,16.32636070251465],[119.95272827148483,16.328540802002067],[119.9518814086914,16.330930709838867],[119.9518814086914,16.332229614258097],[119.9515304565432,16.332780838012695],[119.95081329345703,16.332780838012695],[119.95054626464844,16.332780838012695],[119.95027923583996,16.333059310913086],[119.94972229003929,16.333059310913086],[119.94944763183594,16.332780838012695],[119.94860839843784,16.332780838012695],[119.94833374023438,16.33250045776373],[119.94805908203125,16.33250045776373],[119.94777679443405,16.332220077514762],[119.94721984863293,16.332220077514762],[119.94695281982445,16.331939697265625],[119.94666290283214,16.331939697265625],[119.94638824462913,16.33167076110834],[119.94583129882812,16.33167076110834],[119.94555664062534,16.331390380859375],[119.94526672363281,16.331390380859375],[119.94499969482422,16.33111000061041],[119.94444274902344,16.33111000061041],[119.94416809082043,16.330829620361442],[119.94300079345749,16.33040046691906],[119.94294738769554,16.33037948608421],[119.94296264648438,16.330329895019815],[119.94304656982445,16.32971954345726],[119.94304656982445,16.329450607300032],[119.94333648681663,16.329170227050838],[119.94333648681663,16.3288898468017],[119.94361114501964,16.328609466552734],[119.94361114501964,16.326110839843807],[119.94333648681663,16.326110839843807],[119.94304656982445,16.32583045959484],[119.94304656982445,16.325279235839844],[119.94222259521484,16.32444000244152],[119.94194793701172,16.32444000244152],[119.94167327880905,16.32416915893549],[119.94139099121094,16.32416915893549],[119.94082641601574,16.323610305786133],[119.94082641601574,16.323059082031307],[119.9411087036134,16.322780609130916],[119.9411087036134,16.321950912475756],[119.9402770996096,16.32110977172863],[119.94000244140693,16.321390151977596],[119.94000244140693,16.321670532226562],[119.9397201538086,16.321950912475756],[119.9397201538086,16.322490692138672],[119.9397201538086,16.323329925537337],[119.93916320800781,16.3238906860351],[119.93881988525402,16.3238906860351],[119.93860626220703,16.3238906860351],[119.93814849853516,16.323429107666186],[119.93750000000011,16.322780609130916],[119.93750000000011,16.321670532226562],[119.9377670288086,16.321390151977596],[119.9377670288086,16.32110977172863],[119.9383316040039,16.3205509185791],[119.9383316040039,16.320280075073242],[119.93860626220703,16.319999694824276],[119.93860626220703,16.31944084167492],[119.93852996826172,16.318649291992415],[119.93852996826172,16.31804084777849],[119.93833923339844,16.317510604858512],[119.93816375732479,16.317050933837947],[119.93807220458996,16.31661987304699],[119.93817138671932,16.316200256347713],[119.93856048584007,16.315809249878043],[119.93876647949219,16.3155002593997],[119.93885040283226,16.315219879150334],[119.93879699707031,16.314939498901367],[119.93860626220703,16.314649581909293],[119.93843078613327,16.31438064575201],[119.93837738037132,16.31406974792509],[119.93868255615268,16.313459396362532],[119.93866729736374,16.313039779663086],[119.93865966796898,16.312860488891715],[119.93863677978527,16.312620162963867],[119.93859100341797,16.312160491943303],[119.93858337402344,16.311660766601676],[119.93892669677768,16.31067085266119],[119.93955993652344,16.31012916564947],[119.94082641601574,16.309860229492244],[119.94125366210938,16.309919357299748],[119.9416198730471,16.31022071838379],[119.94168090820324,16.31026077270502],[119.94203186035156,16.3104000091555],[119.94225311279308,16.3104000091555],[119.94304656982445,16.310279846191463],[119.94333648681663,16.309999465942496],[119.94333648681663,16.30971908569336],[119.94277954101562,16.30916976928711],[119.94258117675781,16.30916976928711],[119.94222259521484,16.30916976928711],[119.94194793701172,16.308889389038143],[119.94167327880905,16.308889389038143],[119.94139099121094,16.308610916137752],[119.9411087036134,16.308610916137752],[119.9410629272461,16.30854034423851],[119.9406661987307,16.308469772338924],[119.94024658203125,16.3085994720459],[119.93978881835949,16.30879020690918],[119.93933868408203,16.309059143066406],[119.93891906738293,16.309389114379996],[119.93852233886719,16.309700012207088],[119.93817138671909,16.30994987487793],[119.93788909912121,16.310190200805778],[119.93760681152366,16.31045913696289],[119.93726348876953,16.310840606689453],[119.93685913085938,16.311370849609375],[119.93683624267612,16.31139945983898],[119.93636322021496,16.312040328979492],[119.93592071533203,16.312700271606445],[119.93550872802757,16.31255912780773],[119.9352798461914,16.3125],[119.93444824218761,16.311670303344783],[119.93444824218761,16.311389923095646],[119.9341735839846,16.31110954284668],[119.9341735839846,16.310829162597884],[119.93401336669922,16.31067085266119],[119.93389129638695,16.31056022644043],[119.93367004394543,16.31056022644043],[119.93360900878929,16.31056022644043],[119.93305206298828,16.309999465942496],[119.93274688720726,16.309680938720646],[119.93232727050827,16.309379577636832],[119.93199157714889,16.30898094177246],[119.93153381347656,16.30875015258789],[119.93100738525402,16.30853080749523],[119.93055725097679,16.308330535888786],[119.92978668212913,16.30771064758312],[119.92922210693382,16.307430267333984],[119.92887115478516,16.307430267333984],[119.92749786376976,16.3075008392334],[119.92722320556686,16.3075008392334],[119.92694091796875,16.30777931213379],[119.9263916015625,16.30777931213379],[119.92582702636719,16.308330535888786],[119.92582702636719,16.308610916137752],[119.92666625976597,16.30944061279297],[119.926513671875,16.309600830078125],[119.92610931396484,16.309999465942496],[119.92555236816406,16.309999465942496],[119.92527770996105,16.310279846191463],[119.92472076416027,16.310279846191463],[119.92445373535179,16.309999465942496],[119.92415618896496,16.309999465942496],[119.92388916015625,16.30971908569336],[119.92445373535179,16.30916976928711],[119.92415618896496,16.308889389038143],[119.92350006103538,16.3088703155517],[119.92301940917991,16.30871963500971],[119.92263031005871,16.308629989624023],[119.92212677001953,16.308610916137752],[119.92157745361362,16.30855941772461],[119.9210433959961,16.308330535888786],[119.92048645019531,16.307979583740234],[119.92002868652344,16.3075008392334],[119.91972351074219,16.306940078735465],[119.91944122314453,16.306669235229435],[119.91944122314453,16.306110382080078],[119.91916656494186,16.305830001831282],[119.91916656494186,16.304170608520508],[119.91914367675781,16.30351066589361],[119.91914367675781,16.303159713745345],[119.91941833496128,16.302890777587947],[119.91948699951195,16.302619934082088],[119.91885375976597,16.302270889282283],[119.91808319091831,16.30179977416998],[119.91782379150436,16.301170349121207],[119.91779327392578,16.300579071044922],[119.91777801513695,16.300489425659407],[119.91777801513695,16.300359725952262],[119.917762756348,16.299900054931754],[119.91771697998047,16.299419403076172],[119.91755676269543,16.299110412597656],[119.91754150390625,16.299070358276367],[119.91751098632847,16.298669815063704],[119.91758728027366,16.29828071594244],[119.917762756348,16.297920227050895],[119.91790008544956,16.29759979248047],[119.91792297363281,16.297550201416072],[119.91800689697266,16.297290802001896],[119.91809082031284,16.296979904174805],[119.91826629638717,16.296699523925838],[119.91837310791016,16.296350479125977],[119.91853332519554,16.295999526977766],[119.91857147216797,16.295640945434627],[119.91845703125045,16.295259475708065],[119.91832733154331,16.29492950439453],[119.91821289062545,16.294580459594727],[119.91848754882812,16.292999267578068],[119.91932678222656,16.292589187622127],[119.9198989868164,16.292179107666016],[119.92108154296886,16.290990829467887],[119.92160034179688,16.29085922241211],[119.92198181152344,16.290750503539982],[119.92227172851608,16.290540695190487],[119.9225234985355,16.290260314941463],[119.92254638671898,16.29018974304222],[119.92269134521484,16.289920806884822],[119.92265319824264,16.289510726928654],[119.9225234985355,16.28930091857916],[119.92239379882812,16.289089202880803],[119.92192077636719,16.288709640503043],[119.92134094238281,16.288349151611328],[119.92102813720703,16.287919998168945],[119.9211120605471,16.287609100341797],[119.92127227783214,16.287239074707145],[119.9214096069336,16.28679084777832],[119.92159271240257,16.2863006591798],[119.9217300415039,16.285739898681697],[119.92198181152344,16.285289764404297],[119.92227172851608,16.284919738769588],[119.92257690429688,16.284820556640625],[119.92269134521484,16.284780502319336],[119.92272949218773,16.284790039062443],[119.92318725585949,16.284870147705192],[119.923622131348,16.284980773925724],[119.92397308349632,16.285060882568473],[119.92487335205078,16.285970687866268],[119.92492675781273,16.286510467529524],[119.92495727539097,16.286539077758903],[119.92543029785156,16.28713035583519],[119.92572784423828,16.287189483642578],[119.92606353759777,16.287260055541992],[119.92627716064499,16.28759956359869],[119.92629241943393,16.287809371948242],[119.92635345459007,16.28870010375971],[119.9268417358403,16.28897094726574],[119.92752075195312,16.28924942016613],[119.92832183837936,16.289579391479492],[119.93052673339855,16.290609359741325],[119.93094635009766,16.2908992767334],[119.93128204345703,16.29112052917486],[119.9315185546875,16.291339874267692],[119.93171691894531,16.29155921936035],[119.93187713623081,16.29175949096674],[119.93192291259766,16.291809082031364],[119.93203735351562,16.29216957092291],[119.93203735351562,16.292699813842887],[119.93222045898438,16.293039321899357],[119.9324722290039,16.293369293212947],[119.93274688720726,16.293729782104492],[119.93306732177734,16.294130325317496],[119.93345642089844,16.294439315796012],[119.93386077880871,16.29471015930187],[119.93424224853527,16.29492950439453],[119.93460845947311,16.29508972167963],[119.93492126464878,16.295309066772518],[119.93501281738293,16.29536056518566],[119.93524932861362,16.2954998016358],[119.93572235107422,16.295560836792106],[119.93644714355503,16.29536056518566],[119.9368667602539,16.29504966735834],[119.93708038330078,16.29471015930187],[119.93726348876953,16.29438018798828],[119.93750000000011,16.294120788574332],[119.93775939941406,16.29388999938959],[119.93800354003906,16.293649673461914],[119.93817901611351,16.29338073730463],[119.93833923339844,16.293130874633846],[119.93860626220703,16.29277992248541],[119.93860626220703,16.292379379272404],[119.93860626220703,16.291389465332088],[119.93888854980469,16.29110908508312],[119.93888854980469,16.29083061218273],[119.93860626220703,16.2905597686767],[119.93860626220703,16.289720535278377],[119.9377670288086,16.28889083862299],[119.93750000000011,16.28889083862299],[119.93723297119163,16.288610458374023],[119.93723297119163,16.288330078125227],[119.93694305419945,16.288059234619197],[119.93695831298874,16.28779029846197],[119.9367904663086,16.287139892578125],[119.93683624267612,16.28701019287115],[119.93704223632835,16.286529541015625],[119.93746185302734,16.286100387573242],[119.93786621093761,16.285770416259822],[119.93831634521484,16.285539627075252],[119.93876647949219,16.285280227661133],[119.93920135498058,16.285039901733626],[119.93966674804688,16.284959793090877],[119.9400024414067,16.2847194671632],[119.94055175781261,16.2847194671632],[119.9411087036134,16.28417015075678],[119.94139099121094,16.28417015075678],[119.94167327880905,16.284439086914062],[119.94222259521484,16.284439086914062],[119.94229888916061,16.284530639648494],[119.94304656982445,16.285280227661133],[119.94277954101562,16.2855606079101],[119.94389343261753,16.286670684814453],[119.94526672363281,16.286670684814453],[119.94555664062534,16.286390304565487],[119.94611358642624,16.286390304565487],[119.94638824462913,16.28610992431652],[119.94638824462913,16.285829544067383],[119.94658660888672,16.285730361938533],[119.94696807861328,16.285259246826115],[119.94750213623058,16.2847194671632],[119.94777679443405,16.2847194671632],[119.94805908203125,16.284439086914062],[119.94833374023438,16.284439086914062],[119.95007324218761,16.282709121704215],[119.95033264160156,16.282449722290096],[119.95068359375045,16.28210067749029],[119.9508514404298,16.281959533691406],[119.95111083984375,16.281940460205305],[119.95162200927746,16.281440734863338],[119.95221710205124,16.28083038330078],[119.95223236084018,16.280759811401367],[119.95223999023438,16.28062057495123],[119.95263671875,16.280279159545955],[119.95301818847656,16.27998924255371],[119.95333862304699,16.27968025207514],[119.95362091064487,16.279319763183594],[119.95393371582077,16.278949737548942],[119.95427703857433,16.278589248657227],[119.95458984375023,16.278190612793026],[119.95485687255871,16.277809143066463],[119.95511627197266,16.277519226074332],[119.95532226562511,16.27728080749523],[119.95545959472702,16.2770099639892],[119.95561981201183,16.276809692382812],[119.95577239990234,16.276620864868278],[119.95628356933628,16.27556037902832],[119.9568862915039,16.274070739746207],[119.95713806152355,16.273590087890625],[119.95723724365268,16.273080825805664],[119.95728302001953,16.272609710693416],[119.95729064941406,16.272550582885742],[119.95726776123047,16.271949768066463],[119.95722198486328,16.270830154419173],[119.95722198486328,16.270000457763615],[119.95694732666027,16.26972007751465],[119.95694732666027,16.269439697265852],[119.95610809326195,16.268610000610465],[119.95610809326195,16.268329620361328],[119.95555877685547,16.267780303955078],[119.95527648925815,16.267780303955078],[119.95361328125057,16.269439697265852],[119.95249938964844,16.269439697265852],[119.95221710205146,16.2691707611084],[119.95194244384766,16.2691707611084],[119.95166778564453,16.268890380859432],[119.95084381103527,16.268890380859432],[119.95054626464844,16.268610000610465],[119.94999694824276,16.268610000610465],[119.94972229003929,16.268329620361328],[119.94944763183594,16.268329620361328],[119.94838714599632,16.26728057861328],[119.94833374023438,16.267219543457145],[119.94833374023438,16.26695060730009],[119.94912719726574,16.266290664673136],[119.94947052001953,16.266099929809855],[119.94983673095703,16.265979766845817],[119.9502182006836,16.26585960388178],[119.95060729980469,16.265750885009822],[119.95097351074219,16.265539169311523],[119.95131683349621,16.265300750732422],[119.95172882080101,16.265090942383097],[119.95216369628952,16.26493072509777],[119.95255279541027,16.26473045349138],[119.95294189453136,16.264570236206055],[119.95333862304699,16.264419555664062],[119.95371246337902,16.264230728149357],[119.95411682128974,16.26405906677269],[119.95451354980503,16.263830184936523],[119.9549331665039,16.26359939575218],[119.95535278320335,16.263339996337834],[119.95580291748058,16.263059616088867],[119.95625305175781,16.2627792358399],[119.95671844482422,16.26255989074707],[119.95722961425793,16.262550354004134],[119.95767211914062,16.26276016235346],[119.95790100097668,16.26321029663086],[119.95777893066406,16.26371955871582],[119.95764923095703,16.264240264892862],[119.95780944824276,16.264770507812443],[119.95809936523449,16.265279769897404],[119.95821380615257,16.265380859375],[119.95851135253974,16.265689849853516],[119.9590072631836,16.265880584716797],[119.95954895019554,16.265880584716797],[119.96005249023472,16.26593017578142],[119.96051025390625,16.26609039306635],[119.96093750000045,16.26622962951683],[119.9614028930664,16.266250610351676],[119.96189117431686,16.266269683838118],[119.96237182617188,16.266260147094783],[119.96273040771484,16.266210556030387],[119.96289825439521,16.26634979248047],[119.96289062500068,16.26671981811552],[119.96285247802746,16.26711082458519],[119.96279144287132,16.267969131469954],[119.96250915527412,16.268379211425724],[119.96250915527412,16.268859863281307],[119.96293640136719,16.26899909973139],[119.96336364746116,16.268590927124023],[119.9642562866211,16.268100738525334],[119.96452331542969,16.2669105529788],[119.96444702148438,16.266370773315487],[119.96401977539074,16.26609039306635],[119.96388244628906,16.265689849853516],[119.96395111083984,16.264999389648438],[119.96317291259788,16.26465988159174],[119.96233367919956,16.26465988159174],[119.96147918701172,16.264179229736555],[119.96112823486374,16.263710021972713],[119.96127319335938,16.26309013366705],[119.9616165161134,16.26252937316889],[119.96169281005905,16.26205062866211],[119.96180725097668,16.26152038574213],[119.96201324462947,16.26118087768583],[119.96214294433628,16.26095008850126],[119.9625473022461,16.26044082641613],[119.9630584716798,16.25997924804699],[119.96351623535156,16.259550094604606],[119.96399688720714,16.259199142456225],[119.96450042724632,16.258890151977482],[119.96501159668003,16.258590698242244],[119.96549987792969,16.25824928283697],[119.96598052978516,16.257860183716048],[119.96653747558628,16.25752067565918],[119.9671401977539,16.25716972351097],[119.96768188476597,16.25675964355463],[119.96819305419933,16.256370544433537],[119.96862792968784,16.25597000122093],[119.96907806396507,16.255590438842773],[119.96958160400425,16.255279541015625],[119.97012329101574,16.25501060485857],[119.97048950195324,16.254880905151595],[119.97070312500023,16.254810333251953],[119.97132873535156,16.254669189453125],[119.9719009399414,16.254409790039176],[119.97239685058605,16.25407028198248],[119.97251129150413,16.253950119018782],[119.97283172607456,16.25359916687023],[119.97325897216831,16.253070831298828],[119.97373962402355,16.252550125122184],[119.97428894043014,16.252099990844727],[119.97454833984409,16.25189971923851],[119.97518157959007,16.25156021118164],[119.975341796875,16.251590728759822],[119.97553253173828,16.25163078308111],[119.97589111328125,16.251970291137752],[119.97624206543014,16.251489639282227],[119.97624206543014,16.251010894775447],[119.9764633178711,16.251010894775447],[119.9774398803711,16.251020431518555],[119.97773742675793,16.25094985961914],[119.97807312011719,16.250810623169002],[119.9784088134769,16.25065994262718],[119.97876739501953,16.250680923462028],[119.97915649414062,16.25056076049799],[119.97972106933594,16.25],[119.97972106933594,16.249450683593864],[119.97944641113293,16.24917030334467],[119.97944641113293,16.248609542846907],[119.97888946533214,16.248060226440487],[119.97888946533214,16.24777984619135],[119.97860717773472,16.247499465942383],[119.97860717773472,16.247219085693587],[119.97833251953148,16.246940612793196],[119.97833251953148,16.246669769287166],[119.97805786132812,16.2463893890382],[119.97805786132812,16.245830535888672],[119.97778320312534,16.245559692382812],[119.97778320312534,16.245279312133846],[119.97805786132812,16.245000839233455],[119.97888946533214,16.245000839233455],[119.97915649414062,16.24472045898449],[119.97944641113293,16.24472045898449],[119.98082733154342,16.24333000183117],[119.98082733154342,16.242780685424748],[119.98008728027344,16.242040634155273],[119.98000335693405,16.241949081420955],[119.97972106933594,16.241949081420955],[119.97944641113293,16.241670608520565],[119.97944641113293,16.240829467773665],[119.98055267333984,16.23971939086914],[119.98139190673874,16.23971939086914],[119.98153686523483,16.23979949951172],[119.98195648193382,16.239940643310547],[119.9820785522461,16.239940643310547],[119.98239135742188,16.239940643310547],[119.98275756835938,16.23977088928234],[119.98312377929722,16.239629745483455],[119.98343658447311,16.239419937133903],[119.9837875366211,16.239139556884766],[119.98417663574219,16.238809585571346],[119.98461914062511,16.238500595093],[119.98507690429699,16.238380432128963],[119.98518371582043,16.23834991455101],[119.98574829101574,16.238279342651424],[119.98623657226597,16.23814964294445],[119.98664093017578,16.238040924072322],[119.9869613647461,16.23785018920904],[119.98726654052746,16.23761940002447],[119.98761749267578,16.237400054931584],[119.98798370361328,16.237199783325195],[119.98834228515648,16.2369194030764],[119.9886627197269,16.23657989501953],[119.98889923095737,16.236160278320256],[119.98906707763672,16.23575973510748],[119.98916625976608,16.235559463501033],[119.98916625976608,16.235279083252067],[119.98889160156261,16.235000610351506],[119.98916625976608,16.23472023010254],[119.98916625976608,16.233890533447322],[119.98889160156261,16.233610153198356],[119.98889160156261,16.233060836791935],[119.98860931396496,16.23278045654297],[119.98860931396496,16.232500076294002],[119.98889160156261,16.232219696045036],[119.98889160156261,16.230560302734432],[119.98916625976608,16.230279922485295],[119.98889160156261,16.229999542236328],[119.98889160156261,16.22944068908714],[119.98860931396496,16.22916984558111],[119.98860931396496,16.228059768676758],[119.98832702636753,16.22777938842779],[119.98832702636753,16.227220535278434],[119.98805236816418,16.226940155029297],[119.98842620849621,16.226570129394645],[119.98860931396496,16.226390838623047],[119.98860931396496,16.22611045837408],[119.98889160156261,16.225830078125114],[119.98889160156261,16.22472000122093],[119.9897232055664,16.223890304565373],[119.98999786376987,16.223890304565373],[119.99054718017624,16.22332954406761],[119.99111175537132,16.22332954406761],[119.99194335937511,16.222499847412223],[119.9923095703125,16.222160339355526],[119.99269104003906,16.22193908691412],[119.99305725097656,16.221790313720703],[119.99344635009766,16.221860885620117],[119.99382019042969,16.222009658813533],[119.99416351318382,16.222230911254996],[119.99449920654342,16.22248077392578],[119.99485778808594,16.22266006469738],[119.99530029296886,16.222789764404354],[119.99579620361328,16.222949981689453],[119.99633026123058,16.2231502532959],[119.9969711303711,16.22328948974632],[119.99771118164062,16.223339080810547],[119.99845886230491,16.223430633545036],[119.99902343750023,16.22368049621582],[120,16.225000381469727],[120.00026702880882,16.225450515747127],[120.00057983398438,16.22570037841797],[120.00084686279342,16.225830078125114],[120.00131988525413,16.226390838623047],[120.00161743164108,16.226610183715934],[120.00319671630871,16.228139877319336],[120.00372314453159,16.228689193725586],[120.00563812255893,16.229770660400334],[120.00599670410202,16.22983932495123],[120.00800323486328,16.230180740356502],[120.00977325439464,16.230300903320312],[120.01014709472702,16.230390548705998],[120.01078796386753,16.2305202484132],[120.01170349121105,16.230869293213004],[120.01215362548828,16.231210708618278],[120.01252746582031,16.231569290161246],[120.01294708251976,16.231920242309798],[120.01338195800827,16.232219696045036],[120.01381683349655,16.232500076294002],[120.01426696777378,16.23278045654297],[120.01467132568382,16.23308944702154],[120.0149917602539,16.233499526977653],[120.01526641845703,16.233940124511776],[120.01554870605503,16.23438072204584],[120.01580047607456,16.234849929809684],[120.01599884033226,16.23534965515131],[120.01603698730469,16.235530853271484],[120.01614379882812,16.235900878906307],[120.01632690429688,16.236450195312727],[120.01638793945335,16.237039566040096],[120.01645660400402,16.237630844116154],[120.01667022705101,16.23814964294445],[120.01692962646496,16.238649368286246],[120.01719665527389,16.239149093627873],[120.01744842529342,16.23967933654785],[120.0176773071289,16.240230560302848],[120.01788330078136,16.240840911865234],[120.01754760742188,16.24142074584961],[120.01802062988327,16.241949081420955],[120.01777648925827,16.242429733276367],[120.01772308349632,16.242549896240178],[120.01753234863304,16.242919921875057],[120.01732635498081,16.2434406280517],[120.01724243164085,16.244020462036076],[120.01722717285168,16.244630813598633],[120.01724243164085,16.24513053894043],[120.01725006103561,16.24522972106945],[120.0173568725586,16.245800018310547],[120.01738739013717,16.24593925476097],[120.01743316650413,16.246040344238395],[120.01750946044956,16.246339797973633],[120.0176773071289,16.246860504150447],[120.01772308349632,16.246990203857422],[120.01785278320312,16.2473602294923],[120.01808929443393,16.24781036376953],[120.01834106445358,16.248260498046932],[120.01860046386753,16.248710632324332],[120.01883697509777,16.24917030334467],[120.01907348632812,16.249629974365234],[120.01927185058594,16.25012969970703],[120.0193862915039,16.250680923462028],[120.0193481445317,16.25124931335455],[120.01915740966842,16.251670837402344],[120.01915740966842,16.252220153808594],[120.0183334350586,16.253059387207088],[120.01693725585972,16.253059387207088],[120.0167236328125,16.25308990478527],[120.01648712158249,16.253219604492244],[120.0156936645509,16.25334930419922],[120.01526641845703,16.253339767456055],[120.01483154296886,16.253339767456055],[120.01473236083996,16.253339767456055],[120.01334381103516,16.252780914306697],[120.01222229003906,16.252780914306697],[120.01194763183594,16.253059387207088],[120.01139068603516,16.253889083862305],[120.01053619384777,16.25555992126459],[120.00998687744152,16.256109237671012],[120.00933837890625,16.25675964355463],[120.00747680664108,16.25860023498541],[120.0068130493164,16.259960174560547],[120.00655364990246,16.26042938232422],[120.00636291503918,16.26095008850109],[120.00589752197288,16.262170791625977],[120.0057067871096,16.26279067993164],[120.00554656982422,16.263429641723746],[120.00524139404342,16.264720916748047],[120.00495910644531,16.265140533447322],[120.0045166015625,16.26689910888672],[120.00438690185547,16.26744079589838],[120.00420379638672,16.26774024963379],[120.00411987304688,16.268060684204045],[120.00417327880882,16.268329620361328],[120.00332641601608,16.268329620361328],[120.00277709960972,16.268890380859432],[120.0022201538086,16.268890380859432],[120.00110626220737,16.270000457763615],[120.00110626220737,16.270280838012752],[120.00083160400402,16.270280838012752],[120.00083160400402,16.270830154419173],[120,16.271669387817326],[119.99948883056652,16.272449493408317],[119.99920654296909,16.27265930175787],[119.99906158447266,16.27279090881359],[119.99864196777366,16.273410797119254],[119.99835968017601,16.27367973327631],[119.99828338623047,16.273889541626033],[119.99820709228516,16.27442932128912],[119.99807739257835,16.27490997314453],[119.99807739257835,16.276679992675838],[119.99815368652355,16.2776393890382],[119.99820709228516,16.278190612793026],[119.99871063232433,16.279279708862305],[119.99913024902389,16.279890060425032],[119.99941253662132,16.280710220336914],[119.9997329711914,16.28166007995617],[120,16.282499313354492],[120.00083160400402,16.283330917358455],[120.00084686279342,16.283670425415153],[120.00109100341797,16.284030914306868],[120.00132751464844,16.28442001342796],[120.00161743164108,16.284809112548885],[120.00189971923828,16.285230636596907],[120.00219726562534,16.28565979003929],[120.00250244140625,16.28610992431652],[120.0028076171875,16.286579132080192],[120.00315093994175,16.287019729614315],[120.00354766845703,16.287410736083984],[120.00401306152344,16.28775978088379],[120.00449371337925,16.288080215454045],[120.0048828125,16.28846931457514],[120.00514221191406,16.28897094726574],[120.00527954101562,16.28953933715826],[120.00540924072277,16.290119171142635],[120.00557708740246,16.29067039489746],[120.0058364868164,16.291179656982365],[120.00611114501953,16.291690826416072],[120.00639343261753,16.292190551757926],[120.00666809082031,16.292690277099723],[120.00679779052734,16.292940139770565],[120.00694274902366,16.29320907592779],[120.00718688964844,16.293729782104663],[120.0073928833009,16.294300079345703],[120.00760650634788,16.294830322265682],[120.0080337524414,16.295930862426758],[120.00850677490234,16.296840667724666],[120.00858306884766,16.296960830688704],[120.00885009765648,16.297239303589095],[120.00932312011741,16.297470092773494],[120.00982666015659,16.297649383545036],[120.01035308837902,16.2978706359865],[120.010780334473,16.298250198364258],[120.01109313964889,16.298740386962947],[120.01132202148449,16.299289703369368],[120.01146697998047,16.299909591675032],[120.01161193847679,16.300510406494254],[120.01159667968807,16.30110931396507],[120.0114517211914,16.301670074462834],[120.01146697998047,16.302219390869254],[120.0117111206057,16.302700042724837],[120.01203155517578,16.303140640258732],[120.01236724853572,16.30357933044462],[120.01274871826229,16.30397033691429],[120.01299285888672,16.30422973632824],[120.01312255859432,16.304370880126953],[120.01352691650413,16.304719924926758],[120.01393127441406,16.305059432983626],[120.01431274414062,16.305410385131836],[120.01470947265625,16.30573081970209],[120.01509094238281,16.306060791015852],[120.01512908935558,16.30608940124523],[120.01550292968761,16.30636024475109],[120.01587677001964,16.306709289550895],[120.01605987548874,16.30689048767107],[120.01624298095749,16.307079315185547],[120.01661682128906,16.30743980407709],[120.01701354980514,16.30777931213379],[120.01743316650413,16.308099746704045],[120.01782226562568,16.308439254760742],[120.01824188232422,16.30875015258806],[120.01859283447334,16.309150695801065],[120.0188980102539,16.309600830078296],[120.01921844482433,16.31002998352068],[120.01957702636719,16.310409545898438],[120.01994323730503,16.310789108276595],[120.0202407836914,16.311239242553825],[120.0205535888673,16.311670303344783],[120.0205535888673,16.312219619751204],[120.02139282226608,16.31306076049833],[120.02166748046875,16.31306076049833],[120.02166748046875,16.313329696655387],[120.02194213867188,16.313610076904354],[120.02166748046875,16.31389045715332],[120.01889038085938,16.31389045715332],[120.01875305175793,16.31402969360363],[120.01860809326206,16.314170837402287],[120.01825714111328,16.314140319824332],[120.01805877685547,16.31414985656744],[120.01773834228516,16.314170837402287],[120.01719665527389,16.314159393310604],[120.01666259765636,16.314109802246378],[120.01616668701183,16.313940048217944],[120.0156173706057,16.313880920410384],[120.01499938964844,16.31389045715332],[120.01471710205124,16.314170837402287],[120.01444244384766,16.314170837402287],[120.01410675048828,16.314500808716048],[120.01354217529297,16.31506919860834],[120.01277923583984,16.314720153808707],[120.01249694824253,16.314720153808707],[120.01245117187511,16.314680099487248],[120.01222229003906,16.31443977355957],[120.01200103759788,16.314210891723576],[120.01154327392612,16.314210891723576],[120.01110839843761,16.31440925598139],[120.0106506347662,16.31459999084467],[120.01029968261719,16.31492996215843],[120.00997924804699,16.315309524536417],[120.00990295410179,16.315389633178768],[120.00962829589912,16.31565093994152],[120.00875091552757,16.316070556640568],[120.00827026367199,16.316209793090877],[120.00785064697311,16.316429138183707],[120.00746917724655,16.316709518432674],[120.00737762451172,16.31681060791027],[120.0068130493164,16.317409515381087],[120.0060195922855,16.317979812622184],[120.00562286376999,16.31822967529297],[120.00525665283237,16.318550109863224],[120.00491333007824,16.31887054443365],[120.0038070678711,16.31949996948248],[120.0034866333009,16.319669723510742],[120.00287628173828,16.320020675659123],[120.00264739990257,16.320259094238224],[120.0013885498048,16.320829391479492],[120.00110626220737,16.32110977172863],[120,16.321670532226562],[119.9997329711914,16.321950912475586],[119.99944305419922,16.322219848632812],[119.99944305419922,16.32250022888178],[119.99859619140625,16.323339462280273],[119.99835968017601,16.323560714721907],[119.99832153320358,16.323600769043026],[119.9983367919923,16.32583045959484],[119.99777984619152,16.326389312744197],[119.99777984619152,16.326669692993164],[119.99751281738281,16.326929092407283],[119.9969482421875,16.32749938964855],[119.99667358398472,16.328060150146484],[119.99667358398472,16.328250885009766],[119.99667358398472,16.32832908630394],[119.99639129638672,16.328609466552734],[119.99639129638672,16.3288898468017],[119.99667358398472,16.329170227050838],[119.99667358398472,16.32945060729986],[119.99722290039108,16.329999923706055],[119.99722290039108,16.33028030395502],[119.99804687500011,16.33111000061041],[119.99804687500011,16.331390380859375],[119.99861145019531,16.331939697265625],[119.99861145019531,16.332220077514762],[119.99889373779342,16.33250045776373],[119.99889373779342,16.332780838012695],[119.99944305419922,16.333330154418945],[119.99944305419922,16.333610534667912],[120,16.33416938781744],[120.00026702880882,16.33444023132347],[120.00026702880882,16.334720611572266],[120.00055694580101,16.33506965637207],[120.00055694580101,16.33555984497076],[120.00083160400402,16.33610916137718],[120.00083160400402,16.336460113525447],[120.00076293945312,16.336729049682845],[120.00063323974621,16.337270736694393],[120.00041198730514,16.337429046630916],[120.00034332275425,16.3375701904298],[120.00064086914074,16.337980270385742],[120.00063323974621,16.338329315185547],[120.00026702880882,16.338609695434684],[120,16.33889007568365],[119.99890136718761,16.339279174804744],[119.99610900878906,16.34028053283697],[119.99388885498047,16.340560913085994],[119.99360656738327,16.34082984924339],[119.99173736572266,16.34177017211914],[119.99083709716797,16.34222030639654],[119.98999786376987,16.343059539794865],[119.9897232055664,16.343059539794865],[119.9897232055664,16.3427791595459],[119.98916625976608,16.34222030639654],[119.98916625976608,16.341390609741154],[119.98918914794933,16.341310501098633],[119.98932647705078,16.340879440307617],[119.98932647705078,16.34033966064453],[119.98898315429699,16.3389701843264],[119.98841094970714,16.33822059631359],[119.98777770996116,16.338050842285156],[119.98722076416016,16.338329315185547],[119.98638916015625,16.338609695434684],[119.98638916015625,16.339170455932617],[119.98638916015625,16.33945083618164],[119.98695373535156,16.340000152587834],[119.98695373535156,16.340560913085994],[119.98664855957031,16.34085083007824],[119.98610687255905,16.341390609741154],[119.98583221435547,16.341390609741154],[119.98473358154297,16.342500686645508],[119.98473358154297,16.34361076354986],[119.98444366455146,16.343889236450252],[119.98444366455146,16.34416961669922],[119.98473358154297,16.344440460205078],[119.98528289794979,16.344440460205078],[119.98665618896484,16.3458309173584],[119.98665618896484,16.34610939025879],[119.9875030517585,16.346939086914176],[119.98805236816418,16.346389770507756],[119.98805236816418,16.3458309173584],[119.98695373535156,16.344720840454045],[119.9875030517585,16.34416961669922],[119.98777770996116,16.34416961669922],[119.98805236816418,16.344440460205078],[119.98832702636776,16.344440460205078],[119.98860931396496,16.344720840454045],[119.98889160156261,16.344720840454045],[119.98961639404331,16.345449447631836],[119.9897232055664,16.34556007385254],[119.9897232055664,16.34610939025879],[119.98999786376987,16.346389770507756],[119.98999786376987,16.346939086914176],[119.9897232055664,16.347219467163313],[119.9897232055664,16.34889030456543]]],[[[119.94222259521484,16.35527992248535],[119.94194793701172,16.35527992248535],[119.94139099121094,16.35471916198742],[119.94139099121094,16.35388946533203],[119.94091033935592,16.353500366210938],[119.94078063964878,16.352899551391715],[119.94103240966854,16.35239982605009],[119.94145965576172,16.352190017700366],[119.94184875488281,16.351999282837085],[119.94226074218761,16.35194969177246],[119.94262695312545,16.351980209350813],[119.9428863525394,16.352069854736328],[119.94307708740268,16.35224914550787],[119.94346618652344,16.352659225464038],[119.94364929199253,16.35318946838379],[119.94365692138672,16.35326004028326],[119.94377136230514,16.353740692138615],[119.94355010986328,16.354179382324332],[119.94277954101562,16.354999542236385],[119.94249725341831,16.354999542236385],[119.94222259521484,16.35527992248535]]],[[[119.99028015136719,16.355560302734318],[119.99054718017646,16.3558292388916],[119.99054718017646,16.35610961914074],[119.99083709716797,16.356389999389705],[119.99083709716797,16.356670379638672],[119.99028015136719,16.357219696044922],[119.9897232055664,16.357780456543026],[119.9897232055664,16.35806083679222],[119.98944091796875,16.358329772949446],[119.98944091796875,16.358610153198242],[119.98916625976608,16.35889053344721],[119.98916625976608,16.359720230102596],[119.98944091796875,16.360000610351562],[119.98944091796875,16.360279083251953],[119.9897232055664,16.36055946350092],[119.9897232055664,16.36083030700695],[119.99028015136719,16.361389160156307],[119.99028015136719,16.361669540405273],[119.99054718017646,16.361940383911133],[119.99054718017646,16.3622207641601],[119.99083709716797,16.36249923706066],[119.99083709716797,16.362779617309627],[119.99073028564476,16.363079071044865],[119.99028778076172,16.363529205322266],[119.98999786376987,16.363330841064453],[119.9897232055664,16.363330841064453],[119.98944091796875,16.363059997558594],[119.98931884765625,16.363059997558594],[119.98889160156261,16.363059997558594],[119.98860931396496,16.362779617309627],[119.98832702636776,16.362779617309627],[119.98805236816418,16.36249923706066],[119.98777770996116,16.36249923706066],[119.9875030517585,16.3622207641601],[119.9875030517585,16.361940383911133],[119.98695373535156,16.361389160156307],[119.98695373535156,16.361110687255916],[119.98722076416016,16.36083030700695],[119.98722076416016,16.360279083251953],[119.9875030517585,16.360000610351562],[119.9875030517585,16.359720230102596],[119.98777770996116,16.35943984985363],[119.98777770996116,16.359170913696573],[119.98805236816418,16.35889053344721],[119.98805236816418,16.358610153198242],[119.98832702636776,16.358329772949446],[119.98832702636776,16.35806083679222],[119.98860931396496,16.357780456543026],[119.98860931396496,16.35750007629389],[119.98889160156261,16.357219696044922],[119.98889160156261,16.356670379638672],[119.98944091796875,16.35610961914074],[119.9896469116211,16.355899810791016],[119.98999786376987,16.355560302734318],[119.99028015136719,16.355560302734318]]],[[[119.96056365966808,16.366390228271484],[119.95971679687557,16.366390228271484],[119.95944213867199,16.366109848022518],[119.95861053466797,16.366109848022518],[119.95834350585938,16.366390228271484],[119.95805358886719,16.366390228271484],[119.95777893066406,16.366109848022518],[119.95665740966808,16.366109848022518],[119.95610809326195,16.365549087524414],[119.95583343505928,16.365549087524414],[119.95538330078125,16.365110397338867],[119.95527648925815,16.364999771118164],[119.95514678955135,16.36512947082514],[119.95471954345703,16.365549087524414],[119.95361328125057,16.365549087524414],[119.95333099365246,16.36528015136713],[119.95305633544945,16.36528015136713],[119.95166778564453,16.36388969421381],[119.95221710205146,16.363330841064453],[119.95221710205146,16.363109588623217],[119.95221710205146,16.363059997558594],[119.95234680175827,16.362920761108512],[119.95249938964844,16.362779617309627],[119.95249938964844,16.36249923706066],[119.95276641845714,16.3622207641601],[119.95276641845714,16.361940383911133],[119.95260620117222,16.361780166626204],[119.95221710205146,16.361389160156307],[119.95184326171909,16.361059188842944],[119.95178222656295,16.361059188842944],[119.95139312744186,16.361110687255916],[119.95111083984375,16.361669540405273],[119.95111083984375,16.3622207641601],[119.95084381103527,16.36249923706066],[119.95084381103527,16.363059997558594],[119.95081329345703,16.363079071044865],[119.95060729980469,16.36327934265165],[119.95054626464844,16.363330841064453],[119.95054626464844,16.363609313964844],[119.94999694824276,16.363609313964844],[119.94944763183594,16.363059997558594],[119.94917297363315,16.363059997558594],[119.94892120361374,16.36281013488781],[119.94889068603516,16.362779617309627],[119.94833374023438,16.362779617309627],[119.94805908203125,16.36249923706066],[119.94792938232422,16.362619400024528],[119.94777679443405,16.362779617309627],[119.94695281982445,16.362779617309627],[119.94666290283214,16.36249923706066],[119.94666290283214,16.361940383911133],[119.94611358642646,16.361389160156307],[119.94616699218761,16.36084938049339],[119.94632720947266,16.36038017272972],[119.94635009765625,16.35998916626005],[119.94618225097713,16.359680175781307],[119.94597625732433,16.35935974121088],[119.9458618164067,16.358900070190543],[119.94583129882812,16.358610153198242],[119.94526672363281,16.35806083679222],[119.94526672363281,16.356950759887866],[119.94555664062534,16.356670379638672],[119.94555664062534,16.356389999389705],[119.94583129882812,16.35610961914074],[119.94583129882812,16.354999542236385],[119.94611358642646,16.35471916198742],[119.94611358642646,16.354440689087028],[119.94638824462913,16.354169845580998],[119.94650268554722,16.353500366210938],[119.94664764404308,16.352939605713004],[119.94673919677746,16.35239982605009],[119.94687652587959,16.351940155029524],[119.94692993164074,16.351760864257983],[119.94698333740234,16.351549148559855],[119.94702148437511,16.351430892944393],[119.94709014892578,16.351259231567383],[119.94725799560615,16.351039886474723],[119.94750976562557,16.350860595703352],[119.9478530883789,16.350740432739485],[119.94822692871128,16.350589752197322],[119.94866943359398,16.350490570068303],[119.9490966796875,16.35037994384777],[119.94941711425838,16.350360870361328],[119.94975280761753,16.350540161133097],[119.95044708251999,16.350719451904297],[119.95110321044922,16.35087013244629],[119.95163726806709,16.35104942321783],[119.95211029052757,16.351190567016715],[119.95249938964844,16.35137939453142],[119.95288848876953,16.35157966613781],[119.95330047607467,16.35177040100109],[119.95369720458996,16.352020263671932],[119.95410919189476,16.3523006439209],[119.95449066162132,16.35261917114275],[119.9548873901374,16.35293006896967],[119.95530700683594,16.35321998596214],[119.95574951171875,16.35353088378929],[119.95617675781261,16.35387039184576],[119.95661163330112,16.354219436645792],[119.95697021484398,16.354629516601562],[119.95729064941406,16.355060577392692],[119.95761871337947,16.355470657348633],[119.95797729492188,16.355840682983683],[119.95832061767646,16.356189727783317],[119.9586181640625,16.356510162353743],[119.95887756347679,16.35679054260254],[119.95908355712959,16.357070922851506],[119.95918273925781,16.357410430908203],[119.95929718017578,16.357759475708008],[119.95942687988293,16.358129501343058],[119.95954132080101,16.358520507812727],[119.95977783203125,16.35889053344721],[119.96018218994152,16.359170913696573],[119.96064758300781,16.35943984985363],[119.96111297607422,16.359699249267578],[119.96154022216808,16.35992050170921],[119.96185302734375,16.36017990112333],[119.96206665039062,16.36047935485857],[119.96212768554756,16.36083030700695],[119.96204376220703,16.361209869384766],[119.96211242675793,16.361589431762923],[119.96235656738281,16.36190986633318],[119.96275329589844,16.362030029296818],[119.96314239501964,16.36223983764671],[119.96346282959053,16.362649917602482],[119.96369934082031,16.363119125366325],[119.96398162841842,16.363569259643555],[119.96430206298885,16.364009857177848],[119.96463012695347,16.364429473876896],[119.96486663818416,16.364820480346793],[119.96484375,16.365169525146598],[119.9646682739259,16.36524009704584],[119.96428680419933,16.365409851074276],[119.96398162841842,16.365470886230412],[119.96365356445381,16.365530014038313],[119.96307373046898,16.36553955078125],[119.9626235961914,16.36549949646019],[119.961669921875,16.365549087524414],[119.96111297607422,16.366109848022518],[119.96083068847656,16.366109848022518],[119.96056365966808,16.366390228271484]]]]},"properties":{"ID_0":177,"ISO":"PHL","NAME_0":"Philippines","ID_1":61,"NAME_1":"Pangasinan","ID_2":1242,"NAME_2":"Anda","NL_NAME_2":null,"VARNAME_2":null,"TYPE_2":"Bayan|Munisipyo","ENGTYPE_2":"Municipality","PROVINCE":"Pangasinan","REGION":"Ilocos Region (Region I)"}},
{"type":"Feature","geometry":{"type":"Polygon","coordinates":[[[120.70897674560547,16.00202941894554],[120.71124267578125,16.003410339355582],[120.7132034301759,16.004999160766715],[120.71359252929699,16.00671005249046],[120.71272277832031,16.009130477905217],[120.71163177490234,16.010839462280217],[120.71082305908214,16.012109756469727],[120.70948791503918,16.013099670410384],[120.70818328857445,16.0130290985108],[120.70677185058628,16.013170242309627],[120.70548248291027,16.013990402221737],[120.7043228149414,16.015159606933594],[120.70117950439499,16.018659591674748],[120.69953918457031,16.021209716796875],[120.69937896728527,16.021640777588004],[120.69891357421886,16.022840499878043],[120.69886016845703,16.02387046813965],[120.69931793212936,16.024850845337028],[120.69992065429688,16.025859832763615],[120.70113372802734,16.029449462890625],[120.70073699951195,16.031400680542106],[120.70062255859386,16.0319499969483],[120.70171356201172,16.033229827880916],[120.70385742187511,16.03492927551281],[120.70390319824264,16.036529541015682],[120.70503234863304,16.03862953186035],[120.7063827514653,16.0398406982423],[120.70758056640636,16.041389465332145],[120.70803833007858,16.0435791015625],[120.7087173461914,16.04398918151867],[120.70938873291027,16.045660018921126],[120.70950317382847,16.04714012145996],[120.70892333984409,16.04863929748541],[120.70850372314453,16.049440383911246],[120.69673919677757,16.04820060729992],[120.69114685058594,16.04820060729992],[120.68540191650436,16.047880172729492],[120.68119049072288,16.047300338745117],[120.67687225341808,16.047229766845646],[120.66565704345703,16.046800613403263],[120.6645278930664,16.046699523925895],[120.66079711914108,16.046369552612305],[120.64993286132847,16.044170379638615],[120.64653778076172,16.044290542602653],[120.63156890869152,16.04221916198736],[120.62999725341797,16.04018020629877],[120.6294174194336,16.037590026855412],[120.62801361083984,16.03702926635765],[120.625526428223,16.03486061096197],[120.61239624023438,16.0283203125],[120.59750366210938,16.01691055297846],[120.59485626220714,16.014949798584098],[120.61598968505893,16.013320922851676],[120.61872863769554,16.01292991638195],[120.62338256835949,16.01265907287592],[120.62597656250023,16.012470245361442],[120.62928009033214,16.009809494018782],[120.63027191162155,16.008420944213867],[120.63054656982445,16.005420684814567],[120.63056182861328,15.9971799850465],[120.63005828857433,15.99332046508789],[120.63024139404308,15.985099792480582],[120.630126953125,15.978949546814022],[120.63130950927757,15.970840454101506],[120.63034057617222,15.961930274963379],[120.62976074218761,15.954799652099666],[120.62999725341797,15.954070091247559],[120.62964630126999,15.953310012817496],[120.63018035888672,15.94950008392334],[120.63075256347656,15.95020961761469],[120.6321029663086,15.950160026550293],[120.63361358642578,15.949580192565918],[120.63510131835949,15.94904994964611],[120.63849639892612,15.947290420532227],[120.64150238037121,15.946640014648438],[120.64328002929688,15.94649982452404],[120.64572143554733,15.94690990447998],[120.64720916748058,15.948679924011287],[120.6479263305664,15.948969841003361],[120.64832305908203,15.9506196975708],[120.64803314209018,15.951939582824707],[120.64675903320335,15.95409011840826],[120.64498138427768,15.955710411071891],[120.64404296875,15.956640243530387],[120.6427230834961,15.9585599899292],[120.64119720458984,15.960320472717399],[120.63939666748058,15.962220191955623],[120.63812255859375,15.965239524841422],[120.63815307617199,15.966970443725529],[120.6392822265625,15.969699859619368],[120.64131927490246,15.970319747925032],[120.64518737792969,15.971500396728459],[120.64659118652344,15.972629547119254],[120.64948272705124,15.974169731140137],[120.65017700195347,15.974880218505916],[120.65174102783203,15.976160049438533],[120.65321350097656,15.977410316467285],[120.65425109863327,15.978240013122672],[120.65675354003918,15.979619979858398],[120.65988159179688,15.979960441589412],[120.66207885742233,15.980500221252669],[120.66317749023438,15.981100082397404],[120.66390228271496,15.981659889221248],[120.6645278930664,15.982020378112793],[120.66486358642612,15.982310295105094],[120.66690063476608,15.984959602356014],[120.66729736328159,15.985690116882381],[120.6713027954105,15.985320091247502],[120.67400360107422,15.985019683838004],[120.67656707763717,15.984700202941838],[120.67817687988281,15.984239578247013],[120.682167053223,15.984189987182617],[120.68567657470726,15.984709739685172],[120.68681335449241,15.985099792480582],[120.68898773193371,15.986510276794434],[120.6893768310548,15.988719940185547],[120.68862915039085,15.991370201110954],[120.6889419555664,15.993379592895621],[120.69022369384777,15.995470046997184],[120.69113159179722,15.995960235595703],[120.69545745849655,15.99794960021984],[120.69978332519554,15.996560096740836],[120.70175933837902,15.995770454406738],[120.70427703857467,15.995590209961051],[120.7059783935548,15.996709823608512],[120.70674896240257,15.99849987030035],[120.70732879638717,15.999659538269157],[120.70855712890648,16.001649856567383],[120.70897674560547,16.00202941894554]]]},"properties":{"ID_0":177,"ISO":"PHL","NAME_0":"Philippines","ID_1":61,"NAME_1":"Pangasinan","ID_2":1243,"NAME_2":"Asingan","NL_NAME_2":null,"VARNAME_2":null,"TYPE_2":"Bayan|Munisipyo","ENGTYPE_2":"Municipality","PROVINCE":"Pangasinan","REGION":"Ilocos Region (Region I)"}},
{"type":"Feature","geometry":{"type":"Polygon","coordinates":[[[120.71750640869175,15.946479797363281],[120.71711730957043,15.946689605713004],[120.71589660644543,15.946260452270621],[120.71460723876953,15.945329666137638],[120.71305084228561,15.944100379943904],[120.71006774902378,15.943300247192383],[120.70874786376976,15.943550109863395],[120.70406341552746,15.944840431213606],[120.70181274414097,15.945690155029354],[120.6997222900394,15.946040153503475],[120.69741058349655,15.946100234985295],[120.69580078125,15.946000099182186],[120.69474792480514,15.945710182189941],[120.69346618652355,15.945630073547363],[120.69255065917969,15.944890022277832],[120.69106292724655,15.944600105285758],[120.68934631347702,15.94585037231451],[120.68881225585949,15.946969985961971],[120.68760681152344,15.948089599609489],[120.68657684326172,15.948320388794002],[120.68512725830078,15.949190139770508],[120.68360137939453,15.94944000244152],[120.68213653564464,15.95005035400385],[120.68005371093795,15.950869560241813],[120.67915344238281,15.951120376586914],[120.67785644531273,15.950489997863826],[120.67691802978516,15.950139999389762],[120.67526245117199,15.950180053710994],[120.67447662353561,15.94956016540533],[120.6735229492192,15.948909759521712],[120.67167663574253,15.94873046875],[120.67105102539074,15.94946002960205],[120.66985321044922,15.949720382690657],[120.66847229003906,15.949080467224064],[120.66757202148438,15.949520111084098],[120.66681671142578,15.949640274047908],[120.66589355468795,15.948969841003361],[120.66448974609409,15.948749542236385],[120.6629409790039,15.948209762573299],[120.66166687011719,15.948189735412598],[120.66100311279331,15.948189735412598],[120.65982818603538,15.948030471801758],[120.65901184082031,15.948140144348145],[120.65875244140636,15.947059631347656],[120.6602172851567,15.945540428161678],[120.66062164306675,15.945280075073242],[120.6613235473634,15.944890022277832],[120.66191864013683,15.943900108337516],[120.66079711914108,15.942589759826774],[120.65972900390648,15.941829681396541],[120.6587066650394,15.94048023223877],[120.65762329101597,15.939510345458984],[120.65585327148472,15.939040184021053],[120.65426635742199,15.938570022583235],[120.65334320068382,15.938429832458496],[120.65229034423851,15.938220024108944],[120.65128326416016,15.937729835510254],[120.64977264404297,15.936579704284611],[120.64885711669945,15.935390472412166],[120.64791870117188,15.93469047546398],[120.64685821533226,15.934060096740666],[120.64498138427768,15.933380126953182],[120.64404296875,15.932929992675781],[120.64392852783203,15.932999610900936],[120.64531707763683,15.929559707641602],[120.64608001708996,15.927379608154354],[120.64684295654308,15.923649787902775],[120.64716339111328,15.920610427856502],[120.64782714843795,15.917229652404899],[120.64845275878918,15.91479969024681],[120.64837646484386,15.914400100708121],[120.64874267578136,15.913809776306152],[120.64951324462902,15.9099702835083],[120.65023803710938,15.906889915466422],[120.6512069702153,15.904319763183594],[120.65119171142578,15.902620315551758],[120.65180969238293,15.901080131530875],[120.65219879150413,15.898599624633732],[120.65384674072266,15.895460128784123],[120.65447235107433,15.893199920654354],[120.65532684326206,15.889949798584041],[120.65743255615268,15.885589599609318],[120.65746307373047,15.884539604187012],[120.65833282470737,15.881819725036678],[120.65911102294922,15.879220008850325],[120.66094207763683,15.874589920043945],[120.6623001098634,15.871529579162598],[120.66340637207077,15.869529724121207],[120.6662368774414,15.865889549255485],[120.6686935424807,15.862970352172852],[120.67096710205112,15.86052036285406],[120.6748733520509,15.857110023498592],[120.676307678223,15.855079650878906],[120.67813110351574,15.852809906005916],[120.6789169311528,15.850609779358138],[120.67949676513706,15.848489761352539],[120.68071746826195,15.845729827881087],[120.68462371826195,15.845410346984977],[120.6892013549807,15.845179557800407],[120.69316101074264,15.845560073852653],[120.69669342041016,15.845749855041447],[120.6995620727539,15.846170425415039],[120.70311737060558,15.847080230712947],[120.70641326904297,15.847889900207633],[120.70982360839878,15.850190162658691],[120.71299743652389,15.850589752197209],[120.71602630615234,15.851799964904899],[120.7193832397461,15.852749824523926],[120.72193145751953,15.853010177612362],[120.72432708740268,15.852729797363395],[120.72847747802746,15.852040290832747],[120.73119354248081,15.851360321044922],[120.73565673828125,15.850440025329704],[120.73821258544933,15.851929664611873],[120.74140930175781,15.852470397949276],[120.74363708496128,15.85260009765625],[120.74500274658203,15.853899955749739],[120.74194335937523,15.861749649047965],[120.74105072021496,15.862629890441838],[120.73992919921886,15.867050170898551],[120.73497009277355,15.881999969482536],[120.72998046875045,15.893099784851017],[120.72759246826172,15.89995002746582],[120.7267074584961,15.90205001831066],[120.72367858886764,15.90952014923107],[120.72329711914108,15.911680221557617],[120.72221374511764,15.916760444641227],[120.7208023071289,15.93196964263916],[120.71984100341797,15.943380355834961],[120.71785736083984,15.943019866943416],[120.71742248535168,15.943389892578125],[120.7171630859375,15.945320129394531],[120.71750640869175,15.946479797363281]]]},"properties":{"ID_0":177,"ISO":"PHL","NAME_0":"Philippines","ID_1":61,"NAME_1":"Pangasinan","ID_2":1244,"NAME_2":"Balungao","NL_NAME_2":null,"VARNAME_2":null,"TYPE_2":"Bayan|Munisipyo","ENGTYPE_2":"Municipality","PROVINCE":"Pangasinan","REGION":"Ilocos Region (Region I)"}},
{"type":"Feature","geometry":{"type":"Polygon","coordinates":[[[119.91954040527389,16.248430252075195],[119.91937255859386,16.249610900879134],[119.9193115234375,16.249570846557674],[119.91928863525425,16.24999046325695],[119.91750335693405,16.250770568847713],[119.91394042968784,16.251489639282227],[119.90926361083996,16.251670837402344],[119.9051513671875,16.25160026550293],[119.9005813598634,16.25044059753418],[119.89845275878906,16.249790191650334],[119.89887237548862,16.251270294189567],[119.87967681884811,16.250450134277287],[119.8685302734375,16.249929428100643],[119.86328125000045,16.250730514526424],[119.85357666015636,16.249889373779524],[119.84728240966808,16.25210952758789],[119.82631683349632,16.262449264526367],[119.82038879394543,16.265579223632812],[119.80374145507812,16.272569656372127],[119.79369354248058,16.272310256958008],[119.77397918701172,16.264360427856502],[119.77401733398483,16.264110565185547],[119.7738037109375,16.263359069824276],[119.77306365966842,16.26250076293951],[119.77306365966842,16.261669158935547],[119.77333068847656,16.261390686035156],[119.77333068847656,16.26111030578619],[119.77306365966842,16.260829925537223],[119.77278137207031,16.25999069213873],[119.77278137207031,16.25805091857933],[119.77249908447277,16.2577800750733],[119.77249908447277,16.25595092773449],[119.77249908447277,16.25583076477062],[119.7725830078125,16.255760192871207],[119.77278137207031,16.25555992126459],[119.77306365966842,16.25555992126459],[119.77333068847656,16.255279541015625],[119.77388763427768,16.255279541015625],[119.77388763427768,16.25499916076683],[119.77471923828148,16.25416946411127],[119.77471923828148,16.253330230713118],[119.77443695068382,16.252220153808594],[119.77398681640625,16.251760482788086],[119.77297973632824,16.250749588012695],[119.77278137207031,16.25056076049799],[119.77278137207031,16.250450134277287],[119.77278137207031,16.250280380249023],[119.77249908447277,16.25],[119.77249908447277,16.248889923095703],[119.77262878417991,16.24834060668951],[119.77266693115234,16.24818992614746],[119.77337646484409,16.24785041809082],[119.77361297607422,16.247829437255973],[119.77422332763683,16.24777984619135],[119.7755584716798,16.247299194335994],[119.77642059326206,16.246280670166072],[119.77648162841797,16.24621009826666],[119.77754211425781,16.245250701904297],[119.77764129638717,16.245220184326115],[119.77834320068382,16.245000839233455],[119.7786102294923,16.24472045898449],[119.77889251708996,16.24472045898449],[119.7794418334961,16.244169235229492],[119.77999877929722,16.244169235229492],[119.78166961669933,16.24250030517578],[119.78166961669933,16.242219924926985],[119.78221893310592,16.241670608520565],[119.78221893310592,16.241390228271428],[119.78278350830124,16.240829467773665],[119.78278350830124,16.240549087524528],[119.7830581665039,16.240280151367244],[119.7830581665039,16.239999771118278],[119.78333282470703,16.23971939086914],[119.78333282470703,16.23944091796875],[119.78221893310592,16.238330841064567],[119.78166961669933,16.238330841064567],[119.78111267089866,16.23777961730957],[119.78028106689453,16.23777961730957],[119.77999877929722,16.237499237060774],[119.7794418334961,16.237499237060774],[119.77916717529342,16.237220764160213],[119.77916717529342,16.236940383911246],[119.77889251708996,16.236669540405217],[119.7786102294923,16.236669540405217],[119.77749633789108,16.235559463501033],[119.7772216796875,16.235559463501033],[119.77665710449219,16.235000610351506],[119.77665710449219,16.23472023010254],[119.7763900756836,16.234439849853743],[119.7763900756836,16.233940124511776],[119.7763900756836,16.233890533447322],[119.77610778808639,16.233610153198356],[119.77610778808639,16.23332977294922],[119.77583312988281,16.233060836791935],[119.77583312988281,16.23278045654297],[119.7755584716798,16.232500076294002],[119.7755584716798,16.23195075988781],[119.7752838134769,16.231670379638615],[119.7752838134769,16.229719161987532],[119.77500152587902,16.22944068908714],[119.77500152587902,16.228609085083008],[119.77471923828148,16.228330612182617],[119.77471923828148,16.22777938842779],[119.77443695068382,16.2275009155274],[119.77443695068382,16.227220535278434],[119.774169921875,16.226940155029297],[119.774169921875,16.226390838623047],[119.77306365966842,16.225280761718693],[119.77210235595749,16.22406959533697],[119.77126312255871,16.22311019897461],[119.77111053466797,16.222499847412223],[119.77055358886719,16.22193908691412],[119.77027893066406,16.221670150756836],[119.7699966430664,16.22138977050787],[119.7699966430664,16.220560073852482],[119.76972198486328,16.220279693603516],[119.76972198486328,16.21999931335472],[119.76944732666027,16.21972084045416],[119.76915740966797,16.21972084045416],[119.76889038085949,16.219440460205192],[119.76833343505882,16.21999931335472],[119.76777648925827,16.219440460205192],[119.76777648925827,16.219169616699162],[119.76750183105469,16.218889236450195],[119.76750183105469,16.21833038330101],[119.76721954345737,16.21805953979498],[119.76721954345737,16.217779159546012],[119.76693725585938,16.21750068664545],[119.76693725585938,16.21693992614769],[119.76667022705078,16.21666908264166],[119.76667022705078,16.215829849243164],[119.76638793945358,16.21556091308588],[119.76638793945358,16.215000152587947],[119.76611328125011,16.21471977233898],[119.76611328125011,16.214450836181754],[119.76583099365246,16.21417045593256],[119.76583099365246,16.213890075683594],[119.76555633544956,16.213609695434798],[119.76555633544956,16.21332931518566],[119.76499938964866,16.21277999877924],[119.76499938964866,16.212499618530273],[119.76444244384766,16.211940765381087],[119.76444244384766,16.21138954162609],[119.76416778564487,16.211109161376953],[119.76416778564487,16.210830688476562],[119.76334381103527,16.20999908447277],[119.76334381103527,16.20972061157238],[119.76304626464844,16.209440231323242],[119.76304626464844,16.208890914916992],[119.76277923583996,16.208610534668026],[119.76277923583996,16.20805931091303],[119.76304626464844,16.20778083801264],[119.76304626464844,16.20693969726574],[119.76277923583996,16.206670761108455],[119.76304626464844,16.206390380859318],[119.76304626464844,16.205299377441406],[119.76304626464844,16.20450019836437],[119.76351165771484,16.20450973510748],[119.76888275146496,16.202339172363395],[119.77438354492188,16.201299667358626],[119.77774047851562,16.200069427490234],[119.78159332275413,16.197940826416016],[119.78566741943371,16.194889068603516],[119.78833007812511,16.192340850830192],[119.7883071899414,16.19115066528343],[119.78990173339889,16.18992042541504],[119.79374694824219,16.187629699707088],[119.79518890380905,16.18664932250971],[119.79804229736374,16.183870315551815],[119.79972839355469,16.181480407714844],[119.8022232055664,16.17668914794922],[119.80785369873047,16.17262077331543],[119.81394958496128,16.169380187988395],[119.81815338134766,16.167320251464844],[119.82200622558628,16.165279388427848],[119.8255767822269,16.162929534912166],[119.82859039306652,16.16064071655279],[119.83213043212913,16.15780067443842],[119.83506011962902,16.15423011779785],[119.83956146240268,16.154300689697266],[119.84475708007812,16.155620574951172],[119.8469161987307,16.15443038940424],[119.85191345214844,16.153280258178825],[119.85299682617199,16.153390884399528],[119.85762023925815,16.15290069580101],[119.85932922363327,16.152349472046012],[119.86421966552734,16.151500701904354],[119.86710357666027,16.150499343872127],[119.87077331543014,16.150369644164982],[119.87391662597656,16.149620056152344],[119.87625885009777,16.148410797119197],[119.88139343261764,16.14425086975109],[119.88208770751987,16.14351081848139],[119.88358306884766,16.14146995544445],[119.88671112060547,16.137639999389762],[119.88845825195358,16.13478088378929],[119.88870239257858,16.129240036010856],[119.89729309082065,16.137830734253043],[119.90326690673862,16.14744949340826],[119.91005706787155,16.158649444580078],[119.91929626464866,16.17337036132824],[119.92236328125,16.17832946777355],[119.92756652832043,16.186750411987305],[119.9367065429692,16.20189094543457],[119.94075775146507,16.20779991149908],[119.942176818848,16.209619522094783],[119.94352722167991,16.2102108001709],[119.94525146484375,16.210729598998967],[119.94738006591797,16.21099090576172],[119.94838714599632,16.21133041381836],[119.94802093505905,16.213140487670955],[119.94567108154342,16.214910507202262],[119.94429016113304,16.21489906311035],[119.94281768798874,16.215780258178768],[119.9415435791019,16.217029571533203],[119.94175720214844,16.218950271606673],[119.94377136230514,16.221450805664176],[119.94525909423828,16.222469329834098],[119.94695281982445,16.22517013549816],[119.94719696044967,16.22825050354004],[119.94647216796886,16.230949401855582],[119.94510650634811,16.232650756835994],[119.94403839111328,16.23236083984375],[119.94011688232422,16.231470108032227],[119.9390487670903,16.232700347900447],[119.93640899658203,16.234130859375057],[119.93376159667969,16.235160827636832],[119.93087005615268,16.2371501922608],[119.92942810058594,16.23966026306158],[119.92733001708984,16.24350929260254],[119.92622375488327,16.245769500732536],[119.9258499145509,16.2473602294923],[119.9265289306644,16.24891090393072],[119.9277114868164,16.25],[119.92722320556686,16.25],[119.92555236816406,16.24832916259777],[119.92555236816406,16.248060226440487],[119.92527770996105,16.24777984619135],[119.92527770996105,16.247499465942383],[119.92500305175815,16.247219085693587],[119.92500305175815,16.246940612793196],[119.92472076416027,16.246669769287166],[119.92472076416027,16.2463893890382],[119.92445373535179,16.24611091613764],[119.92415618896496,16.24611091613764],[119.92388916015625,16.245830535888672],[119.92333984375,16.24633026123047],[119.92298889160168,16.24654006958002],[119.92270660400402,16.246259689331055],[119.92270660400402,16.245780944824276],[119.92298889160168,16.245100021362305],[119.92298889160168,16.24456024169922],[119.92241668701183,16.243530273437557],[119.92241668701183,16.24258041381836],[119.92185974121105,16.242509841918945],[119.9210128784182,16.243400573730412],[119.92079925537121,16.24381065368658],[119.9210128784182,16.244419097900504],[119.92178344726585,16.245510101318587],[119.92178344726585,16.24612998962425],[119.92150115966842,16.246259689331055],[119.92138671875034,16.2463893890382],[119.9211120605471,16.245830535888672],[119.92028045654297,16.245000839233455],[119.92028045654297,16.24472045898449],[119.91999816894565,16.24444007873535],[119.91999816894565,16.243610382080135],[119.91985321044956,16.243459701538313],[119.91972351074219,16.24333000183117],[119.91972351074219,16.24305915832514],[119.91944122314453,16.242780685424748],[119.91944122314453,16.24250030517578],[119.91860961914074,16.241670608520565],[119.91860961914074,16.24110984802246],[119.91805267333996,16.240549087524528],[119.91777801513695,16.240549087524528],[119.91722106933594,16.24110984802246],[119.91665649414062,16.240549087524528],[119.91610717773483,16.24110984802246],[119.91610717773483,16.241390228271428],[119.91583251953125,16.241670608520565],[119.91528320312534,16.241670608520565],[119.91500091552746,16.241390228271428],[119.91443634033226,16.241949081420955],[119.91443634033226,16.242219924926985],[119.91694641113315,16.24472045898449],[119.91722106933594,16.24472045898449],[119.91750335693405,16.245000839233455],[119.91750335693405,16.245559692382812],[119.91805267333996,16.24611091613764],[119.91805267333996,16.2463893890382],[119.91860961914074,16.246940612793196],[119.91860961914074,16.247219085693587],[119.9188919067384,16.247499465942383],[119.9188919067384,16.24777984619135],[119.91954040527389,16.248430252075195]]]},"properties":{"ID_0":177,"ISO":"PHL","NAME_0":"Philippines","ID_1":61,"NAME_1":"Pangasinan","ID_2":1245,"NAME_2":"Bani","NL_NAME_2":null,"VARNAME_2":null,"TYPE_2":"Bayan|Munisipyo","ENGTYPE_2":"Municipality","PROVINCE":"Pangasinan","REGION":"Ilocos Region (Region I)"}},
{"type":"Feature","geometry":{"type":"Polygon","coordinates":[[[120.39308929443382,15.841440200805664],[120.40160369873081,15.842809677123967],[120.40720367431663,15.843790054321346],[120.41094207763706,15.844479560852164],[120.42265319824241,15.847550392150936],[120.43836975097668,15.850890159606934],[120.44007110595714,15.851490020752067],[120.4385375976567,15.856180191040096],[120.43773651123047,15.859319686889876],[120.43659210205078,15.862059593200797],[120.43483734130893,15.866180419921875],[120.43003845214844,15.870309829711971],[120.42817687988304,15.871629714965877],[120.42292785644543,15.876609802246037],[120.41610717773438,15.882960319519157],[120.41483306884788,15.883830070495662],[120.40648651123092,15.891489982605037],[120.39727020263706,15.890740394592399],[120.39195251464844,15.890729904174805],[120.38905334472668,15.888770103454704],[120.38749694824219,15.888440132141113],[120.3845901489259,15.886030197143612],[120.38347625732456,15.885540008544922],[120.38127899169922,15.88383960723877],[120.38433837890625,15.87654018402111],[120.38629150390636,15.870459556579704],[120.38636016845703,15.869279861450195],[120.38749694824219,15.865019798278809],[120.38893127441406,15.861350059509277],[120.38948059082031,15.858969688415584],[120.38934326171886,15.85879993438715],[120.39100646972656,15.852709770202637],[120.39230346679722,15.847539901733512],[120.39177703857422,15.846119880676326],[120.39308929443382,15.841440200805664]]]},"properties":{"ID_0":177,"ISO":"PHL","NAME_0":"Philippines","ID_1":61,"NAME_1":"Pangasinan","ID_2":1246,"NAME_2":"Basista","NL_NAME_2":null,"VARNAME_2":null,"TYPE_2":"Bayan|Munisipyo","ENGTYPE_2":"Municipality","PROVINCE":"Pangasinan","REGION":"Ilocos Region (Region I)"}},
{"type":"Feature","geometry":{"type":"Polygon","coordinates":[[[120.57302856445324,15.832280158996696],[120.56302642822288,15.832030296325684],[120.55435943603561,15.832139968872298],[120.55032348632824,15.832200050353947],[120.54698181152355,15.832240104675236],[120.54415893554688,15.832189559936523],[120.54135894775402,15.831930160522404],[120.540077209473,15.832010269165153],[120.5375671386721,15.831939697265739],[120.53608703613281,15.83191967010498],[120.53294372558639,15.831999778747559],[120.53005981445312,15.832110404968262],[120.52854919433594,15.832050323486442],[120.52649688720714,15.83191967010498],[120.52091979980469,15.832059860229549],[120.51464843750011,15.832180023193587],[120.51184844970737,15.83209037780773],[120.4974365234375,15.83156967163086],[120.49658966064487,15.831600189209041],[120.4930419921875,15.831789970398006],[120.49095916748047,15.832070350646973],[120.48934936523438,15.832189559936523],[120.48670959472668,15.831970214843864],[120.48474121093795,15.831330299377498],[120.48594665527355,15.830559730529842],[120.48722076416061,15.82948970794672],[120.48893737793014,15.827170372009391],[120.48899841308605,15.825539588928223],[120.48753356933594,15.823149681091422],[120.48652648925815,15.821519851684684],[120.4847564697269,15.820340156555176],[120.48406219482445,15.81980037689209],[120.48262786865246,15.818499565124625],[120.48164367675827,15.817589759826717],[120.4798812866211,15.816300392150936],[120.47825622558639,15.81593990325922],[120.47734069824219,15.816639900207633],[120.4765090942384,15.818929672241325],[120.47586822509788,15.82135009765625],[120.47476959228561,15.823459625244254],[120.47229766845749,15.82433032989502],[120.47162628173828,15.823809623718375],[120.4697036743164,15.822759628296012],[120.46604156494163,15.820719718933333],[120.46544647216808,15.818619728088493],[120.4657974243164,15.817990303039494],[120.46559143066406,15.816140174865836],[120.46676635742233,15.81342983245861],[120.46723175048828,15.812560081481934],[120.46827697753906,15.810729980468977],[120.46827697753906,15.810669898986816],[120.46839141845703,15.809309959411621],[120.46840667724643,15.808950424194393],[120.46856689453125,15.806879997253361],[120.46864318847656,15.805109977722282],[120.46852111816429,15.803179740905819],[120.46840667724643,15.801839828491211],[120.46882629394531,15.80109977722168],[120.47332763671875,15.80039024353033],[120.47988891601562,15.799969673156966],[120.4822463989259,15.799920082092399],[120.48837280273483,15.799690246582088],[120.50263977050793,15.786580085754395],[120.50624084472702,15.783140182495117],[120.52416992187545,15.766050338745345],[120.5306091308596,15.760239601135368],[120.53703308105469,15.764220237732047],[120.53974914550815,15.766180038452148],[120.54341125488281,15.768070220947322],[120.54622650146518,15.769579887390194],[120.54792785644531,15.770709991455078],[120.55003356933605,15.772979736328182],[120.55110168457043,15.775569915771598],[120.55158233642601,15.777830123901367],[120.5524520874028,15.781359672546387],[120.55394744873058,15.784429550171012],[120.55551910400425,15.787130355834961],[120.55843353271518,15.792610168457259],[120.56036376953148,15.796090126037654],[120.56188964843773,15.800140380859318],[120.56285095214844,15.802519798278865],[120.56350708007835,15.804550170898438],[120.56465148925804,15.809169769287223],[120.56928253173828,15.817580223083553],[120.57302856445324,15.832280158996696]]]},"properties":{"ID_0":177,"ISO":"PHL","NAME_0":"Philippines","ID_1":61,"NAME_1":"Pangasinan","ID_2":1247,"NAME_2":"Bautista","NL_NAME_2":null,"VARNAME_2":null,"TYPE_2":"Bayan|Munisipyo","ENGTYPE_2":"Municipality","PROVINCE":"Pangasinan","REGION":"Ilocos Region (Region I)"}},
{"type":"Feature","geometry":{"type":"Polygon","coordinates":[[[120.4930419921875,15.831789970398006],[120.49403381347702,15.832599639892692],[120.49471282958984,15.833909988403434],[120.49413299560547,15.83771991729742],[120.49339294433628,15.845120429992676],[120.49224090576183,15.84807014465332],[120.49224853515659,15.848670005798397],[120.49208068847679,15.850749969482536],[120.48940277099632,15.863129615783691],[120.48332214355469,15.862469673156738],[120.47205352783226,15.859689712524357],[120.46692657470703,15.858139991760197],[120.46257781982433,15.856769561767635],[120.46222686767601,15.856630325317326],[120.4604263305664,15.856209754943961],[120.4570922851567,15.855509757995549],[120.45429992675815,15.8546400070191],[120.45301818847656,15.854450225830078],[120.44702911376953,15.85291957855236],[120.44007110595714,15.851490020752067],[120.43836975097668,15.850890159606934],[120.42265319824241,15.847550392150936],[120.41094207763706,15.844479560852164],[120.40720367431663,15.843790054321346],[120.40160369873081,15.842809677123967],[120.39308929443382,15.841440200805664],[120.39559173583984,15.828570365905875],[120.39591217041016,15.8262300491333],[120.39734649658214,15.81795978546154],[120.39779663085938,15.817159652710188],[120.39871215820335,15.815230369567871],[120.39926147460949,15.811079978943098],[120.39971160888672,15.80935001373291],[120.40101623535202,15.802900314331168],[120.40123748779297,15.801010131835994],[120.40312194824253,15.79127025604248],[120.4050521850586,15.783619880676383],[120.40603637695347,15.77807998657238],[120.40602111816406,15.77764987945551],[120.39868164062511,15.773050308227653],[120.39974212646518,15.766050338745345],[120.40277862548828,15.765410423278809],[120.41188049316452,15.762169837951774],[120.41536712646484,15.760899543762264],[120.41945648193405,15.759380340576286],[120.42246246337913,15.75823974609375],[120.43180847167991,15.754520416259766],[120.43491363525436,15.753930091857967],[120.44155883789062,15.75170993804926],[120.44558715820358,15.750379562377987],[120.44700622558594,15.749910354614315],[120.4530029296875,15.748109817504826],[120.4561004638673,15.746649742126579],[120.45864868164062,15.745280265808049],[120.46085357666061,15.743160247802848],[120.46414184570358,15.741060256957951],[120.47033691406273,15.73633956909174],[120.47398376464844,15.73460960388195],[120.48107147216842,15.729840278625602],[120.50034332275402,15.742280006408919],[120.5083694458009,15.74701976776123],[120.51197052001999,15.749770164489746],[120.52111053466797,15.754400253295955],[120.5244293212894,15.756340026855526],[120.52604675292969,15.757280349731445],[120.52790832519543,15.758449554443303],[120.5306091308596,15.760239601135368],[120.52416992187545,15.766050338745345],[120.50624084472702,15.783140182495117],[120.50263977050793,15.786580085754395],[120.48837280273483,15.799690246582088],[120.4822463989259,15.799920082092399],[120.47988891601562,15.799969673156966],[120.47332763671875,15.80039024353033],[120.46882629394531,15.80109977722168],[120.46840667724643,15.801839828491211],[120.46852111816429,15.803179740905819],[120.46864318847656,15.805109977722282],[120.46856689453125,15.806879997253361],[120.46840667724643,15.808950424194393],[120.46839141845703,15.809309959411621],[120.46827697753906,15.810669898986816],[120.46827697753906,15.810729980468977],[120.46723175048828,15.812560081481934],[120.46676635742233,15.81342983245861],[120.46559143066406,15.816140174865836],[120.4657974243164,15.817990303039494],[120.46544647216808,15.818619728088493],[120.46604156494163,15.820719718933333],[120.4697036743164,15.822759628296012],[120.47162628173828,15.823809623718375],[120.47229766845749,15.82433032989502],[120.47476959228561,15.823459625244254],[120.47586822509788,15.82135009765625],[120.4765090942384,15.818929672241325],[120.47734069824219,15.816639900207633],[120.47825622558639,15.81593990325922],[120.4798812866211,15.816300392150936],[120.48164367675827,15.817589759826717],[120.48262786865246,15.818499565124625],[120.48406219482445,15.81980037689209],[120.4847564697269,15.820340156555176],[120.48652648925815,15.821519851684684],[120.48753356933594,15.823149681091422],[120.48899841308605,15.825539588928223],[120.48893737793014,15.827170372009391],[120.48722076416061,15.82948970794672],[120.48594665527355,15.830559730529842],[120.48474121093795,15.831330299377498],[120.48670959472668,15.831970214843864],[120.48934936523438,15.832189559936523],[120.49095916748047,15.832070350646973],[120.4930419921875,15.831789970398006]]]},"properties":{"ID_0":177,"ISO":"PHL","NAME_0":"Philippines","ID_1":61,"NAME_1":"Pangasinan","ID_2":1248,"NAME_2":"Bayambang","NL_NAME_2":null,"VARNAME_2":null,"TYPE_2":"Bayan|Munisipyo","ENGTYPE_2":"Municipality","PROVINCE":"Pangasinan","REGION":"Ilocos Region (Region I)"}},
{"type":"Feature","geometry":{"type":"Polygon","coordinates":[[[120.59485626220714,16.014949798584098],[120.59750366210938,16.01691055297846],[120.61239624023438,16.0283203125],[120.625526428223,16.03486061096197],[120.62801361083984,16.03702926635765],[120.6294174194336,16.037590026855412],[120.62999725341797,16.04018020629877],[120.63156890869152,16.04221916198736],[120.63195800781261,16.066879272461165],[120.63213348388717,16.06837081909191],[120.63231658935592,16.071069717407227],[120.63260650634766,16.07167053222662],[120.63320922851597,16.07258987426752],[120.633583068848,16.074720382690543],[120.63465881347702,16.076139450073242],[120.63538360595714,16.077810287475586],[120.6358032226567,16.079120635986328],[120.63642883300781,16.080930709838924],[120.63626861572288,16.082660675048942],[120.63603210449219,16.085380554199446],[120.63626861572288,16.08670997619629],[120.637451171875,16.088859558105582],[120.63802337646484,16.08959007263195],[120.6385269165039,16.090610504150447],[120.63838195800781,16.092809677124137],[120.63758087158214,16.094579696655217],[120.63658905029331,16.097200393676758],[120.63684082031273,16.09810066223139],[120.63810729980503,16.100379943847656],[120.63831329345703,16.102460861206055],[120.6374969482423,16.10470962524414],[120.63614654541027,16.107309341430664],[120.63613891601608,16.109359741210938],[120.63568115234409,16.111480712890625],[120.63471984863293,16.113710403442496],[120.63459014892578,16.116230010986442],[120.6352005004884,16.117969512939567],[120.6348876953125,16.120370864868278],[120.63488006591797,16.12243080139183],[120.6334915161134,16.123600006103572],[120.63189697265625,16.123659133911076],[120.62933349609409,16.12435913085949],[120.62935638427734,16.12552070617687],[120.6000137329105,16.118690490722656],[120.58467864990257,16.1155300140382],[120.57937622070312,16.114650726318416],[120.5726089477539,16.106449127197322],[120.56964111328159,16.102989196777457],[120.56839752197266,16.101739883422795],[120.55473327636741,16.08359909057623],[120.55589294433639,16.082170486450252],[120.55725860595703,16.07880973815918],[120.55821990966797,16.07690048217796],[120.55963897705078,16.07329940795904],[120.56118774414074,16.06814002990734],[120.56134033203125,16.067409515380973],[120.56218719482467,16.064300537109318],[120.56350708007835,16.05912017822277],[120.5628128051759,16.057979583740234],[120.56419372558594,16.056049346923828],[120.56487274169956,16.05314064025879],[120.56507873535156,16.052169799804744],[120.56571960449219,16.050680160522575],[120.56623840332031,16.04812049865734],[120.56665802001976,16.045890808105526],[120.56675720214889,16.045509338378963],[120.56707000732422,16.044090270996037],[120.56783294677734,16.041130065918196],[120.56812286376953,16.039480209350586],[120.56816864013706,16.037990570068587],[120.56835174560581,16.037549972534123],[120.56877136230469,16.03451919555664],[120.56929016113281,16.030019760132063],[120.5701828002932,16.024690628051758],[120.57116699218784,16.019760131835994],[120.57108306884766,16.017959594726506],[120.57161712646507,16.015890121460018],[120.57495117187523,16.015649795532283],[120.57739257812545,16.015270233154354],[120.58097839355469,16.015110015869197],[120.58872985839844,16.014230728149414],[120.59295654296909,16.013549804687614],[120.59485626220714,16.014949798584098]]]},"properties":{"ID_0":177,"ISO":"PHL","NAME_0":"Philippines","ID_1":61,"NAME_1":"Pangasinan","ID_2":1249,"NAME_2":"Binalonan","NL_NAME_2":null,"VARNAME_2":null,"TYPE_2":"Bayan|Munisipyo","ENGTYPE_2":"Municipality","PROVINCE":"Pangasinan","REGION":"Ilocos Region (Region I)"}},
{"type":"Feature","geometry":{"type":"Polygon","coordinates":[[[120.32798767089844,15.965849876403752],[120.32859039306652,15.973999977111873],[120.32855224609409,15.97595024108881],[120.32766723632835,15.983530044555664],[120.32763671875011,15.984219551086653],[120.32720947265659,15.98694992065424],[120.3263778686528,15.996959686279354],[120.32620239257824,15.998169898986816],[120.32585144042991,16.006269454955998],[120.32515716552746,16.01435089111328],[120.32510375976608,16.020160675048828],[120.32502746582031,16.020870208740348],[120.31671905517612,16.02927970886236],[120.31545257568382,16.03055000305187],[120.30979156494186,16.036079406738224],[120.30747985839844,16.03936004638672],[120.30677032470714,16.040500640869254],[120.30502319335983,16.04417991638195],[120.30367279052734,16.047149658203125],[120.30088043212936,16.051959991455192],[120.29853057861374,16.056070327758846],[120.29416656494152,16.054170608520565],[120.29087829589844,16.053020477294922],[120.28778076171909,16.05194091796875],[120.28221893310547,16.049169540405387],[120.28022003173874,16.048500061035156],[120.27722167968795,16.047500610351676],[120.27610778808594,16.04722023010254],[120.27583312988327,16.046939849853572],[120.27166748046886,16.04582977294922],[120.27139282226585,16.04582977294922],[120.26570129394531,16.04410934448248],[120.25583648681652,16.041109085083008],[120.25200653076183,16.040370941162053],[120.25289154052757,16.037719726562557],[120.25462341308594,16.032230377197266],[120.2550735473634,16.03210067749029],[120.25582122802746,16.02939033508312],[120.25614929199219,16.02746009826666],[120.25681304931686,16.0262393951416],[120.25737762451195,16.02276992797863],[120.26017761230469,16.015420913696346],[120.26045989990268,16.014720916748274],[120.26159667968784,16.0109806060791],[120.26226806640625,16.008420944213867],[120.26302337646484,16.006170272827205],[120.26323699951172,16.00531959533714],[120.26508331298862,15.999509811401595],[120.26640319824219,15.995920181274414],[120.26775360107456,15.991880416870345],[120.26928710937534,15.987819671631087],[120.27052307128918,15.984629631042594],[120.27185821533214,15.980019569396916],[120.27452087402355,15.974869728088322],[120.28209686279297,15.957859992980957],[120.28302764892601,15.954529762268066],[120.28275299072311,15.952249526977539],[120.28278350830078,15.949640274047908],[120.28337097167969,15.947549819946346],[120.28395080566406,15.947270393371696],[120.28370666503952,15.944140434265194],[120.29416656494152,15.951319694519043],[120.29934692382858,15.954859733581657],[120.2998275756836,15.955329895019588],[120.30390930175793,15.95779037475586],[120.30889892578159,15.960470199585075],[120.31633758544956,15.965680122375488],[120.32687377929699,15.965880393981934],[120.32798767089844,15.965849876403752]]]},"properties":{"ID_0":177,"ISO":"PHL","NAME_0":"Philippines","ID_1":61,"NAME_1":"Pangasinan","ID_2":1250,"NAME_2":"Binmaley","NL_NAME_2":null,"VARNAME_2":null,"TYPE_2":"Bayan|Munisipyo","ENGTYPE_2":"Municipality","PROVINCE":"Pangasinan","REGION":"Ilocos Region (Region I)"}},
{"type":"Feature","geometry":{"type":"MultiPolygon","coordinates":[[[[119.92440032958984,16.26642036438011],[119.9246826171875,16.26642036438011],[119.92489624023449,16.26689910888672],[119.92474365234443,16.26729011535639],[119.9246826171875,16.267450332641715],[119.92418670654331,16.267650604248104],[119.92355346679733,16.26771926879877],[119.92337036132824,16.26759910583513],[119.92312622070312,16.267450332641715],[119.92278289794967,16.26683044433605],[119.92298889160168,16.266490936279524],[119.923622131348,16.266359329223803],[119.92440032958984,16.26642036438011]]],[[[119.92266845703159,16.28042030334484],[119.92301940917991,16.280630111694563],[119.92286682128906,16.28130912780756],[119.92252349853572,16.28199005126953],[119.92153930664062,16.28232955932623],[119.92082977294945,16.28212928771984],[119.92076110839878,16.281860351562557],[119.92146301269543,16.280630111694563],[119.92189025878974,16.280290603637695],[119.92266845703159,16.28042030334484]]],[[[119.91571044921875,16.294919967651367],[119.91594696044933,16.294919967651367],[119.91629028320312,16.29581069946289],[119.9163284301759,16.29616928100586],[119.91635894775459,16.296430587768555],[119.91620635986328,16.297250747680835],[119.91615295410179,16.2982692718507],[119.91600799560547,16.298749923706282],[119.91531372070312,16.298879623413256],[119.91496276855514,16.298610687255803],[119.91481781005882,16.29799079895014],[119.91481781005882,16.29738044738798],[119.91488647460949,16.296489715576286],[119.91496276855514,16.295900344848576],[119.91496276855514,16.29581069946289],[119.91517639160168,16.295190811157227],[119.91552734375,16.294919967651367],[119.91571044921875,16.294919967651367]]],[[[119.92278289794967,16.314720153808707],[119.92223358154308,16.314720153808707],[119.92223358154308,16.31443977355957],[119.92189788818393,16.314119338989485],[119.92138671875057,16.313610076904354],[119.92138671875057,16.313329696655387],[119.9211120605471,16.31306076049833],[119.9211120605471,16.3125],[119.92082977294945,16.312219619751204],[119.92082977294945,16.311199188232365],[119.92082977294945,16.310829162597884],[119.92176818847713,16.310550689697493],[119.92202758789108,16.3105792999267],[119.92224121093761,16.310689926147404],[119.92249298095703,16.310859680175838],[119.92297363281295,16.311330795288313],[119.92340850830146,16.311899185180778],[119.92386627197322,16.312469482422046],[119.92436218261787,16.31300926208496],[119.92415618896496,16.313610076904354],[119.92415618896496,16.31389045715332],[119.92388916015625,16.314170837402287],[119.92333221435547,16.314170837402287],[119.92278289794967,16.314720153808707]]],[[[119.92862701416072,16.36169052124029],[119.92962646484375,16.363460540771428],[119.93000793457031,16.364389419555835],[119.9302673339846,16.364799499511776],[119.9302673339846,16.36667060852045],[119.93000030517578,16.36694908142084],[119.9296493530278,16.366800308227823],[119.92939758300838,16.36675071716303],[119.92904663085938,16.365699768066406],[119.92887878417969,16.364269256591797],[119.9286117553711,16.364089965820597],[119.9286117553711,16.36388969421381],[119.92888641357467,16.363609313964844],[119.92888641357467,16.36249923706066],[119.9286117553711,16.3622207641601],[119.9286117553711,16.361940383911133],[119.92833709716808,16.361669540405273],[119.9280471801759,16.361669540405273],[119.92666625976597,16.360279083251953],[119.92666625976597,16.359779357910156],[119.92862701416072,16.36169052124029]]],[[[119.93022918701217,16.371189117431697],[119.93036651611351,16.371669769287053],[119.93007659912132,16.372219085693473],[119.92980194091797,16.37269020080572],[119.92938232421886,16.37282943725603],[119.9293365478519,16.372800827026424],[119.92903137207054,16.372619628906307],[119.92888641357467,16.371999740600643],[119.92903137207054,16.37153053283714],[119.92980194091797,16.371189117431697],[119.93022918701217,16.371189117431697]]],[[[119.91954040527389,16.248430252075195],[119.92082977294945,16.24971961975109],[119.9211120605471,16.24971961975109],[119.92166900634777,16.250280380249023],[119.92166900634777,16.25056076049799],[119.9219436645509,16.250829696655273],[119.9219436645509,16.251390457153377],[119.92223358154308,16.251670837402344],[119.92223358154308,16.251939773559798],[119.92250061035156,16.252220153808594],[119.92250061035156,16.25250053405756],[119.92388916015625,16.253889083862305],[119.92388916015625,16.25499916076683],[119.92360687255905,16.255279541015625],[119.92223358154308,16.255279541015625],[119.9219436645509,16.25555992126459],[119.92166900634777,16.25555992126459],[119.92082977294945,16.25638961791998],[119.92082977294945,16.256669998168945],[119.92066955566406,16.256940841674805],[119.92060089111328,16.25742912292492],[119.92054748535202,16.257919311523438],[119.92051696777355,16.257980346679915],[119.9203872680664,16.258399963378963],[119.91996765136741,16.2587509155274],[119.91944885253906,16.25905036926281],[119.91892242431663,16.259309768676758],[119.91842651367199,16.259609222412166],[119.91797637939453,16.25999069213873],[119.91755676269543,16.26038932800293],[119.91719055175838,16.260770797729492],[119.91680145263729,16.2610702514649],[119.91634368896507,16.261240005493164],[119.9158630371096,16.26144027709978],[119.91535949707043,16.261650085449276],[119.91487121582031,16.261800765991495],[119.91443634033226,16.261940002441406],[119.91416931152344,16.261940002441406],[119.9136428833009,16.262470245361385],[119.91361236572266,16.26250076293951],[119.91361236572266,16.262710571289062],[119.91361236572266,16.263019561767578],[119.91361236572266,16.263330459594727],[119.91471862792991,16.26444053649925],[119.91535949707043,16.265260696411133],[119.91712188720771,16.267240524291992],[119.91832733154354,16.268890380859432],[119.92019653320312,16.270900726318416],[119.9211120605471,16.272260665893782],[119.92189025878974,16.274169921875],[119.922119140625,16.275020599365234],[119.92224121093761,16.27548027038597],[119.92230987548828,16.27573966979992],[119.92209625244175,16.27642059326189],[119.92201232910156,16.27680015563965],[119.92189025878974,16.27732086181652],[119.92186737060558,16.277509689331225],[119.92175292968761,16.2792205810548],[119.9211120605471,16.280319213867415],[119.92054748535224,16.28126907348627],[119.92012023925827,16.281480789184798],[119.91976165771496,16.281290054321516],[119.9188919067384,16.28083038330078],[119.91832733154354,16.28083038330078],[119.91777801513695,16.280279159545955],[119.91722106933594,16.280279159545955],[119.91694641113315,16.280000686645565],[119.91583251953125,16.280000686645565],[119.91555786132824,16.279720306396598],[119.91528320312557,16.279720306396598],[119.91500091552746,16.280000686645565],[119.91443634033226,16.280000686645565],[119.91416931152344,16.280279159545955],[119.91416931152344,16.280559539794922],[119.91471862792991,16.281110763549748],[119.91471862792991,16.28138923645031],[119.91500091552746,16.281669616699276],[119.91555786132824,16.281669616699276],[119.91583251953125,16.281940460205305],[119.91610717773483,16.281940460205305],[119.91638946533203,16.2822208404541],[119.91694641113315,16.282499313354492],[119.91694641113315,16.28277969360346],[119.91722106933594,16.283060073852596],[119.91722106933594,16.283569335937557],[119.91722106933594,16.284999847412166],[119.91693115234443,16.286119461059855],[119.91687011718795,16.28635978698736],[119.91687011718795,16.286500930786417],[119.91687011718795,16.287799835205078],[119.91708374023449,16.28848075866705],[119.91708374023449,16.288959503173828],[119.91702270507812,16.289239883423022],[119.9169235229499,16.289709091186467],[119.9168472290039,16.290880203247127],[119.91677856445312,16.292240142822493],[119.91648864746139,16.292919158935717],[119.91478729248058,16.293140411376953],[119.9141616821289,16.29414939880371],[119.91330718994209,16.294769287109375],[119.91290283203136,16.294769287109375],[119.91246795654297,16.294900894165323],[119.91197204589912,16.295040130615234],[119.91197204589912,16.295240402221623],[119.91224670410179,16.295789718628043],[119.91310119628929,16.296470642089844],[119.91325378418014,16.297250747680835],[119.91329193115257,16.297529220580998],[119.91325378418014,16.29777908325201],[119.9132080078125,16.29804992675804],[119.91316223144531,16.298330307006836],[119.91313171386753,16.298610687255803],[119.91316986083996,16.298900604248104],[119.91333770751953,16.29914093017578],[119.91361999511719,16.299379348754883],[119.91403961181652,16.299549102783317],[119.91433715820335,16.299560546875227],[119.91499328613293,16.29957962036127],[119.91535186767624,16.29991912841797],[119.91555786132824,16.300329208374308],[119.9156265258789,16.30108070373535],[119.91580200195347,16.301979064941577],[119.91583251953125,16.302410125732536],[119.9158630371096,16.302749633789062],[119.91602325439453,16.302980422973803],[119.91610717773483,16.303230285644588],[119.91618347168003,16.303510665893782],[119.91635131836006,16.3037700653079],[119.91647338867188,16.304119110107536],[119.91663360595726,16.30447959899908],[119.91664123535156,16.304580688476847],[119.91670989990246,16.304950714111328],[119.91673278808662,16.304979324340877],[119.91690063476574,16.305389404296818],[119.91693878173862,16.30573081970209],[119.91694641113315,16.305849075317383],[119.91700744628929,16.306270599365405],[119.9172134399414,16.306610107422102],[119.91734313964844,16.30686950683622],[119.91737365722713,16.306930541992358],[119.91752624511719,16.307189941406477],[119.91767883300804,16.307390213012695],[119.91771697998047,16.30761909484886],[119.91842651367199,16.308570861816463],[119.91850280761719,16.30863952636713],[119.91912841796875,16.309190750122127],[119.91941070556709,16.30975914001465],[119.91941070556709,16.310689926147404],[119.91927337646496,16.31218910217308],[119.91938781738293,16.312530517578352],[119.9194564819336,16.312850952148608],[119.91951751708984,16.313119888305664],[119.91956329345714,16.313339233398494],[119.91964721679688,16.313720703125057],[119.91986846923851,16.313919067383097],[119.92028045654297,16.314170837402287],[119.92056274414097,16.314170837402287],[119.92180633544922,16.315429687500057],[119.9219436645509,16.31555938720703],[119.9219436645509,16.31638908386242],[119.92166900634777,16.316669464111385],[119.92166900634777,16.316940307617415],[119.9219436645509,16.31722068786621],[119.9219436645509,16.3174991607666],[119.92223358154308,16.317779541015568],[119.92223358154308,16.318059921264705],[119.92278289794967,16.318609237671126],[119.92388916015625,16.318609237671126],[119.92430877685592,16.318820953369254],[119.92459106445312,16.31936073303217],[119.92465209960938,16.319669723510913],[119.92466735839844,16.31977081298851],[119.92452239990246,16.320049285888672],[119.92415618896496,16.3205509185791],[119.92410278320312,16.32061958312994],[119.92388916015625,16.320829391479492],[119.92368316650413,16.320730209350643],[119.92360687255928,16.320970535278548],[119.92333221435547,16.32110977172863],[119.92333221435547,16.321670532226562],[119.92305755615234,16.321950912475756],[119.92305755615234,16.32250022888178],[119.92328643798862,16.322740554809855],[119.92415618896496,16.323610305786133],[119.92445373535179,16.323329925537337],[119.92549133300793,16.32299041748047],[119.92591094970737,16.323200225830192],[119.92611694335938,16.32353973388672],[119.9258422851567,16.323949813843],[119.92598724365234,16.32469940185547],[119.92666625976597,16.326389312744197],[119.92666625976597,16.326669692993164],[119.92694091796875,16.326940536499023],[119.92694091796875,16.32749938964855],[119.92722320556686,16.327779769897518],[119.92722320556686,16.328609466552734],[119.92749786376976,16.3288898468017],[119.92749786376976,16.32945060729986],[119.92722320556686,16.32971954345726],[119.92722320556686,16.330560684204215],[119.92749786376976,16.330829620361442],[119.92758178710949,16.331310272216854],[119.9280700683596,16.331930160522518],[119.92842864990246,16.332130432128906],[119.9286270141605,16.33234024047863],[119.92871093750011,16.333019256591797],[119.92865753173828,16.334289550781477],[119.92884063720726,16.334720611572266],[119.92861938476574,16.334789276123104],[119.9286117553711,16.33555984497076],[119.92854309082043,16.335620880126896],[119.92833709716808,16.33583068847662],[119.92833709716808,16.336940765380973],[119.92694091796875,16.338329315185547],[119.92694091796875,16.338609695434684],[119.92666625976597,16.33889007568365],[119.92666625976597,16.33945083618164],[119.92610931396484,16.340000152587834],[119.92610931396484,16.341110229492188],[119.92527770996105,16.341939926147575],[119.92527770996105,16.34222030639654],[119.92472076416027,16.3427791595459],[119.92492675781273,16.342990875244197],[119.9246597290039,16.34300041198736],[119.92466735839844,16.344640731811467],[119.92514038085972,16.34616088867199],[119.92581939697266,16.348100662231502],[119.9256362915039,16.34992980957054],[119.92500305175815,16.351789474487532],[119.92505645751953,16.353149414062557],[119.92466735839844,16.35436058044428],[119.92389678955078,16.35555076599121],[119.92433166503918,16.356039047241325],[119.92481994628963,16.35720062255865],[119.92633056640636,16.35943984985363],[119.92610931396484,16.35943984985363],[119.92527770996105,16.360279083251953],[119.92527770996105,16.36055946350092],[119.92555236816406,16.36083030700695],[119.92555236816406,16.361940383911133],[119.92527770996105,16.3622207641601],[119.92527770996105,16.36249923706066],[119.92500305175838,16.362779617309627],[119.92500305175838,16.362939834594783],[119.92449188232422,16.36285018920927],[119.92410278320312,16.363269805908146],[119.9241409301759,16.36436080932623],[119.92527770996105,16.3654594421389],[119.92527770996105,16.365549087524414],[119.92500305175838,16.36582946777355],[119.92500305175838,16.366109848022518],[119.92472076416027,16.366390228271484],[119.92442321777355,16.36700057983421],[119.9240570068365,16.367389678955305],[119.92388916015625,16.36721992492687],[119.92360687255928,16.367500305175838],[119.92333221435547,16.367500305175838],[119.92305755615234,16.367780685424805],[119.92278289794967,16.367500305175838],[119.9211120605471,16.367500305175838],[119.92082977294945,16.36721992492687],[119.92056274414097,16.367500305175838],[119.92028045654297,16.367500305175838],[119.92028045654297,16.367780685424805],[119.91972351074219,16.368330001831055],[119.91972351074219,16.36861038208002],[119.91944122314453,16.36889076232916],[119.91944885253906,16.36918067932129],[119.91911315917991,16.36927986145048],[119.91790771484375,16.370100021362532],[119.91757202148494,16.37087059021019],[119.91918945312511,16.37104988098139],[119.92086029052734,16.370979309082145],[119.92095947265625,16.370950698852596],[119.9211120605471,16.371110916137695],[119.9211120605471,16.371389389038086],[119.92138671875057,16.371669769287053],[119.92166900634777,16.371669769287053],[119.9219436645509,16.371940612793082],[119.92250061035156,16.371940612793082],[119.92278289794967,16.372219085693473],[119.92333221435547,16.372219085693473],[119.92415618896496,16.373060226440373],[119.92388916015625,16.373329162597656],[119.92388153076195,16.37445068359392],[119.92360687255928,16.374719619750977],[119.92360687255928,16.37528038024908],[119.92449188232422,16.377620697021484],[119.92527770996105,16.379859924316634],[119.92562103271484,16.380830764770508],[119.92558288574276,16.381780624389933],[119.92555236816406,16.382329940795955],[119.92498779296875,16.383560180664176],[119.92400360107456,16.383840560913313],[119.92272949218773,16.38445091247587],[119.92146301269543,16.384859085083235],[119.92082977294945,16.384719848632926],[119.91944122314453,16.384719848632926],[119.91916656494186,16.38445091247587],[119.91916656494186,16.383609771728572],[119.9188919067384,16.383329391479606],[119.9188919067384,16.382780075073185],[119.91777801513695,16.381669998169002],[119.91750335693428,16.381669998169002],[119.91722106933594,16.381389617919865],[119.91665649414062,16.381389617919865],[119.91610717773483,16.38194084167486],[119.91583251953125,16.38194084167486],[119.91471862792991,16.380830764770508],[119.91471862792991,16.38055992126465],[119.91443634033226,16.380279541015682],[119.91443634033226,16.379999160766715],[119.91416931152344,16.379720687866154],[119.91416931152344,16.379440307617188],[119.913330078125,16.37861061096197],[119.91306304931686,16.37861061096197],[119.91278076171875,16.378330230713004],[119.91194152832043,16.378330230713004],[119.91181945800781,16.3783798217774],[119.91127777099666,16.378559112549],[119.91029357910156,16.37888908386236],[119.9091567993164,16.379169464111328],[119.90888977050793,16.379440307617188],[119.9086074829105,16.379440307617188],[119.90833282470726,16.379720687866154],[119.9080581665039,16.379720687866154],[119.90778350830112,16.380279541015682],[119.90766906738304,16.380329132080135],[119.90721893310581,16.38055992126465],[119.90667724609375,16.381410598754883],[119.90632629394554,16.382099151611385],[119.90556335449241,16.382780075073185],[119.90556335449241,16.383329391479606],[119.90528106689476,16.383609771728572],[119.90528106689476,16.384170532226506],[119.9049987792971,16.3844509124757],[119.9049987792971,16.386390686035213],[119.90471649169967,16.386669158935604],[119.90471649169967,16.38722038269043],[119.9044418334961,16.387500762939396],[119.9044418334961,16.38861083984375],[119.90334320068371,16.389720916748104],[119.90334320068371,16.389999389648494],[119.90165710449241,16.39167022705078],[119.90165710449241,16.391950607299805],[119.9013900756836,16.39221954345703],[119.90110778808628,16.39221954345703],[119.90083312988281,16.392499923705998],[119.90028381347702,16.392780303955135],[119.89971923828136,16.392780303955135],[119.89763641357433,16.392829895019588],[119.89595031738327,16.392700195312614],[119.89453887939453,16.39241981506342],[119.89333343505871,16.392499923705998],[119.89277648925815,16.392499923705998],[119.89250183105491,16.392210006713924],[119.89240264892601,16.39221954345703],[119.89193725585983,16.39221954345703],[119.89167022705078,16.391950607299805],[119.89138793945347,16.391950607299805],[119.89095306396496,16.391689300537053],[119.89058685302746,16.39113998413086],[119.89058685302746,16.39039039611822],[119.89044952392578,16.389980316162053],[119.88960266113327,16.389299392700252],[119.88834381103516,16.38888931274414],[119.88749694824264,16.38888931274414],[119.88694763183605,16.389440536499137],[119.88667297363315,16.389440536499137],[119.88639068603527,16.389720916748104],[119.885498046875,16.389720916748104],[119.88527679443393,16.389720916748104],[119.88500213623047,16.389999389648494],[119.88471984863281,16.389999389648494],[119.88445281982467,16.389720916748104],[119.88361358642612,16.389720916748104],[119.88333129882824,16.389999389648494],[119.88333129882824,16.39027976989746],[119.88305664062523,16.390560150146428],[119.88305664062523,16.392509460449332],[119.88305664062523,16.393329620361555],[119.88300323486328,16.393390655517692],[119.88279724121128,16.39359092712408],[119.88276672363293,16.39361000061035],[119.88221740722702,16.39361000061035],[119.88194274902344,16.393329620361555],[119.88166809082031,16.393329620361555],[119.87972259521507,16.391389846801815],[119.87972259521507,16.391109466552848],[119.87860870361362,16.389999389648494],[119.87860870361362,16.389720916748104],[119.87638854980491,16.387500762939396],[119.87638854980491,16.38722038269043],[119.8752670288086,16.386110305786076],[119.8752670288086,16.38582992553711],[119.87473297119152,16.38528060913086],[119.87473297119152,16.385000228881893],[119.8727798461914,16.383050918579215],[119.87249755859409,16.383050918579215],[119.8719482421875,16.38249969482422],[119.87167358398483,16.38249969482422],[119.87110900878918,16.38194084167486],[119.87082672119152,16.38194084167486],[119.8705520629884,16.381669998169002],[119.87027740478538,16.381669998169002],[119.86972045898438,16.3811092376709],[119.86945343017612,16.3811092376709],[119.86888885498047,16.38055992126465],[119.86860656738281,16.38055992126465],[119.86776733398438,16.379720687866154],[119.8675003051759,16.379720687866154],[119.86694335937523,16.379169464111328],[119.86666870117188,16.379169464111328],[119.86638641357467,16.37888908386236],[119.8661117553711,16.37888908386236],[119.86376190185547,16.37653923034668],[119.86286926269531,16.375640869140625],[119.86195373535168,16.374719619750977],[119.86195373535168,16.37445068359375],[119.86165618896484,16.374170303344727],[119.86138916015636,16.374170303344727],[119.86110687255893,16.37388992309576],[119.86110687255893,16.373609542846793],[119.85916900634766,16.371669769287053],[119.85916900634766,16.371389389038086],[119.85582733154297,16.368059158325195],[119.85582733154297,16.367500305175838],[119.85555267333984,16.36721992492687],[119.85555267333984,16.366390228271484],[119.85582733154297,16.366109848022518],[119.85582733154297,16.364719390869368],[119.85610961914062,16.364440917968807],[119.85610961914062,16.3643798828125],[119.85610961914062,16.364170074462947],[119.85639190673828,16.36388969421381],[119.85639190673828,16.363609313964844],[119.85666656494175,16.363330841064453],[119.85666656494175,16.363059997558594],[119.85694122314453,16.362779617309627],[119.85694122314453,16.3622207641601],[119.85666656494175,16.361940383911133],[119.85666656494175,16.36055946350092],[119.85639190673828,16.360279083251953],[119.85639190673828,16.35943984985363],[119.85630798339844,16.35935974121088],[119.85610961914062,16.359170913696403],[119.85610961914062,16.35889053344721],[119.85582733154297,16.35889053344721],[119.85500335693393,16.35806083679205],[119.85472106933605,16.35806083679205],[119.85444641113304,16.357780456543026],[119.85415649414074,16.35806083679205],[119.85360717773483,16.35806083679205],[119.85333251953125,16.358329772949446],[119.85305786132812,16.358329772949446],[119.85278320312545,16.358610153198242],[119.85250091552734,16.358610153198242],[119.85244750976585,16.358640670776424],[119.85083007812523,16.35943984985363],[119.84834289550804,16.359720230102596],[119.84638977050781,16.360000610351562],[119.84610748291061,16.360279083251953],[119.84443664550804,16.36083030700695],[119.84333038330078,16.361110687255916],[119.84249877929699,16.361389160156307],[119.8413925170903,16.361669540405273],[119.84084320068393,16.3622207641601],[119.84027862548828,16.3622207641601],[119.83999633789062,16.36249923706066],[119.83915710449219,16.36249923706066],[119.83833312988304,16.363330841064453],[119.8375015258789,16.363330841064453],[119.83721923828159,16.363609313964844],[119.836669921875,16.363609313964844],[119.8363876342778,16.363330841064453],[119.83277893066418,16.363330841064453],[119.83249664306675,16.363059997558594],[119.83139038085938,16.363059997558594],[119.83110809326206,16.363330841064453],[119.8308334350586,16.363059997558594],[119.82971954345714,16.363059997558594],[119.82943725585949,16.363330841064453],[119.82776641845703,16.363330841064453],[119.82749938964844,16.363059997558594],[119.82611083984386,16.363059997558594],[119.82584381103538,16.362779617309627],[119.82472229003906,16.362779617309627],[119.82364654541038,16.36278915405279],[119.82244110107422,16.36244010925293],[119.82221984863304,16.3622207641601],[119.82166290283203,16.3622207641601],[119.82111358642578,16.361669540405273],[119.8197174072269,16.361669540405273],[119.81918334960938,16.36112022399908],[119.81861114501953,16.361110687255916],[119.81833648681675,16.36083030700695],[119.81804656982422,16.36083030700695],[119.81777954101562,16.36055946350092],[119.81749725341842,16.36055946350092],[119.81722259521484,16.360279083251953],[119.81694793701183,16.360279083251953],[119.81610870361351,16.35943984985363],[119.81582641601585,16.35943984985363],[119.81500244140625,16.358610153198242],[119.8147201538086,16.358610153198242],[119.81445312500045,16.358329772949446],[119.81445312500045,16.35806083679205],[119.81360626220714,16.357219696044922],[119.81360626220714,16.356950759887695],[119.81333160400402,16.356670379638672],[119.81305694580101,16.356670379638672],[119.81276702880871,16.356389999389705],[119.8125,16.356389999389705],[119.80999755859409,16.35388946533203],[119.80999755859409,16.353609085083235],[119.8063888549807,16.350000381469783],[119.80610656738327,16.350000381469783],[119.80388641357456,16.347780227661076],[119.80351257324253,16.347400665283317],[119.8033370971682,16.347219467163313],[119.80329132080078,16.347219467163313],[119.80304718017601,16.347219467163313],[119.80249786376987,16.346670150756893],[119.8022232055664,16.346670150756893],[119.80194091796875,16.346389770507756],[119.80166625976608,16.346389770507756],[119.80110931396496,16.3458309173584],[119.8008270263673,16.3458309173584],[119.79916381835938,16.344165802002067],[119.79833221435547,16.343334197998104],[119.79805755615246,16.343334197998104],[119.79512786865257,16.340406417846793],[119.79499816894577,16.34028053283697],[119.79499816894577,16.340000152587834],[119.79489135742188,16.33989906311041],[119.79435729980503,16.339359283447322],[119.79416656494175,16.339166641235465],[119.79389190673851,16.339166641235465],[119.79360961914085,16.338888168335075],[119.79360961914085,16.33861160278326],[119.79277801513706,16.33777809143089],[119.79277801513706,16.33749961853033],[119.79222106933594,16.336944580078182],[119.79222106933594,16.33666610717779],[119.79027557373092,16.33472251892084],[119.79027557373092,16.334444046020508],[119.78971862793003,16.333889007568473],[119.78971862793003,16.333610534667912],[119.78944396972656,16.333333969116325],[119.78944396972656,16.33250045776373],[119.78916931152344,16.332221984863338],[119.78916931152344,16.331943511963004],[119.78805541992222,16.33083343505865],[119.78805541992222,16.33055496215826],[119.78833007812511,16.330278396606445],[119.78833007812511,16.329999923706055],[119.78749847412132,16.329166412353516],[119.78694152832031,16.329166412353516],[119.78666687011753,16.328887939453125],[119.78666687011753,16.327777862548942],[119.78694152832031,16.32749938964855],[119.7861099243164,16.326665878296012],[119.7861099243164,16.326389312744197],[119.78583526611374,16.326110839843807],[119.78583526611374,16.32583427429205],[119.78555297851562,16.32555580139166],[119.78555297851562,16.32527732849144],[119.78527832031261,16.325000762939453],[119.78527832031261,16.324167251586914],[119.78500366210972,16.323888778686523],[119.78500366210972,16.323333740234375],[119.78444671630882,16.32277870178234],[119.78444671630882,16.32222175598139],[119.78416442871116,16.3219451904298],[119.78360748291061,16.32138824462902],[119.78360748291061,16.32083320617687],[119.78333282470703,16.32055473327648],[119.78333282470703,16.320278167724837],[119.78277587890625,16.319723129272518],[119.78277587890625,16.319444656372127],[119.78250122070312,16.319166183471737],[119.78250122070312,16.31833267211914],[119.78221893310592,16.318056106567383],[119.78221893310592,16.317222595214787],[119.78194427490246,16.316944122314453],[119.78194427490246,16.31638908386242],[119.78166961669933,16.316110610961857],[119.78166961669933,16.315000534057674],[119.78194427490246,16.314722061157283],[119.78194427490246,16.314167022705305],[119.78166961669933,16.313888549804915],[119.78166961669933,16.313333511352596],[119.7813873291019,16.313055038452205],[119.7813873291019,16.31222152709961],[119.78083038330101,16.31166648864746],[119.78028106689453,16.31166648864746],[119.77999877929722,16.31138801574707],[119.77999877929722,16.311111450195256],[119.77972412109375,16.310832977294865],[119.77972412109375,16.310556411743278],[119.7794418334961,16.310277938842887],[119.7794418334961,16.30972290039074],[119.77916717529342,16.309444427490348],[119.77916717529342,16.309165954589957],[119.77889251708996,16.308889389038143],[119.77889251708996,16.30833244323736],[119.7794418334961,16.307777404785384],[119.7794418334961,16.307222366333008],[119.77972412109375,16.306943893432674],[119.77972412109375,16.30666732788086],[119.7794418334961,16.30638885498047],[119.7794418334961,16.306110382080078],[119.78055572509811,16.305000305175724],[119.78055572509811,16.304721832275334],[119.78083038330101,16.304445266723746],[119.78083038330101,16.303888320922965],[119.78111267089866,16.30361175537115],[119.78111267089866,16.30222129821783],[119.78083038330101,16.301944732666072],[119.78083038330101,16.300556182861328],[119.78055572509811,16.300277709960938],[119.78055572509811,16.299165725708008],[119.78028106689453,16.298889160156364],[119.78028106689453,16.298610687255803],[119.77999877929722,16.298334121704215],[119.77999877929722,16.298055648803825],[119.77983856201172,16.297891616821346],[119.77971649169922,16.29777908325201],[119.77971649169922,16.29750061035162],[119.7794418334961,16.29471969604515],[119.7794418334961,16.293060302734375],[119.7786102294923,16.292219161987305],[119.7786102294923,16.291940689086914],[119.77834320068382,16.291669845581055],[119.77834320068382,16.29110908508312],[119.77805328369152,16.29083061218273],[119.77694702148472,16.28889083862299],[119.77665710449219,16.288610458374023],[119.77610778808639,16.288059234619197],[119.77583312988281,16.288059234619197],[119.77558898925827,16.287809371948242],[119.77471923828148,16.286949157714844],[119.77448272705078,16.28466033935547],[119.77443695068382,16.28259086608898],[119.77443695068382,16.282499313354492],[119.77443695068382,16.2822208404541],[119.77424621582054,16.282020568847713],[119.774169921875,16.281940460205305],[119.774169921875,16.28181076049816],[119.774169921875,16.281669616699276],[119.77409362792969,16.281589508056754],[119.77306365966842,16.280559539794922],[119.77306365966842,16.280000686645565],[119.77316284179688,16.27989959716797],[119.77333068847656,16.279720306396598],[119.77333068847656,16.277780532836857],[119.77278137207031,16.277219772339095],[119.77249908447277,16.277219772339095],[119.77169036865234,16.27640914917015],[119.77166748046898,16.276330947876033],[119.77166748046898,16.27610969543457],[119.77185058593784,16.27610969543457],[119.77194213867199,16.27610969543457],[119.77306365966842,16.274999618530387],[119.77306365966842,16.274169921875],[119.77278137207031,16.273889541626033],[119.77278137207031,16.27277946472168],[119.77249908447277,16.272499084472884],[119.77249908447277,16.270280838012752],[119.77278137207031,16.270000457763615],[119.77278137207031,16.268060684204045],[119.77306365966842,16.267780303955078],[119.77306365966842,16.266670227050724],[119.77333068847656,16.266389846801758],[119.77333068847656,16.26556015014654],[119.77394866943393,16.26452064514166],[119.77397918701172,16.264360427856502],[119.79369354248058,16.272310256958008],[119.80374145507812,16.272569656372127],[119.82038879394543,16.265579223632812],[119.82631683349632,16.262449264526367],[119.84728240966808,16.25210952758789],[119.85357666015636,16.249889373779524],[119.86328125000045,16.250730514526424],[119.8685302734375,16.249929428100643],[119.87967681884811,16.250450134277287],[119.89887237548862,16.251270294189567],[119.89845275878906,16.249790191650334],[119.9005813598634,16.25044059753418],[119.9051513671875,16.25160026550293],[119.90926361083996,16.251670837402344],[119.91394042968784,16.251489639282227],[119.91750335693405,16.250770568847713],[119.91928863525425,16.24999046325695],[119.9193115234375,16.249570846557674],[119.91937255859386,16.249610900879134],[119.91954040527389,16.248430252075195]]],[[[119.96267700195324,16.40472984313965],[119.96289062500045,16.40480995178217],[119.96336364746116,16.405029296875057],[119.96378326416016,16.40527915954584],[119.96415710449219,16.405519485473746],[119.96454620361328,16.405710220337028],[119.96482086181675,16.4060001373291],[119.96510314941406,16.406269073486385],[119.9652099609375,16.40657043457037],[119.96507263183616,16.406879425048885],[119.96484375,16.40719985961914],[119.96456909179699,16.40749931335455],[119.9642486572269,16.40777015686058],[119.9638900756836,16.40800094604498],[119.96341705322311,16.40810012817377],[119.96296691894565,16.408290863037053],[119.96244049072266,16.408380508422965],[119.96192169189464,16.408529281616154],[119.96144866943382,16.408369064331055],[119.96099090576217,16.408060073852482],[119.96053314208984,16.40764999389654],[119.9603729248048,16.406959533691634],[119.96051788330078,16.406219482421932],[119.96070098876953,16.40555000305187],[119.96112823486374,16.405199050903263],[119.96159362792969,16.404960632324162],[119.96201324462925,16.404779434204215],[119.96240997314476,16.40472984313965],[119.96267700195324,16.40472984313965]]],[[[119.93360900878929,16.42694091796875],[119.93138885498058,16.429170608520792],[119.9308319091798,16.42860984802246],[119.93055725097679,16.42860984802246],[119.93055725097679,16.428350448608512],[119.93055725097679,16.428049087524528],[119.9308319091798,16.427780151367244],[119.9308319091798,16.427600860595703],[119.9308319091798,16.42694091796875],[119.93144226074253,16.42633056640642],[119.9316635131836,16.426109313964957],[119.93215179443371,16.426109313964957],[119.9324722290039,16.426109313964957],[119.93256378173896,16.426050186157227],[119.93332672119209,16.42527961730957],[119.93332672119209,16.424999237060604],[119.93305206298828,16.424720764160213],[119.93305206298828,16.424440383911246],[119.9327774047855,16.424169540405217],[119.9325408935548,16.423879623413143],[119.93226623535179,16.42366981506359],[119.93193817138717,16.42349052429222],[119.93155670166061,16.423330307006893],[119.93121337890636,16.42316055297846],[119.93080902099621,16.423049926757926],[119.93041992187545,16.42292022705078],[119.93003845214889,16.42276954650879],[119.92970275878974,16.422609329223633],[119.92936706542969,16.42251014709484],[119.92904663085938,16.422449111938533],[119.92875671386787,16.42227935791027],[119.92839813232422,16.422229766845874],[119.92797088623058,16.42222023010254],[119.92749023437557,16.422229766845874],[119.92722320556709,16.42222023010254],[119.92694091796875,16.422500610351506],[119.92666625976597,16.422500610351506],[119.9263916015625,16.42222023010254],[119.92527770996105,16.42222023010254],[119.92500305175838,16.421939849853743],[119.92472076416027,16.42222023010254],[119.92445373535179,16.42222023010254],[119.92415618896496,16.42222023010254],[119.92250061035156,16.42388916015625],[119.92223358154308,16.42388916015625],[119.9219436645509,16.424169540405217],[119.92138671875057,16.424169540405217],[119.92079925537121,16.424169540405217],[119.92028045654297,16.424209594726506],[119.91980743408237,16.424400329589787],[119.91969299316406,16.42443084716814],[119.91928100585994,16.424520492553825],[119.91877746582077,16.424779891967773],[119.9185562133789,16.424890518188477],[119.9182662963874,16.425050735473803],[119.91773986816406,16.425230026245345],[119.91719055175838,16.425210952758732],[119.91665649414062,16.424989700317496],[119.91619110107422,16.424680709838924],[119.91578674316474,16.424280166626147],[119.91536712646496,16.423879623413143],[119.91493225097656,16.42347908020031],[119.91442871093761,16.423109054565657],[119.91390991210938,16.42274093627958],[119.91354370117188,16.42222023010254],[119.91322326660156,16.421659469604606],[119.91295623779297,16.421100616455078],[119.91274261474643,16.420539855957315],[119.91249847412121,16.42004013061529],[119.91224670410179,16.419580459594954],[119.91203308105526,16.419170379638615],[119.91177368164131,16.418830871582315],[119.91179656982456,16.418310165405273],[119.91175079345714,16.417810440063477],[119.91158294677803,16.417400360107706],[119.91148376464866,16.416990280151367],[119.91159820556675,16.416540145873967],[119.91166687011741,16.416389465331974],[119.91166687011741,16.416109085083008],[119.91194152832043,16.415830612182617],[119.91194152832043,16.4150009155274],[119.91166687011741,16.414720535278263],[119.91166687011741,16.414440155029297],[119.91242218017635,16.41369056701683],[119.91249847412121,16.41361045837408],[119.91249847412121,16.413330078125114],[119.91235351562568,16.41329956054716],[119.91191864013717,16.41320037841797],[119.91124725341797,16.41300010681175],[119.91098022460949,16.41267013549799],[119.91072082519554,16.4122905731204],[119.91036224365234,16.411899566650504],[119.91001892089855,16.411399841308707],[119.9097595214846,16.410779953003043],[119.90968322753974,16.410110473632756],[119.90947723388695,16.40943908691429],[119.9094696044923,16.408819198608626],[119.90959167480469,16.408210754394702],[119.90966796875023,16.407590866089038],[119.9096298217778,16.40696907043457],[119.9094696044923,16.406349182128906],[119.90943145751999,16.406242370605753],[119.90926361083996,16.405719757080305],[119.90921020507812,16.404989242553768],[119.90912628173862,16.404230117797795],[119.90892791748081,16.403480529785156],[119.90895080566406,16.40275001525879],[119.90921783447266,16.402090072631836],[119.90943908691452,16.401519775390568],[119.90957641601585,16.401039123535213],[119.90963745117199,16.40056991577171],[119.90966033935558,16.40006065368658],[119.90968322753952,16.399520874023665],[119.90984344482433,16.399049758911246],[119.91015625,16.39868927001953],[119.91040802001964,16.398340225219727],[119.91063690185592,16.39794921875],[119.91084289550815,16.39753913879406],[119.91104125976562,16.397119522094783],[119.9111099243164,16.39665031433117],[119.91114044189453,16.396169662475586],[119.91124725341797,16.395690917968807],[119.91132354736328,16.395240783691406],[119.91120910644577,16.394750595092887],[119.91132354736328,16.394380569458008],[119.91145324707043,16.393999099731445],[119.91165161132847,16.39359092712408],[119.91177368164108,16.393110275268555],[119.91169738769531,16.392589569091854],[119.91177368164108,16.392070770263615],[119.91177368164108,16.391620635986385],[119.91169738769531,16.391250610351562],[119.91166687011741,16.39090919494629],[119.91166687011741,16.39055061340332],[119.91161346435547,16.39018058776867],[119.91143798828125,16.38978958129877],[119.91133117675781,16.3893203735351],[119.91108703613315,16.38887023925787],[119.91087341308594,16.38838005065918],[119.91084289550815,16.387830734252987],[119.91085815429688,16.38725090026861],[119.91087341308594,16.386680603027344],[119.91101837158249,16.386180877685547],[119.91116333007824,16.385810852050838],[119.91134643554733,16.385499954223746],[119.91145324707043,16.38516044616705],[119.91166687011741,16.38492012023937],[119.91194915771496,16.38471031188965],[119.91224670410179,16.384540557861385],[119.91259765625011,16.384719848632926],[119.91280364990268,16.38488960266136],[119.91294097900425,16.385000228881893],[119.9132766723634,16.38528060913086],[119.91361999511719,16.385580062866268],[119.91397094726562,16.385850906372127],[119.91432952880893,16.386110305786076],[119.9147109985355,16.386329650878906],[119.91622924804722,16.386930465698356],[119.91680908203159,16.387950897216797],[119.91764068603561,16.388290405273494],[119.91821289062545,16.387950897216797],[119.91876983642578,16.387950897216797],[119.91932678222656,16.388429641723633],[119.92024993896507,16.388629913330192],[119.92186737060558,16.388700485229435],[119.92228698730503,16.38857078552246],[119.92257690429688,16.388090133667106],[119.92299652099621,16.387950897216797],[119.92363739013672,16.388019561767692],[119.92391967773438,16.38821983337425],[119.92398834228561,16.388700485229435],[119.92442321777355,16.388839721679915],[119.92611694335938,16.389310836791992],[119.92675018310547,16.389369964599723],[119.92735290527344,16.389169692993107],[119.92749786376976,16.389169692993107],[119.9277801513673,16.389169692993107],[119.92833709716808,16.38861083984375],[119.9286117553711,16.38861083984375],[119.92896270751987,16.38838005065918],[119.9298934936528,16.387790679931868],[119.93058776855469,16.38751029968273],[119.93100738525402,16.38655090332054],[119.93115234375,16.38553047180187],[119.93121337890636,16.385070800781364],[119.93142700195358,16.383209228515568],[119.9315109252932,16.38198089599632],[119.93129730224643,16.380680084228516],[119.93115234375,16.379659652710018],[119.93138885498058,16.378549575805664],[119.93164825439453,16.37829971313488],[119.9319076538086,16.378030776977596],[119.93211364746094,16.377819061279297],[119.93216705322277,16.3777694702149],[119.93250274658203,16.37722015380865],[119.9327774047855,16.37722015380865],[119.93305206298828,16.376939773559684],[119.93332672119186,16.376939773559684],[119.93360900878929,16.37722015380865],[119.93389129638695,16.37722015380865],[119.93444824218761,16.377780914306584],[119.9341735839846,16.378059387206974],[119.9341735839846,16.379169464111328],[119.93522644042991,16.380050659179744],[119.9359970092778,16.38039970397972],[119.93641662597656,16.38039970397972],[119.93694305419945,16.379999160766715],[119.9366683959961,16.379720687866154],[119.93639373779331,16.379720687866154],[119.93583679199219,16.379169464111328],[119.93583679199219,16.37888908386236],[119.935546875,16.37861061096197],[119.935546875,16.378059387206974],[119.93576049804733,16.37784957885748],[119.93583679199219,16.377780914306584],[119.9366683959961,16.377780914306584],[119.9367904663086,16.377780914306584],[119.93715667724643,16.3777694702149],[119.9377670288086,16.377819061279297],[119.93839263916016,16.378019332885685],[119.9390869140625,16.378030776977596],[119.93981170654342,16.377910614013786],[119.94049835205078,16.377799987793026],[119.94111633300793,16.37779045104992],[119.94159698486362,16.37788963317871],[119.94165802001953,16.377910614013786],[119.94222259521484,16.378059387206974],[119.94249725341831,16.378059387206974],[119.94304656982445,16.37861061096197],[119.94361114501964,16.379169464111328],[119.94444274902344,16.379169464111328],[119.9447021484375,16.3790607452392],[119.94493865966808,16.378959655761832],[119.94637298584018,16.378290176391545],[119.94644927978527,16.378250122070256],[119.946533203125,16.378170013427734],[119.94673919677746,16.377950668335018],[119.94712829589878,16.377719879150504],[119.94751739501987,16.377420425415096],[119.94795227050781,16.377170562744254],[119.94824981689453,16.37705993652355],[119.94889831542969,16.376819610595646],[119.94975280761753,16.37565040588379],[119.94978332519531,16.37532043457037],[119.94988250732433,16.374429702758903],[119.95010375976585,16.373739242553768],[119.95142364501964,16.373069763183707],[119.95176696777344,16.37286949157709],[119.9522476196289,16.37273025512718],[119.95276641845714,16.37257003784191],[119.95337677001987,16.372520446777287],[119.95403289794922,16.372449874878043],[119.9545822143557,16.372270584106502],[119.95491790771484,16.37199020385748],[119.9552001953125,16.371740341186523],[119.9555130004884,16.37157058715826],[119.95581054687511,16.371419906616268],[119.95620727539085,16.371290206909293],[119.95673370361374,16.371170043945426],[119.95736694335983,16.371170043945426],[119.95805358886719,16.37125968933111],[119.95874786376953,16.37116050720215],[119.9594116210942,16.37104988098139],[119.9599380493164,16.370819091796818],[119.9603271484375,16.370519638061637],[119.96060943603561,16.37018013000494],[119.96086883544956,16.369899749755973],[119.9611206054692,16.369680404663086],[119.96135711669945,16.369510650634822],[119.9616165161134,16.36945915222168],[119.96188354492233,16.369480133056868],[119.96208190918014,16.36957931518549],[119.96234893798828,16.369720458984375],[119.9628829956057,16.370010375976676],[119.96337890625,16.370380401611328],[119.96395111083984,16.370569229126033],[119.96415710449219,16.371389389038086],[119.96423339843795,16.37228012084961],[119.96410369873081,16.372959136963004],[119.96353149414097,16.373229980468807],[119.96233367919956,16.37343978881836],[119.9616165161134,16.37425994873047],[119.96156311035202,16.375009536743278],[119.96179962158203,16.37578964233404],[119.96169281005905,16.376159667968693],[119.96151733398449,16.37656974792486],[119.96138763427768,16.376670837402457],[119.96138763427768,16.376939773559684],[119.96132659912121,16.378170013427734],[119.96083068847656,16.37845039367687],[119.96019744873058,16.378719329833928],[119.95896911621116,16.37991714477539],[119.95896911621116,16.38063049316412],[119.95925140380871,16.381320953369197],[119.95953369140659,16.38192939758295],[119.95987701416016,16.38192939758295],[119.96044921875,16.381380081176758],[119.96115112304699,16.38104057312023],[119.96157836914097,16.381450653076172],[119.96199798583996,16.381999969482422],[119.9629898071289,16.38233947753912],[119.96350860595703,16.382589340209904],[119.96354675292991,16.382610321044922],[119.96369171142578,16.38302040100109],[119.96362304687511,16.383300781250057],[119.96333312988293,16.384170532226506],[119.9630584716798,16.3844509124757],[119.9630584716798,16.384719848632926],[119.9628829956057,16.384899139404297],[119.96250152587913,16.38528060913086],[119.96250152587913,16.38722038269043],[119.96221923828148,16.387500762939396],[119.96221923828148,16.388330459594783],[119.96250152587913,16.38861083984375],[119.96250152587913,16.39027976989746],[119.96221923828148,16.390560150146428],[119.96221923828148,16.39098930358881],[119.96221923828148,16.391950607299805],[119.96211242675793,16.392049789428768],[119.96193695068405,16.39221954345703],[119.96193695068405,16.392780303955135],[119.961669921875,16.39306068420416],[119.961669921875,16.393810272216797],[119.961669921875,16.393890380859318],[119.96160125732422,16.3939208984375],[119.96122741699219,16.394050598144645],[119.96073150634766,16.393970489502067],[119.95989227294922,16.393369674682845],[119.95932769775402,16.39254951477062],[119.95848083496105,16.392480850219727],[119.95797729492188,16.392480850219727],[119.95791625976574,16.392620086670036],[119.95742034912121,16.39329910278326],[119.95742034912121,16.39398002624523],[119.95841217041016,16.394939422607365],[119.95854949951172,16.39538002014183],[119.95863342285156,16.395620346069336],[119.95868682861351,16.396850585937727],[119.95841217041016,16.397600173950195],[119.95735168457054,16.398759841918945],[119.9566421508789,16.39868927001953],[119.95649719238304,16.398149490356445],[119.95713806152355,16.39698982238764],[119.95738983154297,16.39594078063959],[119.95742034912121,16.39582061767578],[119.95720672607422,16.395349502563533],[119.95622253418014,16.39506912231451],[119.9555130004884,16.39513969421398],[119.95514678955112,16.395620346069336],[119.95525360107445,16.39602088928234],[119.9552993774414,16.396440505981445],[119.9552612304692,16.396890640258846],[119.95511627197266,16.39731979370123],[119.9551010131836,16.397390365600643],[119.9550170898442,16.397739410400447],[119.95488739013717,16.398109436035156],[119.95467376708996,16.398389816284293],[119.95442962646484,16.398660659790153],[119.95423889160156,16.399040222167912],[119.9542236328125,16.399539947509766],[119.95439147949241,16.40002059936529],[119.95445251464889,16.400310516357422],[119.95449829101608,16.40055084228527],[119.95459747314453,16.401109695434627],[119.95451354980503,16.401660919189453],[119.95446014404308,16.40225982666027],[119.95443725585938,16.40292930603033],[119.95361328125034,16.40361022949213],[119.95221710205124,16.40500068664545],[119.95305633544945,16.405830383300838],[119.95305633544945,16.406110763549805],[119.95249938964844,16.406669616699162],[119.95221710205124,16.406669616699162],[119.95194244384766,16.406389236450195],[119.95166778564453,16.406389236450195],[119.95111083984375,16.405830383300838],[119.95092010498047,16.40586090087902],[119.95066070556652,16.405960083007812],[119.9504165649414,16.406309127807617],[119.95015716552734,16.406799316406307],[119.94994354248081,16.407360076904297],[119.94985961914062,16.40798950195324],[119.95001983642578,16.408620834350643],[119.95021057128906,16.409269332885856],[119.95020294189476,16.40992927551281],[119.94985961914062,16.41043090820324],[119.9490966796875,16.410440444946516],[119.94834136962936,16.410480499267635],[119.94769287109386,16.41031074523937],[119.94718170166016,16.409759521484375],[119.94680786132812,16.409429550171012],[119.94651794433594,16.409309387207145],[119.94621276855469,16.409469604492244],[119.94592285156295,16.40990066528326],[119.94566345214844,16.410469055175895],[119.9455032348634,16.41066932678251],[119.94525909423828,16.410970687866325],[119.94483947753963,16.411270141601733],[119.9446716308596,16.411369323730526],[119.94439697265693,16.411529541015682],[119.94420623779365,16.411659240722656],[119.94402313232456,16.41180038452171],[119.94378662109386,16.412210464477653],[119.94403839111328,16.41275024414074],[119.94389343261776,16.413059234619084],[119.94361114501964,16.413330078125114],[119.94361114501964,16.413890838623047],[119.94381713867256,16.4141006469726],[119.94416809082043,16.414440155029297],[119.94416809082043,16.414720535278263],[119.94389343261776,16.4150009155274],[119.94389343261776,16.415559768676758],[119.94361114501964,16.415830612182617],[119.94341278076183,16.416109085083008],[119.94283294677746,16.41692924499506],[119.94194793701172,16.418329238891715],[119.94167327880905,16.418329238891715],[119.9402770996096,16.419719696045036],[119.9402770996096,16.420520782470874],[119.9402770996096,16.420560836792163],[119.94000244140693,16.42082977294922],[119.9402770996096,16.421110153198185],[119.9402770996096,16.421390533447322],[119.93978118896496,16.421640396118164],[119.93929290771484,16.421680450439453],[119.93916320800781,16.421670913696516],[119.93860626220703,16.421670913696516],[119.9383316040039,16.421390533447322],[119.9383316040039,16.421110153198185],[119.9377670288086,16.421110153198185],[119.935546875,16.423330307006893],[119.935546875,16.42361068725586],[119.93583679199219,16.42388916015625],[119.93583679199219,16.424169540405217],[119.93611145019531,16.424440383911246],[119.93639373779331,16.424440383911246],[119.9365005493164,16.424730300903548],[119.93673706054699,16.425039291382063],[119.93704986572266,16.425340652465877],[119.93730926513683,16.425619125366268],[119.93740081787166,16.425930023193416],[119.93689727783249,16.42645072937006],[119.93634033203136,16.426950454712085],[119.93578338623058,16.427330017089844],[119.9352798461914,16.42721939086914],[119.93475341796898,16.427019119262923],[119.9341735839846,16.426959991455192],[119.93369293212902,16.426919937133903],[119.93360900878929,16.42694091796875]]],[[[119.92388916015625,16.44333076477045],[119.92388916015625,16.443609237671012],[119.92360687255928,16.44388961791998],[119.92304229736362,16.443859100341854],[119.92259979248092,16.44366073608421],[119.92220306396484,16.443519592285156],[119.92191314697266,16.443170547485522],[119.9216079711914,16.442710876464787],[119.92133331298862,16.442110061645735],[119.92128753662121,16.441419601440657],[119.92165374755871,16.440839767456282],[119.92201232910156,16.4403591156007],[119.92239379882812,16.440010070800895],[119.92270660400402,16.439779281616325],[119.92297363281295,16.439739227295036],[119.92318725585949,16.439929962158317],[119.92368316650413,16.440309524536303],[119.92423248291027,16.440660476684513],[119.92462158203182,16.441089630126896],[119.92494964599643,16.441499710083008],[119.92503356933594,16.441680908203352],[119.92514038085972,16.441930770874194],[119.9252014160162,16.442329406738224],[119.92500305175838,16.44249916076666],[119.92472076416027,16.442779541015625],[119.92445373535179,16.442779541015625],[119.92388916015625,16.44333076477045]]]]},"properties":{"ID_0":177,"ISO":"PHL","NAME_0":"Philippines","ID_1":61,"NAME_1":"Pangasinan","ID_2":1251,"NAME_2":"Bolinao","NL_NAME_2":null,"VARNAME_2":null,"TYPE_2":"Bayan|Munisipyo","ENGTYPE_2":"Municipality","PROVINCE":"Pangasinan","REGION":"Ilocos Region (Region I)"}},
{"type":"Feature","geometry":{"type":"Polygon","coordinates":[[[120.27216339111351,15.934940338134766],[120.26947021484409,15.9364404678347],[120.26840972900402,15.93694972991949],[120.2666168212894,15.936960220336914],[120.2636337280278,15.936329841613826],[120.26045989990268,15.93585014343273],[120.25837707519531,15.93585014343273],[120.25679779052746,15.935649871826115],[120.25399017333984,15.934920310974235],[120.25260162353527,15.93500995636009],[120.25009918212902,15.935509681701717],[120.24964904785179,15.936699867248649],[120.2495727539067,15.937199592590275],[120.24936676025413,15.939470291137695],[120.2497711181644,15.942310333252067],[120.2503128051759,15.94585037231451],[120.25118255615257,15.948430061340446],[120.25511932373081,15.9514799118042],[120.25759124755893,15.952919960022086],[120.25981903076217,15.954979896545524],[120.2599868774414,15.956410408020133],[120.2594680786134,15.957269668579158],[120.2579727172855,15.959269523620549],[120.25478363037143,15.960350036621037],[120.25184631347679,15.96105003356945],[120.24890899658203,15.96140003204357],[120.24610900878918,15.961739540100098],[120.2445983886721,15.961799621582088],[120.24239349365268,15.962289810180778],[120.23931121826172,15.964509963989485],[120.23877716064476,15.967000007629395],[120.2391128540039,15.968379974365291],[120.23916625976585,15.968440055847111],[120.23944091796886,15.968759536743278],[120.24092102050781,15.97130012512207],[120.24298095703148,15.973739624023438],[120.2435073852539,15.974599838256779],[120.24394226074219,15.976249694824219],[120.24437713623058,15.978139877319563],[120.24487304687534,15.981140136718693],[120.24468994140648,15.982230186462516],[120.24391937255893,15.98488998413086],[120.2423782348634,15.988619804382438],[120.23995971679688,15.991310119628906],[120.2394638061528,15.991920471191634],[120.2387466430664,15.992670059204102],[120.23758697509766,15.99312973022461],[120.23491668701172,15.993980407714844],[120.23361206054722,15.994130134582576],[120.23298645019565,15.994389533996696],[120.23132324218784,15.994560241699219],[120.2306594848634,15.994560241699219],[120.22814941406295,15.993410110473633],[120.22740936279308,15.992549896240234],[120.22647857666038,15.990329742431697],[120.22630310058639,15.988120079040641],[120.22654724121105,15.983679771423397],[120.22673034667969,15.981639862060547],[120.22654724121105,15.980199813842773],[120.2261886596682,15.978719711303938],[120.2245101928711,15.976229667663688],[120.22299957275436,15.974980354309082],[120.22177124023438,15.974849700927962],[120.21907043457065,15.97500991821289],[120.21739959716831,15.975919723510856],[120.21533203125,15.977780342102164],[120.21430206298862,15.979990005493278],[120.21410369873081,15.982620239257926],[120.21511840820347,15.985369682312125],[120.21658325195347,15.988129615783919],[120.21878051757812,15.990619659423828],[120.21983337402378,15.99135971069336],[120.22197723388706,15.992719650268498],[120.22383117675815,15.994370460510254],[120.22434997558605,15.995739936828727],[120.22473907470714,15.997220039367733],[120.2244873046875,15.998539924621639],[120.22368621826183,16.00037956237793],[120.22244262695324,16.00324058532715],[120.22213745117188,16.004169464111328],[120.21968078613293,16.006389617920036],[120.21853637695324,16.006959915161133],[120.21563720703159,16.006269454955998],[120.21463012695324,16.005470275879134],[120.21259307861328,16.00316047668457],[120.21180725097702,16.000719070434627],[120.21215820312511,15.998539924621639],[120.21259307861328,15.996159553527832],[120.21209716796875,15.995059967041072],[120.21041870117233,15.994330406188965],[120.20905303955078,15.99396991729742],[120.20674896240234,15.993789672851562],[120.20577239990268,15.993780136108626],[120.20464324951195,15.994029998779297],[120.20340728759811,15.995369911193904],[120.20263671875023,15.996939659118596],[120.20139312744163,15.99940013885498],[120.20036315918014,16.001560211181868],[120.19946289062511,16.002460479736328],[120.19271087646496,15.992099761962834],[120.18752288818405,15.98384952545166],[120.18097686767612,15.97434043884283],[120.1800765991211,15.973119735717773],[120.17585754394531,15.970080375671444],[120.17070770263672,15.965629577636776],[120.16448974609398,15.960650444030762],[120.16378021240234,15.957859992980957],[120.16249084472679,15.9514799118042],[120.15332031250034,15.91763973236084],[120.14322662353538,15.879340171814022],[120.13771057128906,15.858220100402946],[120.13520812988304,15.84867954254156],[120.13118743896518,15.826629638671989],[120.13218688964844,15.82678031921381],[120.13304901123081,15.826889991760254],[120.13490295410168,15.826990127563704],[120.13604736328136,15.826829910278434],[120.1404037475586,15.826709747314567],[120.14299774169922,15.8262300491333],[120.1465530395509,15.824910163879395],[120.14874267578159,15.823960304260368],[120.15132141113293,15.822340011596737],[120.15312957763706,15.821109771728572],[120.15512847900402,15.819439888000545],[120.15820312500045,15.817230224609432],[120.16024780273483,15.815050125122013],[120.16194915771484,15.81258964538597],[120.16248321533226,15.811400413513184],[120.16356658935581,15.807729721069336],[120.16422271728516,15.804289817810172],[120.16465759277355,15.801870346069336],[120.16504669189464,15.798769950866756],[120.16506958007858,15.798560142517204],[120.1697006225586,15.801259994506836],[120.17101287841797,15.802590370178336],[120.17662811279297,15.806030273437614],[120.17932891845749,15.807660102844352],[120.18195343017578,15.809229850769043],[120.18406677246094,15.81128978729248],[120.18485260009811,15.812959671020451],[120.18541717529297,15.81566047668457],[120.18563842773449,15.817110061645621],[120.18604278564476,15.820229530334473],[120.18609619140625,15.822159767150879],[120.1859130859375,15.82487964630127],[120.18580627441452,15.827300071716536],[120.18580627441452,15.830169677734432],[120.1857604980471,15.831029891967773],[120.1852035522461,15.833069801330794],[120.18557739257812,15.834500312805403],[120.18596649169922,15.83594036102295],[120.18563842773449,15.837149620056152],[120.1852416992192,15.83903980255127],[120.18525695800793,15.840180397033805],[120.18639373779308,15.841620445251522],[120.1878890991211,15.842929840088004],[120.18840789794956,15.844120025634766],[120.18923950195358,15.845359802246094],[120.18963623046886,15.846469879150447],[120.19006347656295,15.847479820251465],[120.19161987304688,15.848919868469238],[120.19193267822277,15.849479675293082],[120.19181060791016,15.850440025329704],[120.19174194335949,15.851229667663802],[120.19180297851562,15.851840019226188],[120.1909866333009,15.85369968414318],[120.19116210937511,15.854680061340332],[120.19165039062534,15.856100082397518],[120.1922836303711,15.857430458068848],[120.19302368164062,15.858200073242244],[120.19376373291038,15.858309745788631],[120.19471740722679,15.85890007019043],[120.19580841064453,15.859720230102539],[120.19615173339866,15.86034965515131],[120.19645690917969,15.861160278320256],[120.19589233398438,15.86221027374279],[120.19551849365234,15.862580299377441],[120.19637298584018,15.863439559936523],[120.1971664428711,15.864520072937012],[120.19728088378918,15.865220069885254],[120.19815063476585,15.866220474243164],[120.19877624511764,15.86748027801525],[120.19980621337925,15.868829727172965],[120.19978332519577,15.869600296020451],[120.20063018798851,15.871159553527946],[120.20163726806686,15.871910095214844],[120.20202636718795,15.872509956359977],[120.20178222656273,15.874910354614371],[120.20230865478516,15.876250267028809],[120.20291137695347,15.87720966339117],[120.20436859130905,15.877849578857365],[120.20620727539062,15.87887954711914],[120.20729827880893,15.879779815673828],[120.20931243896507,15.881199836731014],[120.20995330810558,15.882029533386174],[120.2116470336914,15.883959770202637],[120.21243286132824,15.885390281677246],[120.21317291259766,15.88638973236084],[120.21431732177734,15.887729644775504],[120.21499633789108,15.888569831848088],[120.21569824218773,15.889329910278377],[120.21707916259766,15.890259742736873],[120.21750640869152,15.890580177307129],[120.2193603515625,15.891160011291504],[120.22030639648438,15.891819953918457],[120.22126770019531,15.89258003234869],[120.22221374511719,15.893529891967887],[120.22328186035156,15.89422988891613],[120.22382354736374,15.894849777221793],[120.22456359863293,15.895890235900993],[120.22537231445312,15.895850181579533],[120.22643280029342,15.896080017089787],[120.22736358642578,15.896180152893123],[120.22902679443371,15.895529747009277],[120.23084259033214,15.895700454712028],[120.23245239257812,15.895730018615723],[120.23306274414085,15.896260261535645],[120.23412322998092,15.897470474243164],[120.23560333251964,15.898349761962947],[120.23657226562511,15.899089813232422],[120.23835754394531,15.899840354919547],[120.23975372314453,15.90030956268322],[120.24143218994175,15.901729583740234],[120.24269866943405,15.902939796447868],[120.24353790283237,15.90380001068121],[120.24478149414074,15.904709815979004],[120.24610137939464,15.905200004577694],[120.24683380126953,15.905900001525936],[120.24845123291016,15.906720161437988],[120.24965667724632,15.905790328979492],[120.25007629394531,15.905509948730526],[120.2515869140625,15.905850410461483],[120.2527999877932,15.906599998474121],[120.2533416748048,15.907179832458496],[120.25425720214844,15.908109664916992],[120.25341796875,15.90911006927496],[120.25311279296875,15.911080360412825],[120.25338745117233,15.911439895629883],[120.25464630126953,15.912240028381404],[120.25676727294967,15.912610054016113],[120.26011657714855,15.912919998168945],[120.2611007690432,15.913060188293514],[120.26267242431686,15.913709640503043],[120.26412963867222,15.914770126342773],[120.26577758789108,15.916529655456657],[120.26666259765625,15.91714954376232],[120.26849365234375,15.918390274047965],[120.27015686035179,15.919650077819824],[120.27237701416016,15.921299934387264],[120.27406311035179,15.922900199890137],[120.27580261230469,15.925519943237362],[120.27667236328159,15.92714977264427],[120.27673339843773,15.92842006683361],[120.27661895751964,15.930000305175895],[120.27625274658214,15.93136024475109],[120.27574920654297,15.932510375976506],[120.27462005615268,15.933839797973746],[120.27311706542991,15.934729576110954],[120.27216339111351,15.934940338134766]]]},"properties":{"ID_0":177,"ISO":"PHL","NAME_0":"Philippines","ID_1":61,"NAME_1":"Pangasinan","ID_2":1252,"NAME_2":"Bugallon","NL_NAME_2":null,"VARNAME_2":null,"TYPE_2":"Bayan|Munisipyo","ENGTYPE_2":"Municipality","PROVINCE":"Pangasinan","REGION":"Ilocos Region (Region I)"}},
{"type":"Feature","geometry":{"type":"Polygon","coordinates":[[[119.93177032470714,16.011310577392635],[119.93093872070335,16.013170242309627],[119.92936706542969,16.017700195312557],[119.92920684814487,16.02194976806635],[119.9302673339846,16.02869033813488],[119.931678771973,16.03410911560053],[119.9319534301759,16.034999847412223],[119.93197631835949,16.035289764404354],[119.93209838867188,16.036340713500977],[119.93163299560581,16.039470672607422],[119.93064880371116,16.04355049133295],[119.92913055419967,16.047300338745117],[119.92849731445312,16.048799514770565],[119.92775726318371,16.049930572509766],[119.92575836181652,16.052629470825423],[119.92314910888672,16.055870056152457],[119.91943359375,16.05894088745123],[119.91697692871094,16.06056976318365],[119.91265106201172,16.06321907043457],[119.90947723388695,16.064500808715934],[119.90808868408203,16.06553077697754],[119.90514373779297,16.06723976135254],[119.90122985839889,16.068389892578182],[119.89800262451183,16.069129943847656],[119.89466094970703,16.071460723876896],[119.893310546875,16.073049545288086],[119.89276123046886,16.074760437011832],[119.89103698730469,16.076660156250114],[119.88987731933594,16.078720092773494],[119.88892364501953,16.079969406127987],[119.88597869873092,16.0816707611084],[119.88191986084007,16.082309722900504],[119.87798309326183,16.083360671997127],[119.8743820190432,16.08477020263672],[119.86987304687511,16.08645057678234],[119.86476135253906,16.08851051330572],[119.86192321777344,16.090110778808594],[119.86006927490246,16.092679977416935],[119.85809326171875,16.09600067138672],[119.85307312011719,16.092010498046875],[119.85077667236328,16.090030670166072],[119.84561920166016,16.084739685058594],[119.83643341064499,16.075130462646484],[119.8271636962894,16.066919326782283],[119.81822204589844,16.058420181274528],[119.80960083007824,16.050489425659293],[119.80731964111362,16.047800064086914],[119.804443359375,16.04441070556652],[119.7925033569336,16.030860900878963],[119.79041290283249,16.02869033813488],[119.78341674804733,16.02000999450678],[119.77826690673874,16.014369964599723],[119.77113342285156,16.010370254516545],[119.76835632324253,16.00982093811035],[119.76506805419933,16.01016044616705],[119.76261138916038,16.01145935058588],[119.76027679443405,16.012779235839957],[119.76000213623047,16.012500762939567],[119.76000213623047,16.01222038269043],[119.75972747802746,16.01194953918457],[119.75945281982456,16.011669158935774],[119.75945281982456,16.011390686035213],[119.75916290283214,16.011110305786246],[119.75916290283214,16.010099411010742],[119.75916290283214,16.00894927978527],[119.75916290283214,16.008609771728743],[119.75945281982456,16.008329391479606],[119.75945281982456,16.008050918579215],[119.75971984863293,16.007780075073356],[119.75971984863293,16.007560729980696],[119.75971984863293,16.00628089904808],[119.75971984863293,16.0061092376709],[119.76000213623047,16.00555992126465],[119.76083374023438,16.004720687866325],[119.76083374023438,16.002500534057617],[119.76055908203125,16.0016708374024],[119.76055908203125,16.001390457153434],[119.76027679443405,16.001110076904297],[119.76000213623047,16.001110076904297],[119.75971984863293,16.00082969665533],[119.75945281982456,16.00082969665533],[119.75916290283214,16.000560760498047],[119.75945281982456,16.000000000000114],[119.75894927978561,15.99938011169445],[119.75881195068405,15.998840332031364],[119.75852966308594,15.998290061950627],[119.75827026367188,15.997699737548828],[119.75832366943382,15.997159957885742],[119.75833892822266,15.996629714965763],[119.75842285156295,15.99608039855957],[119.7587509155278,15.99569034576416],[119.75887298584018,15.99563026428234],[119.75921630859375,15.99545955657959],[119.75956726074264,15.995269775390625],[119.75981140136719,15.995089530944938],[119.76004791259766,15.994930267334098],[119.76027679443405,15.994759559631348],[119.76056671142578,15.994620323181266],[119.76091766357456,15.994449615478516],[119.76130676269565,15.99425983428955],[119.76174926757835,15.994020462036133],[119.76213836669945,15.993630409240723],[119.76248931884777,15.993209838867188],[119.76277923583996,15.992779731750545],[119.76277923583996,15.992409706115666],[119.76277923583996,15.991939544677734],[119.76249694824253,15.991669654846191],[119.76249694824253,15.99083042144781],[119.76277923583996,15.990559577942008],[119.76277923583996,15.989720344543457],[119.76304626464844,15.98943996429449],[119.76277923583996,15.989170074462947],[119.76277923583996,15.988059997558594],[119.76249694824253,15.986940383911133],[119.76249694824253,15.986669540405273],[119.76222229003918,15.986390113830623],[119.76222229003918,15.9861097335816],[119.76167297363327,15.985560417175407],[119.76167297363327,15.98528003692627],[119.76083374023438,15.98443984985363],[119.76020812988315,15.98396968841547],[119.75995635986374,15.98357963562006],[119.75968933105469,15.983180046081543],[119.75935363769543,15.982859611511287],[119.75910186767578,15.982729911804142],[119.75894165039108,15.982640266418457],[119.75874328613281,15.982000350952262],[119.75837707519577,15.981180191039982],[119.7579574584961,15.980770111084212],[119.75753784179722,15.980489730835075],[119.75733184814453,15.979949951171989],[119.75711822509766,15.979189872741756],[119.75627136230514,15.97871017456066],[119.75499725341842,15.977959632873535],[119.75472259521484,15.977820396423454],[119.75446319580078,15.97754001617426],[119.75404357910202,15.977339744567871],[119.75361633300793,15.976960182189885],[119.75314331054699,15.976550102234114],[119.75277709960972,15.976099967956543],[119.7524871826173,15.975660324096907],[119.7521362304692,15.975310325622786],[119.75200653076206,15.975150108337516],[119.75129699707031,15.974249839782658],[119.75119018554722,15.97389030456543],[119.7510681152346,15.973710060119743],[119.75092315673828,15.97350025177002],[119.75090789794922,15.97346019744873],[119.75068664550804,15.97297000885004],[119.75054168701172,15.972350120544377],[119.75035858154342,15.971830368042049],[119.7502670288086,15.971380233764648],[119.75013732910156,15.970959663391056],[119.75003051757858,15.97045993804943],[119.74994659423828,15.969920158386344],[119.7497787475586,15.9693603515625],[119.74974060058616,15.96875],[119.74973297119163,15.968150138855208],[119.74973297119163,15.967599868774528],[119.74968719482422,15.967120170593262],[119.7495269775394,15.966719627380598],[119.74945831298874,15.966270446777287],[119.74944305419933,15.965740203857536],[119.74945068359398,15.96514987945551],[119.7495269775394,15.964520454406738],[119.74973297119163,15.963890075683821],[119.75005340576206,15.963279724121094],[119.75045013427734,15.962779998779297],[119.75077056884777,15.962309837341365],[119.75095367431652,15.961779594421387],[119.75108337402344,15.961159706115723],[119.75134277343761,15.960610389709473],[119.75164031982445,15.960060119628963],[119.75187683105469,15.959520339965877],[119.75209045410168,15.959059715270996],[119.75225067138672,15.958660125732479],[119.75243377685547,15.958290100097656],[119.75238800048862,15.95785045623802],[119.7524871826173,15.957369804382267],[119.75277709960972,15.956890106201172],[119.75302124023438,15.956379890442122],[119.75314331054699,15.95586967468273],[119.75330352783203,15.955599784851188],[119.75348663330112,15.955410003662166],[119.75372314453159,15.955229759216309],[119.75390625000011,15.954939842224235],[119.7541198730471,15.954620361328068],[119.75430297851597,15.954210281372298],[119.75453186035156,15.953789710998592],[119.75472259521484,15.953330039978027],[119.75472259521484,15.953060150146484],[119.75499725341842,15.952779769897688],[119.75499725341842,15.952219963073674],[119.75527954101562,15.951939582824707],[119.75527954101562,15.951669692993164],[119.75601196289097,15.951020240783635],[119.75628662109386,15.95053958892828],[119.75628662109386,15.950189590454158],[119.75639343261753,15.949170112609977],[119.75639343261753,15.948329925537166],[119.75641632080101,15.94828033447277],[119.7564468383789,15.947799682617188],[119.7564468383789,15.947319984436263],[119.75643920898438,15.946889877319393],[119.75655364990234,15.94651985168457],[119.75682067871094,15.946189880371207],[119.75700378417969,15.94585037231451],[119.75717926025413,15.945540428161678],[119.75729370117222,15.945179939270133],[119.75746917724655,15.944869995117301],[119.75760650634811,15.944580078125],[119.75778198242188,15.944370269775504],[119.75789642333984,15.944120407104492],[119.75807189941406,15.943829536438102],[119.75814819335938,15.943530082702694],[119.75826263427734,15.943340301513672],[119.75842285156295,15.943160057067814],[119.75862884521518,15.942979812622127],[119.75861358642624,15.942219734191895],[119.75861358642624,15.941940307617244],[119.75861358642624,15.941670417785701],[119.75888824462913,15.941390037536735],[119.75936126708996,15.941390037536735],[119.75961303710938,15.94159984588623],[119.75968933105469,15.941829681396541],[119.76136779785179,15.942819595337028],[119.7752075195317,15.957090377807617],[119.7763137817384,15.958410263061523],[119.78317260742233,15.967840194702376],[119.78600311279297,15.970640182495117],[119.79631042480469,15.98600959777832],[119.80249786376987,15.993760108947697],[119.81439208984398,16.009639739990348],[119.81746673583984,16.012010574340877],[119.82244110107422,16.015699386596737],[119.82547760009766,16.018659591674748],[119.83261871337936,16.02186965942377],[119.83795166015648,16.022819519043196],[119.84568023681663,16.023529052734375],[119.8532867431644,16.02294921875],[119.85479736328125,16.022829055786133],[119.85616302490257,16.0227108001709],[119.85806274414097,16.022529602050724],[119.86710357666027,16.021240234375],[119.86858367919922,16.02120018005371],[119.87001800537143,16.02051925659174],[119.8785171508789,16.019660949706974],[119.88272857666061,16.019170761108455],[119.88809204101574,16.018749237060604],[119.89019775390636,16.01855087280279],[119.89797973632812,16.017719268798828],[119.90735626220714,16.015569686889762],[119.93177032470714,16.011310577392635]]]},"properties":{"ID_0":177,"ISO":"PHL","NAME_0":"Philippines","ID_1":61,"NAME_1":"Pangasinan","ID_2":1253,"NAME_2":"Burgos","NL_NAME_2":null,"VARNAME_2":null,"TYPE_2":"Bayan|Munisipyo","ENGTYPE_2":"Municipality","PROVINCE":"Pangasinan","REGION":"Ilocos Region (Region I)"}},
{"type":"Feature","geometry":{"type":"Polygon","coordinates":[[[120.40605926513695,15.950860023498535],[120.40363311767624,15.952580451965389],[120.40161895751953,15.954210281372298],[120.39891052246139,15.956299781799373],[120.39745330810581,15.9588499069215],[120.39630126953136,15.961059570312614],[120.39523315429733,15.963689804077262],[120.38878631591808,15.984060287475813],[120.38881683349643,15.984370231628645],[120.38867187500011,15.985799789428768],[120.3896713256836,15.990630149841422],[120.39109039306686,15.995249748230037],[120.39334869384777,16.00418090820324],[120.39282989501987,16.004930496215877],[120.39227294921875,16.00930023193365],[120.39256286621139,16.011650085449162],[120.39218139648483,16.01667022705078],[120.3910827636721,16.025699615478516],[120.39105224609386,16.02716064453125],[120.38655853271484,16.028680801391545],[120.38690948486362,16.02994918823248],[120.38713836669922,16.031820297241154],[120.38701629638672,16.032129287719727],[120.38627624511764,16.033050537109375],[120.38553619384777,16.034030914306754],[120.38474273681686,16.034809112548942],[120.36141204834018,16.027349472046126],[120.3606185913086,16.027139663696403],[120.35842895507858,16.026369094848746],[120.35423278808639,16.024349212646428],[120.35349273681652,16.02392959594738],[120.352783203125,16.023729324340763],[120.35166931152355,16.023700714111385],[120.34599304199219,16.021629333496094],[120.34607696533249,16.021360397338867],[120.33963775634766,16.019309997558594],[120.33841705322277,16.018150329589787],[120.33511352539062,16.017700195312557],[120.32515716552746,16.01435089111328],[120.32585144042991,16.006269454955998],[120.32620239257824,15.998169898986816],[120.3263778686528,15.996959686279354],[120.32720947265659,15.98694992065424],[120.32763671875011,15.984219551086653],[120.32766723632835,15.983530044555664],[120.32855224609409,15.97595024108881],[120.32859039306652,15.973999977111873],[120.32798767089844,15.965849876403752],[120.32946777343761,15.965979576110897],[120.33516693115246,15.965439796447981],[120.33622741699253,15.96553993225092],[120.34153747558594,15.96557998657238],[120.3458862304692,15.965629577636776],[120.34915161132847,15.965510368347225],[120.35344696044922,15.965550422668514],[120.3561477661134,15.965519905090389],[120.35772705078159,15.965439796447981],[120.3596115112307,15.964730262756461],[120.36123657226585,15.96438026428234],[120.36251831054688,15.963850021362362],[120.36515045166061,15.96304988861084],[120.36807250976574,15.961930274963379],[120.36911773681652,15.961549758911076],[120.36965942382812,15.961370468139705],[120.37255859375011,15.960390090942326],[120.3750991821289,15.95950031280529],[120.38175964355503,15.95691013336193],[120.38407897949219,15.956430435180664],[120.38585662841797,15.955800056457747],[120.38794708251953,15.955309867858887],[120.39140319824219,15.954139709472713],[120.40605926513695,15.950860023498535]]]},"properties":{"ID_0":177,"ISO":"PHL","NAME_0":"Philippines","ID_1":61,"NAME_1":"Pangasinan","ID_2":1254,"NAME_2":"Calasiao","NL_NAME_2":null,"VARNAME_2":null,"TYPE_2":"Bayan|Munisipyo","ENGTYPE_2":"Municipality","PROVINCE":"Pangasinan","REGION":"Ilocos Region (Region I)"}},
{"type":"Feature","geometry":{"type":"MultiPolygon","coordinates":[[[[120.38575744628974,16.110559463500977],[120.38555908203193,16.110559463500977],[120.3852767944336,16.110830307006836],[120.38500213623081,16.110830307006836],[120.38471984863281,16.111110687255973],[120.38445281982422,16.110830307006836],[120.38416290283203,16.110830307006836],[120.3838882446289,16.111110687255973],[120.3836135864259,16.111110687255973],[120.38333129882824,16.110830307006836],[120.38249969482445,16.110830307006836],[120.38221740722679,16.111110687255973],[120.38194274902412,16.110830307006836],[120.38139343261719,16.110830307006836],[120.38111114501953,16.111110687255973],[120.3808364868164,16.111110687255973],[120.38054656982467,16.111389160156364],[120.3803482055664,16.111660003662223],[120.37972259521541,16.11194038391136],[120.37889099121162,16.11194038391136],[120.37832641601597,16.112499237060547],[120.37777709960938,16.112499237060547],[120.3775024414067,16.112779617309684],[120.37666320800838,16.112779617309684],[120.3763885498048,16.112499237060547],[120.37610626220726,16.112499237060547],[120.37555694580078,16.11194038391136],[120.375,16.11194038391136],[120.3747329711914,16.11166954040533],[120.3747329711914,16.111389160156364],[120.37361145019588,16.11027908325218],[120.37286376953148,16.109439849853516],[120.37291717529342,16.108289718628043],[120.37271118164062,16.106950759887695],[120.37264251708984,16.10625076293968],[120.3723602294923,16.10535049438505],[120.3719482421875,16.104440689086914],[120.37139129638717,16.10360908508312],[120.37035369873047,16.102079391479492],[120.37000274658226,16.101730346679688],[120.36937713623047,16.101110458374023],[120.368896484375,16.10062980651884],[120.36833190917969,16.10008049011242],[120.3676300048835,16.099529266357422],[120.3637466430664,16.095830917358626],[120.36318969726608,16.095149993896484],[120.36279296875,16.09480094909668],[120.36000823974655,16.09243011474615],[120.35777282714855,16.091100692749308],[120.35695648193428,16.090700149536133],[120.35472106933605,16.089250564575423],[120.35333251953193,16.08860969543457],[120.35250091552734,16.088050842285384],[120.35193634033249,16.087779998779354],[120.35111236572322,16.08721923828125],[120.34971618652378,16.086669921875],[120.34834289550793,16.085830688476676],[120.3452835083009,16.083890914916935],[120.34249877929688,16.082500457763786],[120.34187316894554,16.082090377807845],[120.3408432006836,16.081390380859432],[120.33805847167991,16.07945060729986],[120.33693695068393,16.07860946655296],[120.33389282226597,16.076110839843864],[120.33222961425838,16.07415962219261],[120.33202362060558,16.07361030578636],[120.33165740966854,16.072500228881836],[120.33174133300793,16.071390151977653],[120.33222198486385,16.0702800750733],[120.33249664306652,16.069440841674805],[120.33249664306652,16.06888961792015],[120.33222198486385,16.06805992126459],[120.33194732666027,16.067779541015625],[120.33165740966854,16.0669403076173],[120.33139038086006,16.066389083862305],[120.33083343505893,16.065559387207088],[120.33055877685547,16.064170837402344],[120.33042144775402,16.063259124755803],[120.33000183105514,16.061950683593807],[120.32971954345703,16.061389923095703],[120.32917022705135,16.059999465942383],[120.32888793945324,16.059440612793196],[120.32848358154342,16.059030532837085],[120.32776641845749,16.058330535888672],[120.32736968994152,16.058330535888672],[120.32694244384766,16.058330535888672],[120.32639312744152,16.0588893890382],[120.32639312744152,16.059999465942383],[120.32666778564453,16.06082916259777],[120.32749938964844,16.06221961975109],[120.32772827148449,16.062679290771428],[120.32773590087902,16.0627822875976],[120.32805633544922,16.065280914306697],[120.32861328125023,16.0669403076173],[120.32833099365257,16.06722068786644],[120.3276519775394,16.067449569702433],[120.32749938964844,16.06749916076683],[120.32639312744152,16.067779541015625],[120.32499694824241,16.067779541015625],[120.32444763183594,16.06749916076683],[120.32333374023483,16.0669403076173],[120.32235717773438,16.066389083862305],[120.32166290283249,16.066110610961914],[120.32160186767578,16.066110610961914],[120.31938171386764,16.064929962158317],[120.31881713867222,16.064580917358512],[120.3161087036134,16.063329696655273],[120.31500244140659,16.062780380249023],[120.314453125,16.062500000000227],[120.31333160400402,16.061950683593807],[120.31276702880893,16.06167030334467],[120.31111145019531,16.061109542846907],[120.31054687500045,16.06082916259777],[120.30999755859386,16.060560226440487],[120.30444335937545,16.05861091613781],[120.30361175537143,16.058059692382812],[120.30166625976562,16.057500839233455],[120.30110931396484,16.05722045898449],[120.30027770996105,16.05694007873535],[120.29860687255893,16.056110382080305],[120.29853057861374,16.056070327758846],[120.30088043212936,16.051959991455192],[120.30367279052734,16.047149658203125],[120.30502319335983,16.04417991638195],[120.30677032470714,16.040500640869254],[120.30747985839844,16.03936004638672],[120.30979156494186,16.036079406738224],[120.31545257568382,16.03055000305187],[120.31671905517612,16.02927970886236],[120.32502746582031,16.020870208740348],[120.32510375976608,16.020160675048828],[120.32515716552746,16.01435089111328],[120.33511352539062,16.017700195312557],[120.33841705322277,16.018150329589787],[120.33963775634766,16.019309997558594],[120.34607696533249,16.021360397338867],[120.34599304199219,16.021629333496094],[120.35166931152355,16.023700714111385],[120.352783203125,16.023729324340763],[120.35349273681652,16.02392959594738],[120.35423278808639,16.024349212646428],[120.35842895507858,16.026369094848746],[120.3606185913086,16.027139663696403],[120.36141204834018,16.027349472046126],[120.38474273681686,16.034809112548942],[120.38487243652378,16.036489486694393],[120.38488769531273,16.036680221557674],[120.38517761230514,16.037879943847713],[120.38590240478527,16.03927993774414],[120.385986328125,16.04104042053234],[120.38524627685581,16.042110443115234],[120.38427734375,16.04310035705572],[120.38316345214866,16.043779373168945],[120.38194274902389,16.044309616088924],[120.38053894042969,16.044700622558594],[120.37782287597679,16.04525947570812],[120.37666320800815,16.045539855957088],[120.37568664550781,16.046579360962028],[120.37547302246128,16.047260284423828],[120.37584686279331,16.04847908020031],[120.37616729736374,16.04906082153326],[120.37460327148438,16.050449371338004],[120.37346649169922,16.051120758056697],[120.37181091308605,16.051410675048942],[120.3720474243164,16.05237960815424],[120.37185668945312,16.052520751953125],[120.37151336669956,16.05314064025879],[120.371131896973,16.05439949035656],[120.37100219726562,16.05607986450201],[120.37074279785168,16.057149887085075],[120.36958312988281,16.058679580688477],[120.36844635009766,16.059389114379826],[120.36765289306675,16.06007957458496],[120.36698150634766,16.061540603637695],[120.36694335937534,16.06225967407238],[120.36686706543014,16.062780380249023],[120.36644744873058,16.063169479370117],[120.36580657959007,16.062950134277457],[120.36534881591842,16.062500000000227],[120.3640365600586,16.062330245971793],[120.36338043212936,16.06315994262718],[120.36286926269577,16.064039230346793],[120.36392211914062,16.064910888671875],[120.36473846435558,16.065200805664176],[120.36617279052768,16.065870285034237],[120.36757659912155,16.066930770873967],[120.36820983886764,16.06805992126459],[120.3687667846682,16.06912040710472],[120.36982727050781,16.06992912292492],[120.37149047851562,16.070720672607422],[120.37217712402355,16.071310043334904],[120.37261199951206,16.07241058349632],[120.37281036376953,16.073049545288086],[120.37415313720703,16.07485008239769],[120.37486267089855,16.075700759887923],[120.37574768066406,16.07692909240717],[120.37593841552734,16.077070236206055],[120.3753662109375,16.079109191894588],[120.37458038330101,16.079759597778434],[120.37375640869175,16.07998085021967],[120.37256622314464,16.080759048461857],[120.3720703125,16.081480026245117],[120.37136840820312,16.08247947692894],[120.37049102783249,16.083169937133846],[120.36868286132812,16.08403968811035],[120.3676376342778,16.08506011962902],[120.36768341064453,16.086380004883097],[120.3684310913086,16.087429046631144],[120.36927032470703,16.087959289550724],[120.37062072753906,16.08819961547863],[120.37135314941406,16.087760925292912],[120.37225341796875,16.087139129638672],[120.37386322021484,16.086380004883097],[120.3749771118164,16.086240768432617],[120.37673950195358,16.087730407714957],[120.37921905517624,16.08964920043968],[120.38002777099678,16.09023094177246],[120.38178253173828,16.09266090393089],[120.38243103027344,16.094900131225643],[120.38287353515636,16.096149444580135],[120.38327789306709,16.09690093994152],[120.38359832763717,16.097209930419865],[120.38468933105491,16.098300933838175],[120.38609313964855,16.099739074707145],[120.38733673095714,16.10116004943842],[120.38787078857456,16.102619171142805],[120.38704681396496,16.103109359741495],[120.386581420899,16.10364913940441],[120.38597869873047,16.10405921936035],[120.38430023193416,16.10511970520048],[120.38379669189499,16.106519699096737],[120.38414764404297,16.108280181884936],[120.38538360595737,16.1099796295166],[120.38575744628974,16.110559463500977]]],[[[120.38678741455101,16.114269256591854],[120.38556671142646,16.115459442138956],[120.38435363769531,16.11652946472185],[120.38321685791061,16.11754989624029],[120.3833999633789,16.119129180908146],[120.38295745849666,16.119260787964095],[120.38221740722679,16.118890762329045],[120.38139343261719,16.118330001831282],[120.37999725341808,16.117500305175895],[120.3791732788086,16.1169490814209],[120.37853240966797,16.116540908813533],[120.3775024414067,16.11554908752464],[120.37777709960938,16.11499977111839],[120.3780517578125,16.114719390869254],[120.37832641601597,16.114719390869254],[120.37860870361328,16.114440917968864],[120.37889099121162,16.114440917968864],[120.3791732788086,16.114170074462834],[120.37972259521541,16.114170074462834],[120.37999725341808,16.113889694213867],[120.38054656982467,16.113889694213867],[120.3808364868164,16.11360931396507],[120.38139343261719,16.11360931396507],[120.38166809082031,16.11333084106468],[120.38194274902412,16.11333084106468],[120.38194274902412,16.11305999755865],[120.38249969482445,16.11305999755865],[120.38276672363338,16.112779617309684],[120.38305664062511,16.112779617309684],[120.38333129882824,16.112499237060547],[120.38416290283203,16.112499237060547],[120.38445281982422,16.112220764160156],[120.38555908203193,16.112220764160156],[120.3858337402346,16.11194038391136],[120.38610839843761,16.11194038391136],[120.38645935058639,16.111600875854492],[120.38671875000034,16.111989974975586],[120.3873062133789,16.113460540771484],[120.38678741455101,16.114269256591854]]]]},"properties":{"ID_0":177,"ISO":"PHL","NAME_0":"Philippines","ID_1":61,"NAME_1":"Pangasinan","ID_2":1255,"NAME_2":"Dagupan City","NL_NAME_2":null,"VARNAME_2":null,"TYPE_2":"Lungsod|Siyudad","ENGTYPE_2":"City","PROVINCE":"Pangasinan","REGION":"Ilocos Region (Region I)"}},
{"type":"Feature","geometry":{"type":"MultiPolygon","coordinates":[[[[119.7786102294923,15.880279541015625],[119.7786102294923,15.880559921264762],[119.77889251708996,15.880829811096135],[119.77889251708996,15.881669998168945],[119.7786102294923,15.881939888000488],[119.7786102294923,15.882220268249455],[119.77834320068382,15.882499694824332],[119.77749633789131,15.882499694824332],[119.7772216796875,15.882220268249455],[119.77694702148472,15.882220268249455],[119.7763900756836,15.881669998168945],[119.7763900756836,15.88138961792015],[119.77749633789131,15.880279541015625],[119.77777862548851,15.880279541015625],[119.77805328369152,15.880000114440918],[119.77834320068382,15.880000114440918],[119.7786102294923,15.880279541015625]]],[[[119.77583312988281,15.912220001220703],[119.7763900756836,15.912779808044718],[119.7763900756836,15.913060188293684],[119.77610778808639,15.913330078125057],[119.77610778808639,15.913610458374023],[119.77583312988281,15.913889884948674],[119.77583312988281,15.914170265198038],[119.7755584716798,15.91444015502941],[119.77528381347713,15.91444015502941],[119.77500152587902,15.91444015502941],[119.77423095703136,15.913669586181925],[119.774169921875,15.913610458374023],[119.774169921875,15.913330078125057],[119.77427673339878,15.913229942321948],[119.77528381347713,15.912220001220703],[119.77583312988281,15.912220001220703]]],[[[120.01180267334007,15.912300109863281],[120.01071929931686,15.920249938964957],[120.00711822509777,15.95195007324213],[120.00399780273438,15.95532035827648],[120.00202941894531,15.957559585571289],[119.99916076660156,15.960650444030762],[119.99626159667991,15.963390350341854],[119.99445343017601,15.96487045288086],[119.9908676147461,15.967639923095817],[119.98914337158203,15.968859672546387],[119.98673248291061,15.970780372619856],[119.98213958740246,15.974269866943416],[119.98088836669956,15.975190162658748],[119.97799682617188,15.976690292358512],[119.97482299804688,15.97848033905035],[119.97176361083984,15.980449676513786],[119.96949768066406,15.981710433959961],[119.96520233154331,15.98351955413824],[119.9624633789067,15.984820365905875],[119.96166229248047,15.98523998260498],[119.96031951904297,15.985759735107536],[119.95599365234386,15.987799644470158],[119.95303344726574,15.989459991455078],[119.95008850097668,15.991999626159895],[119.94583129882812,15.995610237121582],[119.94090270996139,16.000930786132926],[119.93840789794922,16.004169464111328],[119.93505859375034,16.0079803466798],[119.93177032470714,16.011310577392635],[119.90735626220714,16.015569686889762],[119.89797973632812,16.017719268798828],[119.89019775390636,16.01855087280279],[119.88809204101574,16.018749237060604],[119.88272857666061,16.019170761108455],[119.8785171508789,16.019660949706974],[119.87001800537143,16.02051925659174],[119.86858367919922,16.02120018005371],[119.86710357666027,16.021240234375],[119.85806274414097,16.022529602050724],[119.85616302490257,16.0227108001709],[119.85479736328125,16.022829055786133],[119.8532867431644,16.02294921875],[119.84568023681663,16.023529052734375],[119.83795166015648,16.022819519043196],[119.83261871337936,16.02186965942377],[119.82547760009766,16.018659591674748],[119.82244110107422,16.015699386596737],[119.81746673583984,16.012010574340877],[119.81439208984398,16.009639739990348],[119.80249786376987,15.993760108947697],[119.79631042480469,15.98600959777832],[119.78600311279297,15.970640182495117],[119.78317260742233,15.967840194702376],[119.7763137817384,15.958410263061523],[119.7752075195317,15.957090377807617],[119.76136779785179,15.942819595337028],[119.75968933105469,15.941829681396712],[119.75961303710938,15.94159984588623],[119.75936126708996,15.941390037536905],[119.75971984863293,15.941390037536905],[119.76055908203125,15.942219734191895],[119.76083374023438,15.942219734191895],[119.76110839843784,15.941940307617244],[119.76110839843784,15.94110965728754],[119.7616729736335,15.940560340881518],[119.7616729736335,15.940279960632552],[119.76249694824276,15.937780380249137],[119.76361083984375,15.93610954284668],[119.76361083984375,15.935830116271973],[119.76416778564487,15.934720039367619],[119.76416778564487,15.934439659118652],[119.7638931274414,15.93416976928711],[119.76313781738327,15.934510231018294],[119.76265716552734,15.934320449829102],[119.76225280761753,15.93389034271263],[119.761962890625,15.933309555053768],[119.76177215576172,15.932669639587346],[119.76197052001953,15.9321098327639],[119.76229858398449,15.931590080261344],[119.76264190673862,15.931119918823185],[119.76296234130871,15.930660247802848],[119.76328277587913,15.930259704589844],[119.76354980468761,15.929860115051497],[119.76374816894543,15.929459571838493],[119.7638931274414,15.929100036621094],[119.764022827149,15.928799629211369],[119.76421356201229,15.928629875183105],[119.7643814086914,15.928469657898006],[119.76444244384766,15.928230285644588],[119.76447296142624,15.927900314331225],[119.76461029052757,15.927499771118391],[119.76476287841797,15.927040100097656],[119.76489257812511,15.926549911498967],[119.76519775390625,15.925970077514592],[119.76555633544979,15.925379753112793],[119.76571655273438,15.92508983612089],[119.76579284667969,15.924980163574446],[119.7660369873048,15.92483043670677],[119.76644897460972,15.924790382385481],[119.76699066162121,15.92465972900402],[119.76754760742199,15.924369812011719],[119.76799774169922,15.923870086669922],[119.76834869384834,15.923399925232161],[119.76862335205101,15.923020362854004],[119.76879882812557,15.922670364379883],[119.76882934570312,15.922260284423942],[119.7687301635749,15.921759605407829],[119.76882934570312,15.921339988708553],[119.76883697509766,15.921279907226562],[119.76889038085949,15.920900344848746],[119.76895904541016,15.920479774475211],[119.76909637451195,15.920149803161621],[119.76915740966797,15.919830322265852],[119.76914978027344,15.919489860534895],[119.76911163330146,15.919099807739315],[119.76911926269565,15.918689727783374],[119.76953887939453,15.918299674987793],[119.76962280273483,15.918230056762809],[119.77001953125011,15.917719841003588],[119.7703094482423,15.917169570922852],[119.77059173583996,15.916649818420694],[119.7708511352539,15.916170120239428],[119.77111053466797,15.915829658508244],[119.77111053466797,15.915280342102221],[119.77144622802734,15.914589881896916],[119.77166748046898,15.914170265198038],[119.77194213867199,15.914170265198038],[119.77221679687511,15.913889884948674],[119.772743225098,15.913889884948674],[119.77278137207031,15.913889884948674],[119.7728195190432,15.913929939269963],[119.77306365966842,15.914170265198038],[119.77333068847656,15.914170265198038],[119.77443695068382,15.915280342102221],[119.77443695068382,15.915829658508244],[119.774169921875,15.916110038757381],[119.774169921875,15.916390419006575],[119.77414703369163,15.91652011871355],[119.77422332763683,15.916850090027083],[119.7743225097662,15.91718959808361],[119.77427673339878,15.917499542236442],[119.77420043945358,15.917830467224121],[119.77414703369163,15.918219566345215],[119.77409362792969,15.918669700622615],[119.77395629882835,15.919190406799487],[119.77388763427768,15.919719696044979],[119.77388763427768,15.920000076293945],[119.774169921875,15.920280456543082],[119.774169921875,15.92055988311796],[119.77433776855491,15.921150207519588],[119.77443695068382,15.92138957977295],[119.77443695068382,15.921669960022143],[119.774169921875,15.921939849853686],[119.77407073974678,15.922140121460075],[119.77388763427768,15.922499656677303],[119.77388763427768,15.922780036926497],[119.77388763427768,15.923060417175463],[119.77403259277355,15.923100471496753],[119.774169921875,15.923399925232161],[119.77436828613281,15.923740386963118],[119.77464294433662,15.923999786377067],[119.77498626708996,15.924180030822754],[119.77536010742199,15.924389839172477],[119.77574920654308,15.9245996475222],[119.77609252929688,15.924929618835563],[119.77648162841797,15.925279617309684],[119.77686309814453,15.9256401062014],[119.77718353271541,15.92605018615734],[119.77749633789131,15.926389694213867],[119.77781677246094,15.9266996383667],[119.77813720703182,15.927000045776595],[119.77854156494163,15.927289962768668],[119.7789230346682,15.92757987976097],[119.77935028076217,15.927809715271223],[119.77982330322266,15.928059577942065],[119.78031158447311,15.928290367126408],[119.78073883056709,15.928380012512491],[119.7808609008789,15.928409576415959],[119.78132629394565,15.928799629211369],[119.78144836425827,15.928999900818155],[119.78167724609386,15.929369926452637],[119.78206634521507,15.929889678955192],[119.78250122070312,15.930259704589844],[119.78294372558594,15.93052005767828],[119.78333282470703,15.930560111999739],[119.78388977050781,15.931110382080078],[119.78472137451183,15.931110382080078],[119.78500366210994,15.931389808654728],[119.78527832031261,15.931389808654728],[119.78584289550827,15.930830001831112],[119.78663635253918,15.930620193481559],[119.78711700439476,15.930560111999739],[119.78759002685558,15.930500030517521],[119.78797912597679,15.930279731750772],[119.78835296630871,15.930040359497184],[119.78877258300815,15.929920196533146],[119.78913116455146,15.929710388183594],[119.78943634033203,15.929450035095385],[119.78971099853584,15.929169654846419],[119.79000091552734,15.928950309753361],[119.79044342041027,15.928859710693587],[119.79084014892601,15.92873954772972],[119.7912063598634,15.928629875183105],[119.79155731201217,15.928529739379996],[119.79181671142612,15.928389549255598],[119.79205322265636,15.928299903869743],[119.79226684570335,15.928170204162598],[119.79251098632858,15.92798995971691],[119.79277038574253,15.927740097045898],[119.79302215576229,15.927419662475643],[119.79324340820312,15.92704963684082],[119.79345703125,15.926679611206339],[119.7936630249028,15.926289558410758],[119.79390716552803,15.925900459289835],[119.79419708251953,15.925479888916072],[119.79459381103516,15.925100326538313],[119.7950363159182,15.924850463867301],[119.7956008911134,15.923760414123478],[119.79582977294956,15.922780036926497],[119.79638671875068,15.922220230102653],[119.79638671875068,15.921750068664494],[119.79638671875068,15.921669960022143],[119.79694366455101,15.92111015319847],[119.79685211181663,15.92111015319847],[119.797157287598,15.920510292053166],[119.79756164550781,15.920249938965128],[119.79802703857422,15.920490264892805],[119.79840087890625,15.920660018920898],[119.79866027832054,15.920880317688216],[119.79886627197334,15.92111015319847],[119.7990417480471,15.921400070190373],[119.79924011230537,15.92173957824707],[119.79950714111385,15.92214965820341],[119.79959869384777,15.922240257263184],[119.7998962402346,15.92255973815935],[119.80039215087959,15.922719955444279],[119.80090332031295,15.92267990112299],[119.80137634277344,15.922490119934196],[119.80161285400413,15.92236042022705],[119.80184173583984,15.922240257263184],[119.8022994995124,15.921999931335677],[119.80275726318382,15.921839714050577],[119.80326843261753,15.92195034027111],[119.80372619628906,15.92212963104248],[119.80416107177746,15.92212963104248],[119.80462646484375,15.92201042175293],[119.80486297607445,15.922120094299544],[119.80489349365234,15.922430038452376],[119.80496978759834,15.922750473022631],[119.8050765991211,15.923080444335994],[119.80523681640648,15.923379898071403],[119.8053970336914,15.923680305481128],[119.80558776855469,15.923959732055607],[119.80571746826195,15.924320220947322],[119.8056411743164,15.924839973449707],[119.80560302734432,15.925379753112793],[119.80567169189499,15.925919532775879],[119.80589294433605,15.926420211791992],[119.8061828613287,15.926850318908691],[119.80645751953136,15.927229881286678],[119.80668640136787,15.9275999069215],[119.80687713623115,15.92798995971691],[119.8069305419923,15.928389549255598],[119.80690002441406,15.92875957489008],[119.80677032470726,15.929100036621094],[119.80668640136787,15.929450035095385],[119.80668640136787,15.929860115051497],[119.80673217773438,15.930279731750772],[119.80686187744163,15.930680274963379],[119.8069305419923,15.931079864501896],[119.80695343017601,15.9314804077149],[119.80699920654297,15.931889533996582],[119.80722045898449,15.932279586792163],[119.807449340821,15.932689666748104],[119.80760955810558,15.93313026428217],[119.80780029296886,15.933489799499625],[119.80799102783214,15.933790206909123],[119.80805206298828,15.934140205383244],[119.8080902099615,15.934510231018294],[119.8081970214846,15.934880256652946],[119.80831146240234,15.935319900512923],[119.80838775634788,15.935830116271973],[119.80856323242199,15.936309814453068],[119.8086090087894,15.93655967712425],[119.80866241455112,15.936829566955794],[119.80882263183594,15.937290191650447],[119.80889129638672,15.937769889831543],[119.80895233154308,15.93826961517334],[119.80915832519577,15.938739776611328],[119.80934143066429,15.93920993804926],[119.80947875976562,15.939669609069824],[119.80970001220714,15.940039634704647],[119.80986022949219,15.940429687500227],[119.81001281738304,15.940850257873592],[119.81020355224632,15.941289901733398],[119.8101577758789,15.941760063171387],[119.81053924560547,15.942290306091365],[119.810546875,15.942830085754622],[119.810546875,15.94336032867443],[119.810546875,15.943880081176815],[119.810546875,15.944430351257324],[119.81060028076172,15.944990158081168],[119.81082916259811,15.945529937744254],[119.81105804443382,15.946100234985295],[119.81111145019531,15.946800231933537],[119.81111145019531,15.947529792785645],[119.81111145019531,15.948249816894759],[119.81111145019531,15.948929786682072],[119.81114196777378,15.949540138244629],[119.81128692626953,15.950039863586426],[119.8113784790039,15.950519561767521],[119.81144714355514,15.950969696044922],[119.81160736083996,15.951319694519043],[119.8116683959961,15.951740264892578],[119.8116683959961,15.952110290527457],[119.8116683959961,15.952500343322868],[119.8116683959961,15.953060150146484],[119.81143951416038,15.953280448913802],[119.81139373779342,15.953330039978027],[119.81139373779342,15.953610420226994],[119.8116683959961,15.953889846801871],[119.8116683959961,15.954449653625545],[119.81194305419922,15.954719543457088],[119.81199645996105,15.954879760742188],[119.81223297119175,15.955209732055778],[119.81247711181675,15.95551967620861],[119.81282806396484,15.955739974975586],[119.81304168701206,15.955820083618107],[119.81321716308594,15.955889701843262],[119.81358337402344,15.95606994628929],[119.814002990723,15.956110000610579],[119.8144302368164,15.956119537353516],[119.81487274169945,15.956239700317383],[119.81537628173828,15.956700325012207],[119.81581878662121,15.956919670105037],[119.81600952148449,15.957010269165039],[119.81671905517578,15.957320213317871],[119.81729888916016,15.957409858703556],[119.81755828857467,15.95740032196045],[119.81799316406261,15.957480430603027],[119.81845092773483,15.957630157470703],[119.81891632080078,15.957759857177848],[119.81939697265625,15.957770347595272],[119.81999969482433,15.957779884338436],[119.82019805908214,15.95757961273199],[119.82026672363281,15.9575004577639],[119.82221984863304,15.9575004577639],[119.8225021362307,15.957779884338436],[119.8225021362307,15.958330154418945],[119.82305908203136,15.95888996124279],[119.82333374023449,15.95888996124279],[119.82360839843795,15.959170341491756],[119.82389068603516,15.959170341491756],[119.82444763183594,15.958609580993596],[119.82472229003906,15.958609580993596],[119.82499694824264,15.958330154418945],[119.82511901855469,15.958370208740234],[119.82553863525402,15.958279609680403],[119.82591247558605,15.95810985565197],[119.82628631591808,15.958060264587402],[119.8266372680664,15.958049774169979],[119.82697296142612,15.958049774169979],[119.82730865478516,15.958049774169979],[119.82763671875011,15.958049774169979],[119.82797241210938,15.958060264587402],[119.82833099365234,15.958060264587402],[119.82872009277344,15.958060264587402],[119.8291473388673,15.958049774169979],[119.82962036132812,15.958000183105526],[119.83010101318371,15.957830429077092],[119.83058929443393,15.957759857177848],[119.83103942871139,15.9576797485351],[119.83144378662121,15.957550048828125],[119.831787109375,15.957599639892578],[119.83212280273472,15.957590103149414],[119.83239746093761,15.957559585571289],[119.83244323730503,15.957570075988883],[119.83251953125023,15.957590103149414],[119.83276367187545,15.957719802856388],[119.8331298828125,15.957779884338436],[119.83318328857445,15.957779884338436],[119.83352661132858,15.957819938659668],[119.83387756347656,15.957949638366642],[119.83421325683628,15.957739830017147],[119.83444213867188,15.9575004577639],[119.83471679687545,15.9575004577639],[119.8355636596682,15.956669807434082],[119.83611297607433,15.956669807434082],[119.8363876342778,15.956939697265625],[119.8363876342778,15.957220077514762],[119.836669921875,15.9575004577639],[119.836669921875,15.958060264587402],[119.8369369506836,15.958330154418945],[119.8369369506836,15.958609580993596],[119.83721923828159,15.95888996124279],[119.83805847167969,15.95888996124279],[119.83833312988304,15.959170341491756],[119.83999633789062,15.959170341491756],[119.84027862548828,15.959440231323299],[119.84084320068393,15.959440231323299],[119.84111022949219,15.95971965789795],[119.8413925170903,15.95971965789795],[119.8416671752932,15.959440231323299],[119.84221649169933,15.959440231323299],[119.84278106689453,15.95888996124279],[119.84333038330078,15.959440231323299],[119.8438873291019,15.959440231323299],[119.84443664550804,15.95888996124279],[119.84528350830112,15.95971965789795],[119.84583282470703,15.95971965789795],[119.8466567993164,15.96055984497076],[119.8466567993164,15.960829734802303],[119.84694671630893,15.96111011505127],[119.84694671630893,15.961939811706486],[119.84638977050781,15.9624996185305],[119.84583282470703,15.9624996185305],[119.84536743164074,15.962969779968262],[119.84500122070324,15.963330268859806],[119.84610748291061,15.96444034576416],[119.84610748291061,15.966939926147575],[119.84555816650402,15.967499732971191],[119.84555816650402,15.967780113220215],[119.84583282470703,15.968059539795036],[119.84583282470703,15.968609809875545],[119.84610748291061,15.968890190124569],[119.84610748291061,15.969440460205078],[119.84638977050781,15.969719886779728],[119.84638977050781,15.970279693603743],[119.8466567993164,15.970560073852539],[119.84694671630893,15.970560073852539],[119.84722137451172,15.970279693603743],[119.84722137451172,15.970000267028922],[119.84777832031273,15.969440460205078],[119.84750366210983,15.969169616699219],[119.84750366210983,15.968890190124569],[119.84722137451172,15.968609809875545],[119.84722137451172,15.968059539795036],[119.84750366210983,15.967780113220215],[119.84722137451172,15.967499732971191],[119.84722137451172,15.966389656066838],[119.84750366210983,15.966110229492188],[119.84750366210983,15.965279579162711],[119.84777832031273,15.965000152588004],[119.84777832031273,15.963609695434684],[119.84805297851574,15.963330268859806],[119.84805297851574,15.96312046051031],[119.84805297851574,15.963060379028263],[119.84860992431652,15.9624996185305],[119.84971618652344,15.9624996185305],[119.85028076171875,15.961939811706486],[119.85083007812523,15.9624996185305],[119.85111236572288,15.9624996185305],[119.85166931152355,15.961939811706486],[119.85225677490257,15.962039947509766],[119.85250854492188,15.962070465088118],[119.85336303710983,15.962070465088118],[119.85433959960949,15.961939811706486],[119.85533142089878,15.961660385131836],[119.85603332519577,15.961389541625977],[119.8563232421875,15.960570335388184],[119.85701751708996,15.959469795227164],[119.85749816894554,15.95888996124279],[119.85749816894554,15.958609580993596],[119.85888671875045,15.957220077514762],[119.85916900634766,15.957220077514762],[119.86055755615257,15.955829620361442],[119.86110687255893,15.955829620361442],[119.86138916015636,15.955559730529899],[119.86195373535168,15.955559730529899],[119.86250305175781,15.954999923706055],[119.86250305175781,15.954719543457088],[119.86277770996128,15.954449653625545],[119.86263275146518,15.954299926757812],[119.86195373535168,15.953610420226994],[119.86195373535168,15.953330039978027],[119.86138916015636,15.952779769897688],[119.86138916015636,15.952219963073674],[119.86157989501964,15.95203018188488],[119.86165618896484,15.951939582824707],[119.86184692382812,15.951450347900504],[119.86177825927746,15.950849533081112],[119.86180877685592,15.950429916381836],[119.86197662353527,15.9501695632934],[119.86222839355469,15.949910163879451],[119.86250305175781,15.949569702148494],[119.86276245117233,15.949190139770508],[119.86299896240234,15.948789596557674],[119.86315917968784,15.948369979858455],[119.86332702636764,15.947990417480469],[119.86350250244152,15.947589874267635],[119.8636474609375,15.947130203247127],[119.86386871337902,15.946649551391715],[119.86403656005905,15.946140289306584],[119.86422729492233,15.94563961029047],[119.86446380615257,15.945179939270133],[119.86466979980514,15.944729804992733],[119.86477661132812,15.944250106811637],[119.86493682861351,15.943799972534237],[119.86499023437545,15.94326019287115],[119.86492919921909,15.942589759826774],[119.86477661132812,15.941800117492676],[119.86505889892612,15.941200256347713],[119.86541748046898,15.940679550170898],[119.86578369140636,15.940210342407227],[119.86607360839878,15.939749717712402],[119.86637878418014,15.939370155334586],[119.86666870117188,15.939009666442871],[119.86695098876999,15.93865966796875],[119.86721038818393,15.938349723815918],[119.86723327636741,15.938320159912053],[119.86752319335983,15.93789005279541],[119.86781311035156,15.937459945678711],[119.86805725097668,15.936969757080192],[119.86827087402355,15.9364595413208],[119.86834716796886,15.93595027923584],[119.86881256103561,15.93552017211914],[119.86903381347668,15.93494987487793],[119.86898803710938,15.934209823608398],[119.86917114257812,15.933879852295036],[119.8693618774414,15.933650016784725],[119.86940002441418,15.933600425720329],[119.86961364746116,15.933279991149902],[119.86976623535202,15.932920455932674],[119.86998748779308,15.932609558105696],[119.87017059326183,15.932310104370117],[119.87027740478538,15.931949615478572],[119.87039184570358,15.931570053100586],[119.87055969238293,15.931180000305233],[119.87075805664085,15.930780410766715],[119.8709106445317,15.930339813232422],[119.87111663818371,15.92996978759777],[119.8713302612307,15.929619789123649],[119.87146759033203,15.92924976348877],[119.87164306640625,15.928910255432072],[119.87177276611328,15.928529739379996],[119.87194061279297,15.928190231323299],[119.87212371826206,15.927880287170467],[119.87222290039062,15.927550315856934],[119.8723373413086,15.927240371704102],[119.87248992919967,15.926919937133846],[119.8726196289067,15.926549911498967],[119.87278747558594,15.926139831543026],[119.87304687500023,15.925740242004508],[119.87332153320347,15.925350189208928],[119.8737564086914,15.925100326538143],[119.87410736083984,15.9248304367066],[119.87435913085949,15.924489974975586],[119.87452697753952,15.924079895019645],[119.87473297119152,15.92381954193121],[119.87497711181675,15.923600196838379],[119.87525177001953,15.923339843749943],[119.87555694580112,15.92304992675787],[119.87593841552768,15.922769546508903],[119.87631225585972,15.92245960235607],[119.87664794921886,15.92206954956066],[119.87689208984409,15.92162036895752],[119.87695312500023,15.92111015319847],[119.87699127197266,15.920660018920898],[119.87716674804688,15.920350074768066],[119.87738800048874,15.9200696945191],[119.87748718261719,15.91967964172386],[119.8775634765625,15.919159889221305],[119.87782287597702,15.918569564819336],[119.87814331054688,15.918000221252555],[119.87847137451206,15.917610168457145],[119.8786392211914,15.917220115661564],[119.87885284423862,15.916919708252067],[119.87892913818371,15.916529655456657],[119.87909698486328,15.916159629821834],[119.87915802001999,15.915749549865666],[119.87914276123058,15.915300369262923],[119.87899017334018,15.91483020782482],[119.87885284423862,15.914360046386832],[119.87890625,15.913849830627441],[119.87930297851608,15.913279533386344],[119.87931060791027,15.912650108337346],[119.87920379638672,15.91207027435297],[119.87933349609386,15.911780357360897],[119.87953948974655,15.911549568176497],[119.87973785400436,15.91127014160162],[119.87993621826206,15.910960197448787],[119.88004302978516,15.910550117492676],[119.88021087646484,15.910140037536735],[119.88030242919967,15.909640312194938],[119.88044738769577,15.909139633178825],[119.88056182861362,15.908610343933105],[119.88067626953148,15.90806961059576],[119.88081359863281,15.90754032135004],[119.88083648681652,15.907199859619254],[119.88085174560558,15.906990051269531],[119.88111114501953,15.906390190124625],[119.88194274902344,15.905559539794922],[119.88249969482422,15.905559539794922],[119.88276672363293,15.905280113220272],[119.88276672363293,15.904999732971248],[119.88305664062523,15.904720306396598],[119.88305664062523,15.904170036315918],[119.88333129882824,15.903889656066895],[119.88333129882824,15.903610229492415],[119.88416290283203,15.90277957916254],[119.88420104980491,15.902839660644588],[119.88456726074253,15.90254020690918],[119.88504028320324,15.902250289917049],[119.88533782959018,15.90170001983654],[119.88548278808594,15.901339530944824],[119.88583374023483,15.90110969543457],[119.88610839843773,15.900830268859863],[119.88610839843773,15.899999618530387],[119.88639068603527,15.89972019195551],[119.88667297363315,15.89972019195551],[119.88749694824264,15.898889541626204],[119.88749694824264,15.89871978759777],[119.88777160644531,15.89840030670166],[119.8880386352539,15.89807033538824],[119.88829040527355,15.89772033691412],[119.88849639892601,15.897330284118766],[119.88867187500011,15.896900177002067],[119.88889312744186,15.896539688110352],[119.88906860351585,15.89618968963623],[119.88919067382812,15.895810127258244],[119.88937377929688,15.8954496383667],[119.88948059082065,15.895059585571346],[119.88971710205112,15.894689559936467],[119.89000701904308,15.894330024719238],[119.89031982421875,15.893980026245117],[119.89060974121139,15.89363956451416],[119.89086914062534,15.893289566040039],[119.89111328125,15.892919540405387],[119.89134216308605,15.892499923706282],[119.89148712158203,15.892009735107422],[119.89163208007847,15.891550064086857],[119.89166259765625,15.89111042022705],[119.89161682128918,15.89070034027094],[119.89141845703125,15.890279769897575],[119.8914489746096,15.889820098877067],[119.89141845703125,15.889389991760368],[119.89138031005893,15.888930320739803],[119.8914489746096,15.88850021362316],[119.89158630371094,15.88821029663086],[119.8915634155278,15.887920379638786],[119.89154052734386,15.887490272522086],[119.89161682128918,15.886980056762695],[119.89166259765625,15.8865003585816],[119.89167022705078,15.886030197143612],[119.89170837402355,15.885530471801815],[119.89190673828136,15.885040283203125],[119.89214324951206,15.884550094604606],[119.89241027832054,15.884140014648494],[119.89263916015625,15.883720397949219],[119.89277648925815,15.883259773254395],[119.89289855957077,15.882840156555119],[119.89306640625011,15.882510185241927],[119.89328765869175,15.882209777832031],[119.89333343505871,15.881879806518668],[119.89333343505871,15.881529808044547],[119.89322662353561,15.88115024566656],[119.89305114746105,15.880749702453556],[119.89285278320324,15.880299568176326],[119.8927917480471,15.87975978851324],[119.8927917480471,15.879280090331974],[119.8927917480471,15.87891960144043],[119.89273834228516,15.878620147705021],[119.89267730712902,15.878239631652946],[119.89253997802734,15.877980232238997],[119.89288330078148,15.87726974487316],[119.89312744140625,15.876629829406795],[119.89335632324241,15.876119613647518],[119.89351654052734,15.87565994262701],[119.8936996459961,15.87522983551031],[119.89388275146484,15.874770164489803],[119.89414978027344,15.874290466308707],[119.89438629150402,15.873769760131836],[119.8946533203125,15.873160362243596],[119.89495849609386,15.872599601745833],[119.89499664306686,15.872220039367676],[119.8958435058596,15.871390342712516],[119.89611053466808,15.871390342712516],[119.89639282226597,15.871109962463322],[119.89666748046886,15.871109962463322],[119.89778137207031,15.869999885559139],[119.89778137207031,15.869720458984489],[119.89833068847656,15.869170188903809],[119.89833068847656,15.868889808654785],[119.89861297607467,15.868610382080305],[119.89861297607467,15.868330001831168],[119.89916992187511,15.867779731750431],[119.89916992187511,15.867500305175781],[119.9000015258789,15.866669654846305],[119.90083312988281,15.866669654846305],[119.90110778808628,15.866939544677848],[119.90148925781284,15.866939544677848],[119.9020767211914,15.867650032043457],[119.90351104736328,15.86876010894781],[119.90490722656295,15.870309829711971],[119.90608215332031,15.87129020690918],[119.90692138671875,15.872200012207145],[119.90902709960938,15.872139930725154],[119.90985870361351,15.872280120849723],[119.9101791381836,15.874019622802848],[119.91120147705124,15.874699592590332],[119.91265869140625,15.875619888305891],[119.91348266601585,15.875619888305891],[119.91417694091797,15.87604999542242],[119.9159393310548,15.87650012969982],[119.91795349121128,15.877559661865291],[119.91986083984409,15.877429962158317],[119.9242935180664,15.874239921569824],[119.92485809326172,15.872520446777571],[119.92646026611374,15.871359825134505],[119.92855834960983,15.868880271911848],[119.93054199218784,15.86944961547863],[119.93276214599655,15.870750427246094],[119.9336166381836,15.870479583740234],[119.9352798461914,15.86870002746582],[119.93728637695358,15.868129730224553],[119.93860626220703,15.868559837341422],[119.9398422241211,15.866299629211426],[119.94175720214844,15.865099906921387],[119.94293212890659,15.865449905395508],[119.94196319580078,15.867770195007324],[119.94328308105469,15.866809844970703],[119.94422912597656,15.866519927978743],[119.94479370117222,15.86701965332037],[119.94377899169933,15.868639945984],[119.94397735595714,15.869500160217513],[119.94481658935547,15.869669914245605],[119.94600677490257,15.869389533996639],[119.94714355468773,15.86874008178711],[119.94822692871128,15.86868000030529],[119.94867706298851,15.869469642639217],[119.94876098632824,15.871239662170467],[119.94908905029297,15.870989799499512],[119.9498291015625,15.869770050048885],[119.95053100585938,15.869270324707088],[119.95088958740268,15.870079994201717],[119.95143127441418,15.872570037841797],[119.95056915283237,15.873049736023063],[119.95149230957031,15.87333011627203],[119.95220184326195,15.873180389404354],[119.95433807373047,15.872380256652832],[119.95519256591797,15.872209548950252],[119.95603942871128,15.872699737548771],[119.95648193359409,15.872639656067122],[119.95722961425793,15.872659683227482],[119.95834350585938,15.873499870300293],[119.95890808105503,15.873880386352596],[119.96011352539085,15.8743896484375],[119.96116638183616,15.874440193176213],[119.96260833740234,15.874959945678938],[119.96341705322311,15.874979972839299],[119.96430969238304,15.875140190124625],[119.96540832519531,15.875499725341854],[119.96608734130905,15.875570297241325],[119.96697998046898,15.875940322875977],[119.96772766113315,15.877260208129883],[119.96862792968784,15.8782701492309],[119.96943664550793,15.878190040588379],[119.97033691406295,15.87825012207054],[119.97106933593761,15.879119873046875],[119.97261047363304,15.87981986999506],[119.97350311279297,15.880399703979492],[119.97457122802734,15.880720138549918],[119.97537994384788,15.882200241089095],[119.9767684936528,15.88397026062023],[119.97805023193382,15.884770393371582],[119.9799270629884,15.885259628296126],[119.98023986816429,15.886480331420842],[119.97963714599621,15.888179779052734],[119.97987365722702,15.888609886169377],[119.98087310791016,15.889120101928825],[119.98166656494163,15.890810012817383],[119.98252868652366,15.89124965667736],[119.98515319824264,15.892880439758358],[119.99578857421898,15.900409698486328],[119.99742889404331,15.901410102844238],[120.01180267334007,15.912300109863281]]]]},"properties":{"ID_0":177,"ISO":"PHL","NAME_0":"Philippines","ID_1":61,"NAME_1":"Pangasinan","ID_2":1256,"NAME_2":"Dasol","NL_NAME_2":null,"VARNAME_2":null,"TYPE_2":"Bayan|Munisipyo","ENGTYPE_2":"Municipality","PROVINCE":"Pangasinan","REGION":"Ilocos Region (Region I)"}},
{"type":"Feature","geometry":{"type":"MultiPolygon","coordinates":[[[[119.86505126953193,15.811699867248763],[119.86551666259788,15.811719894409123],[119.86589050292991,15.811980247497559],[119.86624908447277,15.81227016449003],[119.86650085449219,15.812640190124512],[119.86665344238304,15.813130378723372],[119.86672210693371,15.813679695129622],[119.86691284179699,15.814189910888672],[119.86692047119152,15.814709663391227],[119.86676788330146,15.815179824829158],[119.86633300781295,15.81548976898199],[119.86569213867244,15.8154296875],[119.86511230468807,15.815090179443473],[119.86466979980537,15.81464958190918],[119.86435699462947,15.814160346984977],[119.86412811279297,15.813670158386287],[119.86393737792969,15.813199996948526],[119.86392211914097,15.812709808349837],[119.86406707763683,15.81229019165039],[119.86432647705078,15.811989784240666],[119.86459350585938,15.811800003051871],[119.86479187011719,15.811690330505655],[119.86505126953193,15.811699867248763]]],[[[119.92437744140659,15.806639671325684],[119.92578125000023,15.806440353393555],[119.92727661132812,15.80640983581543],[119.92871856689464,15.805430412292537],[119.92949676513683,15.80562973022461],[119.9301681518557,15.80591964721691],[119.9307632446289,15.806200027466048],[119.93184661865234,15.806159973144588],[119.93340301513706,15.80636978149414],[119.9367065429692,15.8059597015382],[119.93789672851585,15.804869651794377],[119.9388809204105,15.804889678955135],[119.93997192382824,15.80440998077404],[119.9418563842778,15.805930137634505],[119.94233703613281,15.80607986450201],[119.94328308105469,15.806719779968262],[119.94406890869152,15.807649612426758],[119.94528961181686,15.809260368347225],[119.94579315185581,15.809929847717285],[119.94677734375,15.810520172119084],[119.94934844970749,15.810600280761832],[119.94944763183594,15.810400009155273],[119.95008850097668,15.809659957885742],[119.95073699951172,15.808500289916992],[119.95139312744186,15.807160377502555],[119.9522476196289,15.80640983581543],[119.95245361328125,15.806420326233024],[119.95321655273438,15.806389808654842],[119.95329284667969,15.806440353393555],[119.95992279052757,15.806579589843864],[119.9603271484375,15.801019668579329],[119.95915985107445,15.792329788208121],[119.95922851562511,15.792349815368652],[119.96330261230469,15.791990280151595],[119.96399688720714,15.791819572448674],[119.96484375,15.792050361633244],[119.96556091308639,15.792249679565543],[119.96791839599643,15.792260169982967],[119.97339630126987,15.792280197143555],[119.97390747070358,15.793100357055778],[119.97432708740257,15.794389724731502],[119.97545623779308,15.795120239257926],[119.97628021240234,15.795639991760254],[119.97724151611328,15.796699523925724],[119.97798156738315,15.797400474548454],[119.97873687744175,15.797659873962402],[119.97978210449219,15.796589851379508],[119.98092651367188,15.795660018921012],[119.98364257812511,15.795630455017317],[119.98510742187523,15.795149803161564],[119.98613739013683,15.794320106506404],[119.99150848388717,15.794389724731502],[119.99082183837913,15.792289733886832],[119.99201202392578,15.794400215148926],[119.99220275878906,15.794719696044922],[119.99344635009766,15.797120094299316],[119.99517059326172,15.798910140991325],[119.99556732177746,15.799710273742676],[119.99668884277344,15.800749778747559],[119.99894714355514,15.80327033996582],[119.99920654296909,15.807220458984375],[120.00227355957054,15.813019752502498],[120.00417327880882,15.81680011749279],[120.00723266601585,15.82299995422369],[120.00943756103561,15.827070236206112],[120.01114654541061,15.831620216369572],[120.0135498046875,15.836529731750488],[120.01550292968761,15.837800025939941],[120.01657867431663,15.838749885559196],[120.01923370361362,15.840120315551815],[120.02188110351562,15.84134960174572],[120.0250015258789,15.842989921569824],[120.02880096435547,15.845259666442985],[120.03665924072311,15.842470169067496],[120.04023742675781,15.839949607849235],[120.04503631591797,15.836030006408691],[120.05177307128952,15.831419944763184],[120.0602035522461,15.825469970703239],[120.06584167480514,15.82166957855219],[120.06997680664085,15.819009780883903],[120.07570648193382,15.815899848937931],[120.0805282592778,15.813540458679313],[120.08334350585938,15.812199592590389],[120.08540344238293,15.810930252075195],[120.09101104736374,15.809989929199276],[120.09725189209007,15.810600280761832],[120.10283660888717,15.811989784240666],[120.1100234985355,15.814990043640364],[120.113037109375,15.8171195983889],[120.11585235595726,15.81956958770752],[120.11776733398483,15.820810317993164],[120.11856842041016,15.821120262145996],[120.1234970092778,15.823619842529354],[120.12512969970703,15.824319839477766],[120.12721252441406,15.825220108032227],[120.12953948974655,15.826259613037166],[120.13118743896518,15.826629638671989],[120.13520812988304,15.84867954254156],[120.13771057128906,15.858220100402946],[120.14322662353538,15.879340171814022],[120.15332031250034,15.91763973236084],[120.10191345214855,15.902370452881087],[120.10162353515659,15.902350425720158],[120.0974273681644,15.901220321655273],[120.09024047851562,15.899769783020133],[120.08516693115268,15.898909568786564],[120.08129882812511,15.898209571838379],[120.07737731933594,15.89783954620367],[120.06919860839878,15.897299766540755],[120.06199645996094,15.896630287170524],[120.05792999267578,15.896140098571834],[120.05605316162132,15.896050453186149],[120.05184173584018,15.89558029174816],[120.04862213134788,15.8954496383667],[120.04398345947266,15.895199775695914],[120.0387191772461,15.894479751586971],[120.03797912597656,15.89428997039795],[120.03356170654297,15.893750190734863],[120.02599334716808,15.893210411071777],[120.0220718383789,15.893079757690657],[120.02005767822311,15.894080162048397],[120.01522827148472,15.900569915771484],[120.01344299316452,15.904459953308162],[120.01191711425827,15.91065979003912],[120.01180267334007,15.912300109863281],[119.99742889404331,15.901410102844238],[119.99578857421898,15.900409698486328],[119.98515319824264,15.892880439758358],[119.98252868652366,15.89124965667736],[119.98166656494163,15.890810012817383],[119.98087310791016,15.889120101928825],[119.97987365722702,15.888609886169377],[119.97963714599621,15.888179779052734],[119.98023986816429,15.886480331420842],[119.9799270629884,15.885259628296126],[119.97805023193382,15.884770393371582],[119.9767684936528,15.88397026062023],[119.97537994384788,15.882200241089095],[119.97457122802734,15.880720138549918],[119.97350311279297,15.880399703979492],[119.97261047363304,15.87981986999506],[119.97106933593761,15.879119873046875],[119.97033691406295,15.87825012207054],[119.96943664550793,15.878190040588379],[119.96862792968784,15.8782701492309],[119.96772766113315,15.877260208129883],[119.96697998046898,15.875940322875977],[119.96608734130905,15.875570297241325],[119.96540832519531,15.875499725341854],[119.96430969238304,15.875140190124625],[119.96341705322311,15.874979972839299],[119.96260833740234,15.874959945678938],[119.96116638183616,15.874440193176213],[119.96011352539085,15.8743896484375],[119.95890808105503,15.873880386352596],[119.95834350585938,15.873499870300293],[119.95722961425793,15.872659683227482],[119.95648193359409,15.872639656067122],[119.95603942871128,15.872699737548771],[119.95519256591797,15.872209548950252],[119.95433807373047,15.872380256652832],[119.95220184326195,15.873180389404354],[119.95149230957031,15.87333011627203],[119.95056915283237,15.873049736023063],[119.95143127441418,15.872570037841797],[119.95088958740268,15.870079994201717],[119.95053100585938,15.869270324707088],[119.9498291015625,15.869770050048885],[119.94908905029297,15.870989799499512],[119.94876098632824,15.871239662170467],[119.94867706298851,15.869469642639217],[119.94822692871128,15.86868000030529],[119.94714355468773,15.86874008178711],[119.94600677490257,15.869389533996639],[119.94481658935547,15.869669914245605],[119.94397735595714,15.869500160217513],[119.94377899169933,15.868639945984],[119.94479370117222,15.86701965332037],[119.94422912597656,15.866519927978743],[119.94328308105469,15.866809844970703],[119.94196319580078,15.867770195007324],[119.94293212890659,15.865449905395508],[119.94175720214844,15.865099906921387],[119.9398422241211,15.866299629211426],[119.93860626220703,15.868559837341422],[119.93728637695358,15.868129730224553],[119.9352798461914,15.86870002746582],[119.9336166381836,15.870479583740234],[119.93276214599655,15.870750427246094],[119.93054199218784,15.86944961547863],[119.92855834960983,15.868880271911848],[119.92646026611374,15.871359825134505],[119.92485809326172,15.872520446777571],[119.9242935180664,15.874239921569824],[119.91986083984409,15.877429962158317],[119.91795349121128,15.877559661865291],[119.9159393310548,15.87650012969982],[119.91417694091797,15.87604999542242],[119.91348266601585,15.875619888305891],[119.91265869140625,15.875619888305891],[119.91120147705124,15.874699592590332],[119.9101791381836,15.874019622802848],[119.90985870361351,15.872280120849723],[119.90902709960938,15.872139930725154],[119.90692138671875,15.872200012207145],[119.90608215332031,15.87129020690918],[119.90490722656295,15.870309829711971],[119.90351104736328,15.86876010894781],[119.9020767211914,15.867650032043457],[119.90148925781284,15.866939544677848],[119.90165710449241,15.866939544677848],[119.90389251708984,15.8647203445434],[119.90389251708984,15.86417007446289],[119.90416717529331,15.863889694214095],[119.90416717529331,15.863610267639217],[119.9049987792971,15.86277961730957],[119.90528106689476,15.86277961730957],[119.90556335449241,15.862500190734863],[119.90556335449241,15.862219810485897],[119.9058303833009,15.861940383911246],[119.9058303833009,15.861669540405387],[119.90540313720703,15.859849929809684],[119.9058532714846,15.859339714050236],[119.90631103515659,15.859009742737044],[119.90679168701183,15.858960151672477],[119.90721893310581,15.85916996002203],[119.90778350830112,15.85916996002203],[119.90833282470726,15.858610153198356],[119.90833282470726,15.858329772949219],[119.90888977050793,15.857780456542969],[119.90888977050793,15.856670379638786],[119.90876007080078,15.855830192565975],[119.9086074829105,15.855279922485465],[119.90833282470726,15.854999542236328],[119.90811157226574,15.854999542236328],[119.9080581665039,15.854999542236328],[119.90778350830112,15.854720115661621],[119.90750122070312,15.854720115661621],[119.90721893310581,15.854439735412654],[119.90693664550781,15.854439735412654],[119.90666961669922,15.854450225830078],[119.90638732910202,15.854590415954647],[119.90556335449241,15.853890419006632],[119.90556335449241,15.853610038757267],[119.9058303833009,15.8533296585083],[119.9058303833009,15.853059768676758],[119.90611267089855,15.852780342102278],[119.90611267089855,15.852499961853084],[119.90666961669922,15.851940155029467],[119.90693664550781,15.851940155029467],[119.90721893310581,15.851670265197924],[119.90833282470726,15.851670265197924],[119.90944671630871,15.850560188293741],[119.90944671630871,15.850279808044377],[119.90972137451172,15.850000381469727],[119.90972137451172,15.84972000122076],[119.9102783203125,15.849169731140421],[119.9102783203125,15.848890304565543],[119.91055297851562,15.848609924316406],[119.9111099243164,15.848059654236067],[119.91166687011741,15.846670150756836],[119.91166687011741,15.84638977050804],[119.91194152832043,15.846110343933162],[119.91194152832043,15.845560073852653],[119.91221618652355,15.845279693603516],[119.91221618652355,15.845000267028809],[119.91249847412121,15.844719886779842],[119.91249847412121,15.844169616699332],[119.91278076171875,15.843890190124455],[119.91278076171875,15.84305953979515],[119.91361236572266,15.840559959411792],[119.91361236572266,15.83971977233898],[119.91388702392612,15.839440345764103],[119.91388702392612,15.83833026885992],[119.91385650634777,15.838000297546387],[119.91372680664062,15.837579727173022],[119.91356658935604,15.837180137634277],[119.91343688964889,15.836810111999625],[119.91271209716808,15.835550308227766],[119.91187286376953,15.834730148315487],[119.91130065917969,15.833909988403434],[119.91029357910156,15.833000183105469],[119.91023254394543,15.832509994506779],[119.91001892089855,15.83213043212919],[119.90981292724655,15.831749916076717],[119.90962219238327,15.831390380859489],[119.90941619873047,15.831049919128702],[119.9091567993164,15.830769538879338],[119.90886688232467,15.830510139465389],[119.90866851806686,15.830100059509277],[119.90838623046875,15.829730033874625],[119.9080581665039,15.829389572143612],[119.9076919555664,15.829110145568961],[119.90731811523438,15.828880310058878],[119.90699005126964,15.828650474548397],[119.90675354003906,15.828359603881836],[119.90644836425815,15.828120231628418],[119.90608215332031,15.8279199600222],[119.90563201904308,15.827750205993766],[119.90402221679744,15.826219558716048],[119.9037628173835,15.826120376586857],[119.90347290039085,15.826109886169434],[119.90315246582043,15.826109886169434],[119.9027786254884,15.826140403747615],[119.90232086181663,15.826239585876408],[119.90175628662132,15.82621002197294],[119.90110778808628,15.826129913330192],[119.90041351318382,15.826060295105208],[119.89971160888717,15.82581996917736],[119.89903259277344,15.825559616089095],[119.89824676513706,15.825550079345987],[119.89775848388672,15.825189590454272],[119.89732360839844,15.824850082397575],[119.89688110351574,15.824640274047852],[119.89650726318382,15.824410438537598],[119.8961563110355,15.824150085449332],[119.8957672119144,15.82388019561779],[119.89536285400413,15.823599815368652],[119.89499664306709,15.82332992553728],[119.89444732666016,15.82332992553728],[119.89138793945347,15.820280075073356],[119.89138793945347,15.818610191345158],[119.89026641845703,15.817500114440975],[119.88971710205135,15.817500114440975],[119.88944244384777,15.817219734191838],[119.88916778564476,15.817219734191838],[119.88861083984375,15.816670417785815],[119.88834381103516,15.816670417785815],[119.88804626464844,15.816390037536621],[119.88777923583984,15.816390037536621],[119.88749694824264,15.816109657287654],[119.88722229003906,15.816109657287654],[119.88694763183605,15.815830230713004],[119.88639068603527,15.815830230713004],[119.88555908203125,15.8149995803833],[119.88555908203125,15.81472015380865],[119.88527679443393,15.814439773559855],[119.88445281982467,15.814439773559855],[119.88416290283203,15.81472015380865],[119.88471984863281,15.815279960632267],[119.88471984863281,15.815560340881632],[119.88500213623047,15.815830230713004],[119.88527679443393,15.815830230713004],[119.88610839843773,15.816670417785815],[119.88610839843773,15.816940307617358],[119.88555908203125,15.817500114440975],[119.88527679443393,15.817500114440975],[119.88500213623047,15.817219734191838],[119.88471984863281,15.817219734191838],[119.88445281982467,15.816940307617358],[119.88416290283203,15.816940307617358],[119.88388824462902,15.816670417785815],[119.88361358642635,15.816670417785815],[119.88305664062523,15.816109657287654],[119.88305664062523,15.815279960632267],[119.88276672363293,15.8149995803833],[119.88276672363293,15.81472015380865],[119.88249969482422,15.814439773559855],[119.88249969482422,15.814169883728312],[119.88194274902344,15.814169883728312],[119.88166809082031,15.813890457153434],[119.88166809082031,15.8133296966555],[119.88194274902344,15.813059806823958],[119.88221740722724,15.813059806823958],[119.88276672363293,15.812500000000114],[119.88305664062523,15.812500000000114],[119.88333129882824,15.812219619751147],[119.88445281982467,15.812219619751147],[119.88471984863281,15.812500000000114],[119.88555908203125,15.812500000000114],[119.88583374023506,15.81278038024925],[119.88639068603527,15.81278038024925],[119.88667297363338,15.813059806823958],[119.88694763183605,15.813059806823958],[119.88722229003906,15.8133296966555],[119.88749694824264,15.813059806823958],[119.88804626464844,15.813059806823958],[119.88834381103516,15.81278038024925],[119.88861083984375,15.81278038024925],[119.88916778564476,15.812219619751147],[119.88944244384777,15.812219619751147],[119.89026641845703,15.81138992309593],[119.89083099365234,15.81138992309593],[119.89111328125,15.811109542846793],[119.89193725586006,15.811109542846793],[119.89221954345726,15.810830116271916],[119.89277648925838,15.810830116271916],[119.89305877685558,15.811109542846793],[119.89415740966797,15.811109542846793],[119.89415740966797,15.81138992309593],[119.89444732666016,15.811670303344727],[119.89472198486328,15.811670303344727],[119.89527893066406,15.811109542846793],[119.89527893066406,15.810560226440543],[119.8958435058596,15.8100004196167],[119.8958435058596,15.809720039367733],[119.89611053466808,15.809439659118766],[119.8958435058596,15.809169769287223],[119.89527893066406,15.809169769287223],[119.89499664306709,15.808890342712346],[119.89472198486328,15.808890342712346],[119.89444732666016,15.809169769287223],[119.89389038085938,15.809169769287223],[119.89360809326217,15.809439659118766],[119.89277648925838,15.809439659118766],[119.89250183105491,15.809720039367733],[119.89111328125,15.809720039367733],[119.89083099365234,15.8100004196167],[119.89026641845703,15.8100004196167],[119.88999938964855,15.810279846191406],[119.88944244384777,15.810279846191406],[119.88889312744209,15.810830116271916],[119.88861083984375,15.810560226440543],[119.88749694824264,15.810560226440543],[119.88694763183605,15.8100004196167],[119.88694763183605,15.809720039367733],[119.88667297363338,15.809439659118766],[119.88722229003906,15.808890342712346],[119.88722229003906,15.808329582214412],[119.88749694824264,15.80805969238304],[119.88749694824264,15.80778026580839],[119.88777923583984,15.807499885559025],[119.88777923583984,15.807220458984375],[119.8882675170903,15.806739807128963],[119.88932037353516,15.807209968566951],[119.89241027832054,15.807620048523063],[119.89263153076172,15.807680130004883],[119.89575195312568,15.806830406188965],[119.897216796875,15.806320190429915],[119.89893341064453,15.806010246277083],[119.90146636962913,15.806429862976131],[119.90316009521496,15.807109832763842],[119.90487670898449,15.807909965515364],[119.91140747070347,15.796830177307356],[119.91214752197288,15.795570373535156],[119.91280364990268,15.794420242309684],[119.92437744140659,15.806639671325684],[119.92398071289108,15.807069778442383],[119.92447662353516,15.807160377502555],[119.92459106445312,15.807180404663086],[119.92437744140659,15.806639671325684]]]]},"properties":{"ID_0":177,"ISO":"PHL","NAME_0":"Philippines","ID_1":61,"NAME_1":"Pangasinan","ID_2":1257,"NAME_2":"Infanta","NL_NAME_2":null,"VARNAME_2":null,"TYPE_2":"Bayan|Munisipyo","ENGTYPE_2":"Municipality","PROVINCE":"Pangasinan","REGION":"Ilocos Region (Region I)"}},
{"type":"Feature","geometry":{"type":"Polygon","coordinates":[[[120.15078735351597,16.028350830078352],[120.14994812011764,16.028770446777628],[120.14808654785179,16.03108024597185],[120.1478271484375,16.03108024597185],[120.14806365966808,16.03055953979498],[120.14833068847656,16.03000068664562],[120.14888763427734,16.02916908264183],[120.14935302734375,16.02824020385765],[120.1513900756836,16.024169921875057],[120.15145874023438,16.023820877075423],[120.1522216796875,16.021110534668196],[120.15249633789097,16.0205593109132],[120.15277862548828,16.01979064941412],[120.15305328369209,16.01943969726574],[120.1537017822269,16.01815986633312],[120.15389251709018,16.017780303955135],[120.15409851074241,16.01721954345703],[120.15471649169967,16.016109466552848],[120.15486145019554,16.01582908630371],[120.15493774414074,16.015560150146428],[120.15522003173862,16.014930725097656],[120.15550231933605,16.01424026489252],[120.15598297119175,16.013700485229435],[120.1560974121096,16.013059616088924],[120.15563201904297,16.012910842895508],[120.15534973144577,16.0131893157959],[120.15466308593773,16.01361083984375],[120.1544418334961,16.014169692993278],[120.15471649169967,16.014440536499137],[120.1544418334961,16.014720916748274],[120.1544418334961,16.014999389648665],[120.15416717529308,16.01527976989746],[120.15389251709018,16.01527976989746],[120.15284729003918,16.01667022705078],[120.15264129638683,16.016990661621037],[120.15249633789097,16.01721954345703],[120.15165710449219,16.01889038085949],[120.1513900756836,16.019720077514876],[120.15083312988338,16.02083015441906],[120.15028381347679,16.02249908447277],[120.15020751953159,16.022779464721907],[120.15000152587959,16.023330688476562],[120.14943695068428,16.024169921875057],[120.14910125732422,16.025169372558707],[120.14868164062534,16.026010513305607],[120.14837646484398,16.026720046997355],[120.1479034423835,16.027269363403377],[120.1469421386721,16.028329849243164],[120.14666748046875,16.028890609741268],[120.14578247070324,16.030349731445256],[120.1455764770509,16.0308208465579],[120.1447219848634,16.032779693603516],[120.14277648925815,16.03667068481451],[120.14250183105469,16.03722000122093],[120.14237976074264,16.037590026855412],[120.14217376709007,16.038209915161076],[120.14193725585983,16.038890838623047],[120.14127349853516,16.03973007202154],[120.14083099365246,16.04027938842796],[120.1404037475586,16.04067039489746],[120.13996887207065,16.040920257568473],[120.13948822021496,16.041130065918196],[120.1390380859375,16.041389465332145],[120.13858032226597,16.04165077209467],[120.1381225585942,16.041900634765852],[120.1376876831057,16.042209625244197],[120.13671875000034,16.04261016845703],[120.13623046875011,16.042800903320312],[120.13565826416027,16.042819976806754],[120.13520050048862,16.042879104614315],[120.13509368896496,16.042900085449332],[120.13453674316418,16.043109893798885],[120.134033203125,16.043409347534293],[120.13381195068393,16.043560028076286],[120.13349914550804,16.043779373168945],[120.13291168212925,16.044189453125227],[120.1323394775394,16.04463005065918],[120.13182067871094,16.045110702514705],[120.1313095092778,16.04558944702154],[120.1308364868164,16.046110153198356],[120.12933349609375,16.047489166259766],[120.1281967163086,16.048269271850586],[120.12767028808605,16.048719406128157],[120.12712097168014,16.049129486083928],[120.12645721435547,16.049430847167912],[120.12579345703159,16.049659729003906],[120.12505340576172,16.049739837646484],[120.12433624267601,16.049860000610295],[120.12367248535179,16.050109863281307],[120.123046875,16.050449371338004],[120.12242126464878,16.05076980590843],[120.12172698974655,16.05097007751465],[120.12104034423828,16.0511798858642],[120.120361328125,16.051410675048942],[120.12007904052768,16.0515193939209],[120.11969757080112,16.05167007446289],[120.11904907226608,16.05194091796875],[120.11842346191429,16.05223083496105],[120.1168365478519,16.05351066589361],[120.11627197265625,16.05386924743675],[120.11566925048874,16.054170608520565],[120.11525726318371,16.05435943603527],[120.11506652832043,16.054449081420955],[120.11448669433605,16.05475044250494],[120.11392974853527,16.0550994873048],[120.11340332031284,16.05547904968256],[120.11289215087913,16.05588912963873],[120.11242675781295,16.056350708007812],[120.1120071411134,16.056819915771484],[120.11028289794967,16.059719085693416],[120.11000061035156,16.059719085693416],[120.10973358154308,16.059999465942383],[120.10973358154308,16.060560226440487],[120.11055755615234,16.061389923095703],[120.11083221435547,16.061389923095703],[120.11165618896507,16.060819625854435],[120.1120834350586,16.060890197753906],[120.11228942871094,16.06096076965332],[120.11250305175815,16.06082916259777],[120.11290740966797,16.061529159546012],[120.11293029785156,16.061599731445426],[120.1129837036134,16.06174087524414],[120.11270141601585,16.061950683593807],[120.11255645751953,16.06221961975109],[120.11219787597668,16.06218910217291],[120.111572265625,16.062149047851676],[120.11083221435547,16.062500000000227],[120.1106185913086,16.06262969970703],[120.11036682128906,16.062820434570312],[120.1103210449221,16.0628604888916],[120.11000061035156,16.062679290771428],[120.1094665527346,16.06282997131342],[120.10883331298828,16.06315994262718],[120.10848999023472,16.06389999389654],[120.10798645019577,16.063980102539062],[120.10764312744152,16.06402015686035],[120.10714721679699,16.06386947631836],[120.10661315917969,16.063579559326286],[120.10610198974621,16.0631999969483],[120.10559844970703,16.062810897827205],[120.10513305664108,16.06241035461437],[120.1045532226567,16.062250137329045],[120.10394287109375,16.06221961975109],[120.10334014892612,16.062280654907227],[120.10282135009766,16.062500000000227],[120.10265350341842,16.062580108642635],[120.10324096679699,16.062070846557845],[120.10449218750034,16.061449050903434],[120.10324859619152,16.054430007934513],[120.09868621826195,16.035549163818473],[120.09004974365234,16.001140594482422],[120.08586120605514,15.984580039978027],[120.08999633789097,15.981510162353572],[120.0972900390625,15.97449970245384],[120.10648345947277,15.964360237121639],[120.11985778808616,15.951330184936467],[120.12877655029342,15.941679954528809],[120.15332031250034,15.91763973236084],[120.16249084472679,15.9514799118042],[120.16378021240234,15.957859992980957],[120.16448974609398,15.960650444030762],[120.17070770263672,15.965629577636776],[120.17585754394531,15.970080375671444],[120.1800765991211,15.973119735717773],[120.18097686767612,15.97434043884283],[120.18752288818405,15.98384952545166],[120.19271087646496,15.992099761962834],[120.19946289062511,16.002460479736328],[120.19786071777355,16.00336074829096],[120.19656372070347,16.00406074523937],[120.19394683837925,16.00510025024414],[120.19184875488315,16.005369186401367],[120.18839263916016,16.006870269775447],[120.1861801147461,16.007570266723633],[120.1827392578125,16.00835990905756],[120.17919158935592,16.009450912475643],[120.17739868164062,16.009500503540096],[120.1729965209961,16.008769989013672],[120.17086791992222,16.008489608764705],[120.16783142089866,16.00863075256359],[120.16560363769543,16.00959014892578],[120.16394042968784,16.010290145874023],[120.16074371337902,16.013370513916072],[120.15898132324253,16.01598930358881],[120.15763092041061,16.018339157104492],[120.1564331054692,16.019800186157283],[120.15635681152355,16.020420074463118],[120.15518951416016,16.02297019958519],[120.15386199951172,16.024940490722713],[120.1523208618164,16.027240753173828],[120.15078735351597,16.028350830078352]]]},"properties":{"ID_0":177,"ISO":"PHL","NAME_0":"Philippines","ID_1":61,"NAME_1":"Pangasinan","ID_2":1258,"NAME_2":"Labrador","NL_NAME_2":null,"VARNAME_2":null,"TYPE_2":"Bayan|Munisipyo","ENGTYPE_2":"Municipality","PROVINCE":"Pangasinan","REGION":"Ilocos Region (Region I)"}},
{"type":"Feature","geometry":{"type":"Polygon","coordinates":[[[120.55473327636741,16.08359909057623],[120.55287170410156,16.084989547729606],[120.55056762695347,16.084659576416016],[120.54615783691452,16.083520889282454],[120.54293823242222,16.08329963684082],[120.5435714721682,16.083730697631836],[120.54023742675804,16.08482933044445],[120.53784942626976,16.085620880126953],[120.53629302978516,16.08482933044445],[120.53479766845726,16.083820343017692],[120.53253173828125,16.082550048828182],[120.53177642822266,16.082250595092773],[120.53048706054699,16.08188056945812],[120.52887725830112,16.082799911499023],[120.52477264404308,16.069770812988338],[120.5241470336914,16.07047080993658],[120.52307891845749,16.07031059265148],[120.5218963623048,16.068500518799055],[120.5207290649414,16.066860198974723],[120.51936340332031,16.065439224243278],[120.51275634765636,16.066799163818416],[120.51213073730469,16.0650691986084],[120.51096343994163,16.061540603637695],[120.51120758056686,16.060070037841797],[120.51210784912132,16.05871009826666],[120.51287841796875,16.057460784912166],[120.51392364501999,16.05686950683588],[120.51396179199219,16.05570983886713],[120.50303649902355,16.051799774169865],[120.50256347656273,16.050489425659293],[120.50221252441406,16.048799514770565],[120.50126647949219,16.04796028137207],[120.50090789794967,16.046409606933594],[120.50090026855514,16.045219421386662],[120.50121307373081,16.042619705200195],[120.50121307373081,16.041799545288086],[120.50527954101562,16.041389465332145],[120.50508117675781,16.039560317993107],[120.5049667358403,16.03784942626953],[120.50521850585972,16.036029815673828],[120.5059585571289,16.035230636596793],[120.50630187988327,16.034170150756836],[120.50776672363327,16.033449172973576],[120.50675964355491,16.03236007690424],[120.50657653808616,16.031860351562614],[120.50647735595726,16.031869888305778],[120.5063629150394,16.031110763549805],[120.50705718994186,16.030689239501953],[120.50684356689464,16.02989006042492],[120.50573730468784,16.02926063537592],[120.50602722167969,16.02890968322754],[120.50640106201172,16.02794075012207],[120.50952148437511,16.027360916137695],[120.51145935058628,16.02775001525879],[120.51239013671898,16.028589248657454],[120.51309967041016,16.03059959411644],[120.51329040527344,16.030990600585938],[120.51522064208996,16.031250000000114],[120.51656341552746,16.031360626220817],[120.51838684082065,16.030979156494254],[120.51966094970737,16.031679153442496],[120.51986694335938,16.03249931335472],[120.52246093750045,16.033079147339095],[120.53469085693371,16.031370162963924],[120.53394317626976,16.029479980468807],[120.53437805175781,16.02033996582054],[120.5344467163086,16.016950607299748],[120.5350112915039,16.015529632568473],[120.53603363037121,16.01486968994152],[120.54029083251953,16.014190673828125],[120.54131317138672,16.012880325317383],[120.53891754150436,16.011680603027344],[120.53736114501964,16.010860443115234],[120.5384521484375,16.008979797363224],[120.54266357421875,16.00864982604986],[120.54532623291016,16.007360458374137],[120.54959106445358,16.00580978393566],[120.55107116699264,16.005599975585938],[120.5511474609375,16.00559043884283],[120.55267333984375,16.005500793457145],[120.55458068847656,16.00565910339367],[120.56070709228516,16.009489059448356],[120.56327819824264,16.011190414428825],[120.56636810302757,16.013210296630916],[120.56829833984409,16.014310836791992],[120.57161712646507,16.015890121460018],[120.57108306884766,16.017959594726506],[120.57116699218784,16.019760131835994],[120.5701828002932,16.024690628051758],[120.56929016113281,16.030019760132063],[120.56877136230469,16.03451919555664],[120.56835174560581,16.037549972534123],[120.56816864013706,16.037990570068587],[120.56812286376953,16.039480209350586],[120.56783294677734,16.041130065918196],[120.56707000732422,16.044090270996037],[120.56675720214889,16.045509338378963],[120.56665802001976,16.045890808105526],[120.56623840332031,16.04812049865734],[120.56571960449219,16.050680160522575],[120.56507873535156,16.052169799804744],[120.56487274169956,16.05314064025879],[120.56419372558594,16.056049346923828],[120.5628128051759,16.057979583740234],[120.56350708007835,16.05912017822277],[120.56218719482467,16.064300537109318],[120.56134033203125,16.067409515380973],[120.56118774414074,16.06814002990734],[120.55963897705078,16.07329940795904],[120.55821990966797,16.07690048217796],[120.55725860595703,16.07880973815918],[120.55589294433639,16.082170486450252],[120.55473327636741,16.08359909057623]]]},"properties":{"ID_0":177,"ISO":"PHL","NAME_0":"Philippines","ID_1":61,"NAME_1":"Pangasinan","ID_2":1259,"NAME_2":"Laoac","NL_NAME_2":null,"VARNAME_2":null,"TYPE_2":"Bayan|Munisipyo","ENGTYPE_2":"Municipality","PROVINCE":"Pangasinan","REGION":"Ilocos Region (Region I)"}},
{"type":"Feature","geometry":{"type":"Polygon","coordinates":[[[120.25200653076183,16.040370941162053],[120.24861145019577,16.039720535278434],[120.24833679199219,16.039720535278434],[120.24804687500045,16.039440155029297],[120.24527740478516,16.039169311523438],[120.24388885498047,16.038890838623047],[120.24321746826217,16.038719177246207],[120.23944091796886,16.037780761718693],[120.2379531860355,16.03727912902832],[120.23610687255882,16.03667068481451],[120.23555755615234,16.03667068481451],[120.23473358154297,16.036390304565543],[120.23306274414085,16.036390304565543],[120.23249816894531,16.036109924316406],[120.22972106933616,16.035560607910156],[120.225830078125,16.03528022766119],[120.2255630493164,16.034999847412223],[120.2238922119144,16.034999847412223],[120.22360992431652,16.034719467163086],[120.2226181030278,16.034839630126896],[120.22017669677746,16.035139083862305],[120.21550750732445,16.035709381103572],[120.21221923828125,16.036109924316406],[120.21166992187511,16.036109924316406],[120.21138763427746,16.036390304565543],[120.21083068847668,16.036390304565543],[120.21056365966797,16.03667068481451],[120.21028137207077,16.03667068481451],[120.20971679687534,16.03722000122093],[120.20944213867188,16.03722000122093],[120.20861053466797,16.037500381469727],[120.20764923095703,16.037740707397404],[120.20749664306663,16.037780761718693],[120.20722198486374,16.038059234619254],[120.20583343505905,16.038059234619254],[120.20555877685547,16.038330078125114],[120.20500183105503,16.038330078125114],[120.20471954345714,16.03861045837425],[120.20443725585972,16.03861045837425],[120.20305633544922,16.0400009155274],[120.20305633544922,16.04027938842796],[120.20304870605503,16.040760040283203],[120.20298004150436,16.04146003723139],[120.20339965820335,16.041799545288086],[120.20339965820335,16.04199981689453],[120.20339965820335,16.04221916198736],[120.2028427124028,16.042369842529524],[120.20271301269565,16.042579650878906],[120.20243072509777,16.04265022277832],[120.20194244384777,16.042499542236328],[120.20168304443382,16.042499542236328],[120.20139312744163,16.042499542236328],[120.20111083984398,16.04221916198736],[120.20084381103516,16.042499542236328],[120.20063018798851,16.042499542236328],[120.20034790039085,16.04278945922863],[120.19780731201172,16.042680740356502],[120.19700622558616,16.04270935058605],[120.19695281982422,16.04270935058605],[120.1953964233403,16.042760848999023],[120.1933364868164,16.043609619140852],[120.19304656982422,16.04388999938965],[120.19236755371128,16.044660568237305],[120.1919937133789,16.044929504394588],[120.19159698486362,16.04509925842285],[120.19120025634811,16.045000076294173],[120.19080352783214,16.04483032226574],[120.1903915405278,16.044639587402457],[120.19001770019543,16.04438018798851],[120.18963623046886,16.04410934448248],[120.18705749511719,16.043029785156307],[120.18681335449264,16.042779922485465],[120.18611145019543,16.04221916198736],[120.18486022949264,16.041330337524414],[120.18417358398438,16.040830612182617],[120.18234252929688,16.03904914855957],[120.18112182617188,16.03790092468273],[120.17861175537155,16.0369491577149],[120.17794799804688,16.036720275878963],[120.17778015136719,16.03667068481451],[120.17754364013706,16.03667068481451],[120.17694091796875,16.03667068481451],[120.17404937744175,16.036849975585938],[120.16905212402355,16.03577041625988],[120.16838073730503,16.035640716552734],[120.16687011718773,16.03537940979004],[120.16526031494186,16.035110473632756],[120.16364288330078,16.035039901733512],[120.16335296630905,16.035070419311467],[120.16226959228527,16.035190582275504],[120.1606216430664,16.035289764404354],[120.15973663330124,16.035490036010742],[120.15959930419933,16.03553009033203],[120.15875244140636,16.03577041625988],[120.1577377319336,16.036050796508846],[120.15720367431686,16.036109924316406],[120.15666961669945,16.036169052124137],[120.15615844726562,16.036329269409237],[120.15563201904297,16.036380767822266],[120.15511322021496,16.036420822143555],[120.15460205078159,16.03653907775879],[120.15413665771484,16.03675079345726],[120.15316009521484,16.037099838256893],[120.15213012695312,16.037330627441463],[120.15109252929733,16.03757095336914],[120.15058135986374,16.03772926330572],[120.14729309082043,16.038440704345817],[120.14584350585938,16.038890838623047],[120.14523315429733,16.038839340210075],[120.14507293701172,16.03910064697277],[120.14479064941406,16.03923988342285],[120.14465332031273,16.039180755615348],[120.14415740966831,16.039310455322322],[120.14380645751953,16.039079666137923],[120.14305877685547,16.03861045837425],[120.14305877685547,16.038299560546932],[120.14305877685547,16.038049697875977],[120.14333343505905,16.037839889526595],[120.14360809326195,16.037780761718693],[120.1438217163086,16.038049697875977],[120.14415740966831,16.037839889526595],[120.1447219848634,16.038059234619254],[120.145057678223,16.037389755249023],[120.14520263671886,16.037099838256893],[120.1458129882817,16.036430358886832],[120.14591217041016,16.036209106445426],[120.14604187011719,16.035900115966854],[120.14611053466797,16.035619735717887],[120.14629364013672,16.035469055175895],[120.14666748046875,16.034170150756836],[120.14674377441418,16.03359031677246],[120.14745330810547,16.031959533691463],[120.1478271484375,16.03108024597168],[120.14808654785179,16.03108024597168],[120.14994812011764,16.028770446777457],[120.15078735351597,16.028350830078352],[120.1523208618164,16.027240753173828],[120.15386199951172,16.024940490722713],[120.15518951416016,16.02297019958519],[120.15635681152355,16.020420074462947],[120.1564331054692,16.019800186157283],[120.15763092041061,16.018339157104492],[120.15898132324253,16.01598930358881],[120.16074371337902,16.013370513916072],[120.16394042968784,16.010290145874023],[120.16560363769543,16.00959014892578],[120.16783142089866,16.00863075256359],[120.17086791992222,16.008489608764705],[120.1729965209961,16.008769989013672],[120.17739868164062,16.009500503540096],[120.17919158935592,16.009450912475643],[120.1827392578125,16.00835990905756],[120.1861801147461,16.007570266723633],[120.18839263916016,16.006870269775447],[120.19184875488315,16.005369186401367],[120.19394683837925,16.00510025024414],[120.19656372070347,16.00406074523937],[120.19786071777355,16.00336074829096],[120.19946289062511,16.002460479736328],[120.20036315918014,16.001560211181868],[120.20139312744163,15.99940013885498],[120.20263671875023,15.996939659118596],[120.20340728759811,15.995369911193904],[120.20464324951195,15.994029998779297],[120.20577239990268,15.993780136108626],[120.20674896240234,15.993789672851562],[120.20905303955078,15.99396991729742],[120.21041870117233,15.994330406188965],[120.21209716796875,15.995059967041072],[120.21259307861328,15.996159553527832],[120.21215820312511,15.998539924621639],[120.21180725097702,16.000719070434627],[120.21259307861328,16.00316047668457],[120.21463012695324,16.005470275879134],[120.21563720703159,16.006269454955998],[120.21853637695324,16.006959915161133],[120.21968078613293,16.006389617920036],[120.22213745117188,16.004169464111328],[120.22244262695324,16.00324058532715],[120.22368621826183,16.00037956237793],[120.2244873046875,15.998539924621639],[120.22473907470714,15.997220039367733],[120.22434997558605,15.995739936828727],[120.22383117675815,15.994370460510254],[120.22197723388706,15.992719650268498],[120.21983337402378,15.99135971069336],[120.21878051757812,15.990619659423828],[120.21658325195347,15.988129615783919],[120.21511840820347,15.985369682312125],[120.21410369873081,15.982620239257926],[120.21430206298862,15.979990005493278],[120.21533203125,15.977780342102164],[120.21739959716831,15.975919723510856],[120.21907043457065,15.97500991821289],[120.22177124023438,15.974849700927962],[120.22299957275436,15.974980354309082],[120.2245101928711,15.976229667663688],[120.2261886596682,15.978719711303938],[120.22654724121105,15.980199813842773],[120.22673034667969,15.981639862060547],[120.22654724121105,15.983679771423397],[120.22630310058639,15.988120079040641],[120.22647857666038,15.990329742431697],[120.22740936279308,15.992549896240234],[120.22814941406295,15.993410110473633],[120.2306594848634,15.994560241699219],[120.23132324218784,15.994560241699219],[120.23298645019565,15.994389533996696],[120.23361206054722,15.994130134582576],[120.23491668701172,15.993980407714844],[120.23758697509766,15.99312973022461],[120.2387466430664,15.992670059204102],[120.2394638061528,15.991920471191634],[120.23995971679688,15.991310119628906],[120.2423782348634,15.988619804382438],[120.24391937255893,15.98488998413086],[120.24468994140648,15.982230186462516],[120.24487304687534,15.981140136718693],[120.24437713623058,15.978139877319563],[120.24394226074219,15.976249694824219],[120.2435073852539,15.974599838256779],[120.24298095703148,15.973739624023438],[120.24092102050781,15.97130012512207],[120.23944091796886,15.968759536743278],[120.23916625976585,15.968440055847111],[120.2391128540039,15.968379974365291],[120.23877716064476,15.967000007629395],[120.23931121826172,15.964509963989485],[120.24239349365268,15.962289810180778],[120.2445983886721,15.961799621582088],[120.24610900878918,15.961739540100098],[120.24890899658203,15.96140003204357],[120.25184631347679,15.96105003356945],[120.25478363037143,15.960350036621037],[120.2579727172855,15.959269523620549],[120.2594680786134,15.957269668579158],[120.2599868774414,15.956410408020133],[120.25981903076217,15.954979896545524],[120.25759124755893,15.952919960022086],[120.25511932373081,15.9514799118042],[120.25118255615257,15.948430061340446],[120.2503128051759,15.94585037231451],[120.2497711181644,15.942310333252067],[120.24936676025413,15.939470291137695],[120.2495727539067,15.937199592590275],[120.24964904785179,15.936699867248649],[120.25009918212902,15.935509681701717],[120.25260162353527,15.93500995636009],[120.25399017333984,15.934920310974235],[120.25679779052746,15.935649871826115],[120.25837707519531,15.93585014343273],[120.26045989990268,15.93585014343273],[120.2636337280278,15.936329841613826],[120.2666168212894,15.936960220336914],[120.26840972900402,15.93694972991949],[120.26947021484409,15.9364404678347],[120.27216339111351,15.934940338134766],[120.27837371826217,15.939709663391113],[120.28352355957077,15.944040298461914],[120.28370666503952,15.944140434265194],[120.28395080566406,15.947270393371696],[120.28337097167969,15.947549819946346],[120.28278350830078,15.949640274047908],[120.28275299072311,15.952249526977539],[120.28302764892601,15.954529762268066],[120.28209686279297,15.957859992980957],[120.27452087402355,15.974869728088322],[120.27185821533214,15.980019569396916],[120.27052307128918,15.984629631042594],[120.26928710937534,15.987819671631087],[120.26775360107456,15.991880416870345],[120.26640319824219,15.995920181274414],[120.26508331298862,15.999509811401595],[120.26323699951172,16.00531959533714],[120.26302337646484,16.006170272827205],[120.26226806640625,16.008420944213867],[120.26159667968784,16.0109806060791],[120.26045989990268,16.014720916748274],[120.26017761230469,16.015420913696346],[120.25737762451195,16.02276992797863],[120.25681304931686,16.0262393951416],[120.25614929199219,16.02746009826666],[120.25582122802746,16.02939033508312],[120.2550735473634,16.03210067749029],[120.25462341308594,16.032230377197266],[120.25289154052757,16.037719726562557],[120.25200653076183,16.040370941162053]]]},"properties":{"ID_0":177,"ISO":"PHL","NAME_0":"Philippines","ID_1":61,"NAME_1":"Pangasinan","ID_2":1260,"NAME_2":"Lingayen","NL_NAME_2":null,"VARNAME_2":null,"TYPE_2":"Bayan|Munisipyo","ENGTYPE_2":"Municipality","PROVINCE":"Pangasinan","REGION":"Ilocos Region (Region I)"}},
{"type":"Feature","geometry":{"type":"Polygon","coordinates":[[[119.972450256348,16.072559356689567],[119.96942138671875,16.075170516967773],[119.96723937988293,16.0762996673584],[119.96495056152355,16.078130722046012],[119.95871734619175,16.080629348754883],[119.95317077636764,16.081029891967717],[119.95075225830112,16.080739974975643],[119.94854736328136,16.081190109253043],[119.9451522827153,16.08054924011236],[119.94242858886764,16.080190658569563],[119.93872833251964,16.080629348754883],[119.93750762939464,16.081590652465877],[119.93663024902355,16.08404922485346],[119.93572235107422,16.086080551147518],[119.93536376953125,16.086750030517578],[119.93550109863315,16.08888053894043],[119.93498992919967,16.092569351196232],[119.9338836669923,16.09502029418968],[119.93332672119186,16.097389221191463],[119.93155670166061,16.09947013854986],[119.93105316162143,16.1005096435548],[119.93064880371116,16.102870941162223],[119.92820739746094,16.104999542236442],[119.92693328857445,16.106849670410156],[119.92281341552746,16.109659194946516],[119.9205703735355,16.111330032348633],[119.91986083984409,16.111930847168082],[119.91663360595726,16.11333084106468],[119.91319274902366,16.11445045471197],[119.91224670410179,16.115360260009766],[119.90854644775425,16.11648941040039],[119.90361785888672,16.118480682373274],[119.89920043945347,16.120380401611555],[119.89646148681686,16.122240066528548],[119.88870239257858,16.129240036010856],[119.88835906982422,16.126310348510742],[119.8862762451173,16.123640060424805],[119.8820037841798,16.11943054199213],[119.87964630126953,16.11693954467779],[119.87384796142578,16.111240386962947],[119.862586975098,16.099990844726562],[119.85809326171875,16.09600067138672],[119.86006927490246,16.092679977416935],[119.86192321777344,16.090110778808594],[119.86476135253906,16.08851051330572],[119.86987304687511,16.08645057678234],[119.8743820190432,16.08477020263672],[119.87798309326183,16.083360671997127],[119.88191986084007,16.082309722900504],[119.88597869873092,16.0816707611084],[119.88892364501953,16.079969406127987],[119.88987731933594,16.078720092773494],[119.89103698730469,16.076660156250114],[119.89276123046886,16.074760437011832],[119.893310546875,16.073049545288086],[119.89466094970703,16.071460723876896],[119.89800262451183,16.069129943847656],[119.90122985839889,16.068389892578182],[119.90514373779297,16.06723976135254],[119.90808868408203,16.06553077697754],[119.90947723388695,16.064500808715934],[119.91265106201172,16.06321907043457],[119.91697692871094,16.06056976318365],[119.91943359375,16.05894088745123],[119.92314910888672,16.055870056152457],[119.92575836181652,16.052629470825423],[119.92775726318371,16.049930572509766],[119.92849731445312,16.048799514770565],[119.92913055419967,16.047300338745117],[119.93064880371116,16.04355049133295],[119.93163299560581,16.039470672607422],[119.93209838867188,16.036340713500977],[119.93197631835949,16.035289764404354],[119.9319534301759,16.034999847412223],[119.931678771973,16.03410911560053],[119.9302673339846,16.02869033813488],[119.92920684814487,16.02194976806635],[119.92936706542969,16.017700195312557],[119.93093872070335,16.013170242309627],[119.93177032470714,16.011310577392635],[119.93505859375034,16.0079803466798],[119.93840789794922,16.004169464111328],[119.94090270996139,16.000930786132926],[119.94583129882812,15.995610237121582],[119.95008850097668,15.991999626159895],[119.95303344726574,15.989459991455078],[119.95599365234386,15.987799644470158],[119.96031951904297,15.985759735107536],[119.96166229248047,15.98523998260498],[119.9624633789067,15.984820365905875],[119.96520233154331,15.98351955413824],[119.96949768066406,15.981710433959961],[119.97176361083984,15.980449676513786],[119.97482299804688,15.97848033905035],[119.97799682617188,15.976690292358512],[119.98088836669956,15.975190162658748],[119.98213958740246,15.974269866943416],[119.98673248291061,15.970780372619856],[119.98914337158203,15.968859672546387],[119.9908676147461,15.967639923095817],[119.99445343017601,15.96487045288086],[119.99626159667991,15.963390350341854],[119.99916076660156,15.960650444030762],[120.00202941894531,15.957559585571289],[120.00399780273438,15.95532035827648],[120.00711822509777,15.95195007324213],[120.01071929931686,15.920249938964957],[120.01180267334007,15.912300109863281],[120.01191711425827,15.91065979003912],[120.01344299316452,15.904459953308162],[120.01522827148472,15.900569915771484],[120.02005767822311,15.894080162048397],[120.0220718383789,15.893079757690657],[120.02599334716808,15.893210411071777],[120.03356170654297,15.893750190734863],[120.03797912597656,15.89428997039795],[120.0387191772461,15.894479751586971],[120.04398345947266,15.895199775695914],[120.04862213134788,15.8954496383667],[120.05184173584018,15.89558029174816],[120.05605316162132,15.896050453186149],[120.05792999267578,15.896140098571834],[120.06199645996094,15.896630287170524],[120.06919860839878,15.897299766540755],[120.07737731933594,15.89783954620367],[120.08129882812511,15.898209571838379],[120.08516693115268,15.898909568786564],[120.09024047851562,15.899769783020133],[120.0974273681644,15.901220321655273],[120.10162353515659,15.902350425720158],[120.10191345214855,15.902370452881087],[120.15332031250034,15.91763973236084],[120.12877655029342,15.941679954528809],[120.11985778808616,15.951330184936467],[120.10648345947277,15.964360237121639],[120.0972900390625,15.97449970245384],[120.08999633789097,15.981510162353572],[120.08586120605514,15.984580039978027],[120.03687286376964,16.02202033996582],[120.00904083251976,16.043069839477596],[119.99813842773449,16.05221939086914],[119.98780822753906,16.059890747070426],[119.97596740722656,16.069650650024528],[119.972450256348,16.072559356689567]]]},"properties":{"ID_0":177,"ISO":"PHL","NAME_0":"Philippines","ID_1":61,"NAME_1":"Pangasinan","ID_2":1261,"NAME_2":"Mabini","NL_NAME_2":null,"VARNAME_2":null,"TYPE_2":"Bayan|Munisipyo","ENGTYPE_2":"Municipality","PROVINCE":"Pangasinan","REGION":"Ilocos Region (Region I)"}},
{"type":"Feature","geometry":{"type":"Polygon","coordinates":[[[120.53031921386741,15.874580383300781],[120.52474975585983,15.888870239257812],[120.52131652832077,15.898050308227539],[120.52095794677746,15.898150444030989],[120.51891326904297,15.904680252075309],[120.51818847656284,15.905670166015625],[120.51495361328159,15.911239624023665],[120.51500701904297,15.912130355835018],[120.51010894775436,15.918430328369254],[120.5082931518557,15.924139976501465],[120.50789642334018,15.925290107727278],[120.50019836425827,15.941659927368278],[120.49918365478561,15.946660041809139],[120.49873352050815,15.955559730529899],[120.49861145019577,15.956999778747786],[120.49873352050815,15.958439826965332],[120.4984130859375,15.965589523315543],[120.49476623535156,15.973019599914664],[120.48735809326217,15.970789909362793],[120.48058319091797,15.969090461730957],[120.47855377197266,15.96825981140148],[120.4774627685548,15.96796989440918],[120.47090148925804,15.96677017211914],[120.4686508178711,15.966369628906477],[120.46672821044922,15.965860366821346],[120.46141052246094,15.964659690857047],[120.45854949951172,15.963939666748047],[120.45588684082077,15.963640213012638],[120.4510269165039,15.96253967285162],[120.44654846191452,15.961150169372559],[120.44377136230469,15.960590362548942],[120.4417495727539,15.959919929504395],[120.43383789062534,15.958339691162053],[120.43109893798874,15.95742034912115],[120.42949676513706,15.957280158996582],[120.42434692382847,15.956219673156852],[120.42244720459018,15.95536041259777],[120.41889190673874,15.954609870910645],[120.41787719726585,15.954310417175236],[120.41320037841808,15.953209877014217],[120.40632629394543,15.9508895874024],[120.40605926513695,15.950860023498535],[120.40178680419956,15.940139770507756],[120.3993911743164,15.9342298507691],[120.39922332763672,15.932350158691406],[120.39919281005882,15.931819915771598],[120.40033721923851,15.927470207214355],[120.40062713623092,15.922479629516602],[120.40091705322266,15.922019958496037],[120.4011688232423,15.921059608459586],[120.40122222900425,15.920840263366756],[120.40303039550781,15.911999702453727],[120.40328216552746,15.909830093383903],[120.4034194946289,15.906200408935604],[120.40483856201206,15.901069641113281],[120.40564727783214,15.898090362548828],[120.40586853027366,15.896780014038029],[120.40648651123092,15.891489982605037],[120.41483306884788,15.883830070495662],[120.41610717773438,15.882960319519157],[120.42292785644543,15.876609802246037],[120.42817687988304,15.871629714965877],[120.43003845214844,15.870309829711971],[120.43483734130893,15.866180419921875],[120.43659210205078,15.862059593200797],[120.43773651123047,15.859319686889876],[120.4385375976567,15.856180191040096],[120.44007110595714,15.851490020752067],[120.44702911376953,15.85291957855236],[120.45301818847656,15.854450225830078],[120.45429992675815,15.8546400070191],[120.4570922851567,15.855509757995549],[120.4604263305664,15.856209754943961],[120.46222686767601,15.856630325317326],[120.46257781982433,15.856769561767635],[120.46692657470703,15.858139991760197],[120.47205352783226,15.859689712524357],[120.48332214355469,15.862469673156738],[120.48940277099632,15.863129615783691],[120.50058746337925,15.866200447082633],[120.50179290771518,15.866209983825911],[120.50945281982422,15.86868000030529],[120.5123062133789,15.869299888610954],[120.52860260009788,15.874650001526106],[120.53031921386741,15.874580383300781]]]},"properties":{"ID_0":177,"ISO":"PHL","NAME_0":"Philippines","ID_1":61,"NAME_1":"Pangasinan","ID_2":1262,"NAME_2":"Malasiqui","NL_NAME_2":null,"VARNAME_2":null,"TYPE_2":"Bayan|Munisipyo","ENGTYPE_2":"Municipality","PROVINCE":"Pangasinan","REGION":"Ilocos Region (Region I)"}},
{"type":"Feature","geometry":{"type":"Polygon","coordinates":[[[120.52887725830112,16.082799911499023],[120.52610015869152,16.08172988891613],[120.52240753173851,16.08168983459484],[120.51815032958984,16.08197975158697],[120.51746368408203,16.0821208953858],[120.51309967041016,16.082660675048942],[120.51196289062545,16.083000183105412],[120.5043334960942,16.084360122680778],[120.4906616210942,16.086990356445256],[120.48061370849643,16.07941055297863],[120.46379852294922,16.06402015686035],[120.45762634277355,16.059469223022575],[120.4564132690432,16.058519363403377],[120.45548248291016,16.058010101318587],[120.45162200927768,16.052930831909237],[120.45073699951217,16.051799774169865],[120.44975280761719,16.05047988891596],[120.45153808593761,16.04759025573736],[120.453369140625,16.046310424804744],[120.45588684082077,16.04569053649908],[120.457763671875,16.0453395843507],[120.45892333984375,16.04483032226574],[120.4591064453125,16.044200897216797],[120.45982360839878,16.04335975646967],[120.4616088867192,16.043899536132756],[120.46327209472679,16.042970657348746],[120.46428680419967,16.04269027709961],[120.46501922607422,16.04318046569847],[120.4664230346682,16.04278945922863],[120.46658325195324,16.0415496826173],[120.4677963256836,16.039680480957145],[120.46849060058605,16.038890838623047],[120.47017669677734,16.038770675659237],[120.47189331054688,16.037649154663313],[120.47257232666016,16.035480499267635],[120.47384643554699,16.035150527954215],[120.474853515625,16.034330368041992],[120.47564697265636,16.032529830932674],[120.47718048095737,16.031179428100643],[120.47868347167969,16.029569625854492],[120.47962188720703,16.02865028381359],[120.4801483154298,16.027780532836914],[120.48011016845749,16.027719497680607],[120.48116302490234,16.0262908935548],[120.48143005371094,16.02569007873535],[120.4809036254884,16.024000167846623],[120.4822235107423,16.02280998229992],[120.4834671020509,16.021879196167106],[120.4847335815432,16.020320892334098],[120.48564910888717,16.018939971923885],[120.48784637451172,16.016740798950252],[120.48927307128952,16.014850616455078],[120.4917678833009,16.012069702148438],[120.49333190918014,16.01024055480957],[120.49376678466808,16.00908088684082],[120.49549102783237,16.00728034973156],[120.49683380126987,16.008680343627987],[120.50074768066418,16.009700775146484],[120.50200653076172,16.009019851684684],[120.50261688232467,16.009269714355526],[120.50736999511719,16.009950637817496],[120.50894165039074,16.010099411010742],[120.51040649414062,16.009840011596793],[120.5114974975586,16.01041984558117],[120.51264190673828,16.010360717773438],[120.51435089111328,16.010259628296012],[120.5155029296875,16.009729385376033],[120.5188217163086,16.00890922546398],[120.52101135253906,16.00843048095703],[120.52268218994152,16.00898933410656],[120.52655029296875,16.00773048400879],[120.5292434692384,16.007579803466797],[120.53177642822266,16.008010864257926],[120.53443908691406,16.008939743041935],[120.53617095947266,16.009510040283203],[120.53736114501964,16.010860443115234],[120.53891754150436,16.011680603027344],[120.54131317138672,16.012880325317383],[120.54029083251953,16.014190673828125],[120.53603363037121,16.01486968994152],[120.5350112915039,16.015529632568473],[120.5344467163086,16.016950607299748],[120.53437805175781,16.02033996582054],[120.53394317626976,16.029479980468807],[120.53469085693371,16.031370162963924],[120.52246093750045,16.033079147339095],[120.51986694335938,16.03249931335472],[120.51966094970737,16.031679153442496],[120.51838684082065,16.030979156494254],[120.51656341552746,16.031360626220817],[120.51522064208996,16.031250000000114],[120.51329040527344,16.030990600585938],[120.51309967041016,16.03059959411644],[120.51239013671898,16.028589248657454],[120.51145935058628,16.02775001525879],[120.50952148437511,16.027360916137695],[120.50640106201172,16.02794075012207],[120.50602722167969,16.02890968322754],[120.50573730468784,16.02926063537592],[120.50684356689464,16.02989006042492],[120.50705718994186,16.030689239501953],[120.5063629150394,16.031110763549805],[120.50647735595726,16.031869888305778],[120.50657653808616,16.031860351562614],[120.50675964355491,16.03236007690424],[120.50776672363327,16.033449172973576],[120.50630187988327,16.034170150756836],[120.5059585571289,16.035230636596793],[120.50521850585972,16.036029815673828],[120.5049667358403,16.03784942626953],[120.50508117675781,16.039560317993107],[120.50527954101562,16.041389465332145],[120.50121307373081,16.041799545288086],[120.50121307373081,16.042619705200195],[120.50090026855514,16.045219421386662],[120.50090789794967,16.046409606933594],[120.50126647949219,16.04796028137207],[120.50221252441406,16.048799514770565],[120.50256347656273,16.050489425659293],[120.50303649902355,16.051799774169865],[120.51396179199219,16.05570983886713],[120.51392364501999,16.05686950683588],[120.51287841796875,16.057460784912166],[120.51210784912132,16.05871009826666],[120.51120758056686,16.060070037841797],[120.51096343994163,16.061540603637695],[120.51213073730469,16.0650691986084],[120.51275634765636,16.066799163818416],[120.51936340332031,16.065439224243278],[120.5207290649414,16.066860198974723],[120.5218963623048,16.068500518799055],[120.52307891845749,16.07031059265148],[120.5241470336914,16.07047080993658],[120.52477264404308,16.069770812988338],[120.52887725830112,16.082799911499023]]]},"properties":{"ID_0":177,"ISO":"PHL","NAME_0":"Philippines","ID_1":61,"NAME_1":"Pangasinan","ID_2":1263,"NAME_2":"Manaoag","NL_NAME_2":null,"VARNAME_2":null,"TYPE_2":"Bayan|Munisipyo","ENGTYPE_2":"Municipality","PROVINCE":"Pangasinan","REGION":"Ilocos Region (Region I)"}},
{"type":"Feature","geometry":{"type":"Polygon","coordinates":[[[120.41644287109386,16.0952205657959],[120.41571044921909,16.094549179077262],[120.41513824462925,16.094049453735465],[120.4127426147461,16.09380912780756],[120.41207885742233,16.093580245971793],[120.4107666015625,16.093290328979492],[120.40941619873081,16.093650817871207],[120.40837860107422,16.094030380249023],[120.40666961669922,16.09402084350586],[120.40589141845703,16.093929290771598],[120.40506744384766,16.094190597534123],[120.40432739257847,16.0946102142334],[120.40332031250034,16.095260620117188],[120.40122222900425,16.096540451049805],[120.39991760253906,16.096599578857536],[120.39848327636764,16.097240447998047],[120.39566040039085,16.0988006591798],[120.3934478759769,16.100019454956282],[120.39065551757858,16.101524353027344],[120.38812255859398,16.102890014648438],[120.38787078857456,16.102619171142635],[120.38733673095714,16.10116004943842],[120.38609313964855,16.099739074707145],[120.38468933105491,16.098300933838004],[120.38359832763717,16.097209930419865],[120.38327789306686,16.09690093994152],[120.38287353515636,16.096149444580135],[120.38243103027344,16.094900131225643],[120.38178253173828,16.09266090393072],[120.38002777099655,16.09023094177246],[120.37921905517624,16.08964920043951],[120.37673950195358,16.087730407714957],[120.3749771118164,16.086240768432617],[120.37386322021484,16.086380004882926],[120.37225341796875,16.087139129638672],[120.37135314941406,16.087760925292912],[120.37062072753906,16.08819961547863],[120.36927032470703,16.087959289550724],[120.3684310913086,16.087429046630973],[120.36768341064453,16.086380004882926],[120.3676376342778,16.08506011962902],[120.36868286132812,16.08403968811035],[120.37049102783249,16.083169937133846],[120.37136840820312,16.08247947692894],[120.3720703125,16.081480026245117],[120.37256622314464,16.080759048461857],[120.37375640869175,16.07998085021967],[120.37458038330101,16.079759597778434],[120.3753662109375,16.079109191894588],[120.37593841552734,16.077070236206055],[120.37574768066406,16.07692909240717],[120.37486267089855,16.075700759887923],[120.37415313720703,16.07485008239769],[120.37281036376953,16.073049545288086],[120.37261199951206,16.07241058349632],[120.37217712402355,16.071310043334904],[120.37149047851562,16.070720672607422],[120.36982727050781,16.06992912292492],[120.3687667846682,16.06912040710472],[120.36820983886764,16.06805992126459],[120.36757659912155,16.066930770873967],[120.36617279052768,16.065870285034237],[120.36473846435558,16.065200805664176],[120.36392211914062,16.064910888671875],[120.36286926269577,16.064039230346793],[120.36338043212936,16.06315994262718],[120.3640365600586,16.062330245971793],[120.36534881591842,16.062500000000227],[120.36580657959007,16.062950134277457],[120.36644744873058,16.063169479370117],[120.36686706543014,16.062780380249023],[120.36694335937534,16.06225967407238],[120.36698150634766,16.061540603637695],[120.36765289306675,16.06007957458496],[120.36844635009766,16.059389114379826],[120.36958312988281,16.058679580688477],[120.37074279785168,16.057149887085075],[120.37100219726562,16.05607986450201],[120.371131896973,16.05439949035656],[120.37151336669956,16.05314064025879],[120.37185668945312,16.052520751953125],[120.3720474243164,16.05237960815424],[120.37181091308605,16.051410675048942],[120.37346649169922,16.051120758056697],[120.37460327148438,16.050449371338004],[120.37616729736374,16.04906082153326],[120.37584686279331,16.04847908020031],[120.37547302246128,16.047260284423828],[120.37568664550781,16.046579360962028],[120.37666320800815,16.045539855957088],[120.37782287597679,16.04525947570812],[120.38053894042969,16.044700622558594],[120.38194274902389,16.044309616088924],[120.38316345214866,16.043779373168945],[120.38427734375,16.04310035705572],[120.38524627685581,16.042110443115234],[120.385986328125,16.04104042053234],[120.38590240478527,16.03927993774414],[120.38517761230514,16.037879943847713],[120.38488769531273,16.036680221557674],[120.38487243652378,16.036489486694393],[120.38474273681686,16.034809112548942],[120.38553619384777,16.034030914306754],[120.38627624511764,16.033050537109375],[120.38701629638672,16.032129287719727],[120.38713836669922,16.031820297241154],[120.38690948486362,16.02994918823248],[120.38655853271484,16.028680801391545],[120.39105224609386,16.02716064453125],[120.39185333251999,16.02746009826666],[120.39263153076206,16.027860641479492],[120.39505004882858,16.029930114746207],[120.39653015136719,16.03053092956543],[120.3991088867192,16.029760360717773],[120.40332794189453,16.028930664062727],[120.40666961669922,16.02861976623541],[120.41088867187511,16.0278701782226],[120.41509246826183,16.027130126953125],[120.42095184326172,16.03026008605957],[120.4306869506836,16.035259246826172],[120.43305206298874,16.036380767822266],[120.43389892578148,16.03667068481451],[120.43488311767578,16.03738021850586],[120.43872833251999,16.04145050048828],[120.43920135498047,16.04194068908714],[120.44168853759766,16.044740676879883],[120.44275665283214,16.04608917236351],[120.4432983398442,16.04677009582531],[120.44426727294933,16.047719955444336],[120.4454727172855,16.047979354858455],[120.44645690917969,16.048059463501033],[120.44689178466797,16.048139572143782],[120.44798278808594,16.04892921447754],[120.44761657714878,16.049129486083928],[120.44606018066406,16.049669265747013],[120.44512939453136,16.049850463867188],[120.44374847412143,16.050159454345703],[120.44245910644543,16.050910949707145],[120.44023132324219,16.051229476928825],[120.43872833251999,16.051229476928825],[120.43580627441429,16.051250457763672],[120.43472290039108,16.051109313964957],[120.43347930908203,16.051309585571346],[120.43182373046875,16.05174064636236],[120.43010711669922,16.052280426025447],[120.42961883544967,16.05319976806652],[120.42976379394577,16.05460929870611],[120.43071746826217,16.056589126586914],[120.4315872192384,16.05776977539074],[120.43273925781284,16.059579849243107],[120.43309020996094,16.060449600219954],[120.43315124511719,16.06060981750494],[120.43309783935547,16.06071090698248],[120.43193054199253,16.063039779663143],[120.43103790283226,16.06578063964855],[120.4311676025394,16.067329406738395],[120.43131256103527,16.067930221557617],[120.43183898925781,16.069089889526367],[120.43206787109386,16.069799423217773],[120.43138122558594,16.07131958007824],[120.43038940429733,16.071420669555664],[120.43002319335972,16.071269989013615],[120.42870330810547,16.071659088134766],[120.42675781250045,16.07575035095215],[120.42318725585938,16.083320617675895],[120.42170715332031,16.0860595703125],[120.41644287109386,16.0952205657959]]]},"properties":{"ID_0":177,"ISO":"PHL","NAME_0":"Philippines","ID_1":61,"NAME_1":"Pangasinan","ID_2":1264,"NAME_2":"Mangaldan","NL_NAME_2":null,"VARNAME_2":null,"TYPE_2":"Bayan|Munisipyo","ENGTYPE_2":"Municipality","PROVINCE":"Pangasinan","REGION":"Ilocos Region (Region I)"}},
{"type":"Feature","geometry":{"type":"Polygon","coordinates":[[[120.39868164062511,15.773050308227653],[120.39505004882858,15.776339530944938],[120.38746643066452,15.77653026580822],[120.3787765502932,15.784330368042049],[120.37666320800815,15.786640167236442],[120.37361907959018,15.788680076599121],[120.37136840820312,15.790300369262695],[120.37016296386719,15.791009902954215],[120.36863708496094,15.791359901428336],[120.36811828613281,15.791330337524471],[120.36601257324219,15.790249824524153],[120.36434936523449,15.789190292358512],[120.36218261718773,15.787659645080623],[120.36062622070312,15.786910057067985],[120.3597869873048,15.786760330200252],[120.35825347900402,15.787329673767033],[120.35648345947266,15.788260459900016],[120.35397338867222,15.78919982910162],[120.35201263427768,15.789939880371321],[120.35067749023472,15.791299819946346],[120.34934997558594,15.793339729309196],[120.34735870361374,15.795310020446891],[120.34635162353538,15.795999526977539],[120.34567260742199,15.797610282898006],[120.34487915039108,15.799169540405273],[120.34298706054699,15.801630020141658],[120.34176635742222,15.80200004577631],[120.33882141113304,15.801239967346248],[120.33753967285156,15.800689697265739],[120.3352203369144,15.800080299377498],[120.33394622802768,15.800959587097111],[120.33357238769554,15.80331039428711],[120.33412170410168,15.805159568786678],[120.3358535766605,15.80741024017334],[120.3370819091798,15.808320045471305],[120.3392562866211,15.809690475463867],[120.34058380126953,15.810569763183707],[120.34104919433594,15.812109947204704],[120.33999633789097,15.813400268554915],[120.3391036987307,15.814570426940918],[120.33854675292969,15.81486034393322],[120.33690643310558,15.815389633178711],[120.33538818359398,15.81552982330328],[120.33368682861374,15.815380096435604],[120.33210754394577,15.815580368041992],[120.33135223388683,15.81591987609886],[120.33094024658203,15.816530227661246],[120.33039093017624,15.818269729614371],[120.33009338378906,15.82013034820568],[120.33003234863293,15.821009635925293],[120.32982635498058,15.822859764099121],[120.32913208007812,15.824749946594295],[120.32737731933616,15.827090263366642],[120.32581329345749,15.827870368957633],[120.32341766357422,15.82820987701416],[120.31994628906295,15.827460289001522],[120.31761169433639,15.826519966125602],[120.31440734863304,15.825830459594783],[120.31208801269543,15.826740264892521],[120.31159210205078,15.82732963562023],[120.31049346923851,15.828100204467887],[120.30879211425781,15.831780433654899],[120.30870056152389,15.83360958099371],[120.30972290039097,15.836649894714355],[120.31159973144531,15.83897972106945],[120.3136596679692,15.840350151062069],[120.31514739990246,15.841719627380371],[120.31614685058628,15.842880249023438],[120.31596374511753,15.844079971313477],[120.31468200683628,15.844530105591048],[120.31302642822311,15.844519615173454],[120.31096649169933,15.844829559326286],[120.30885314941418,15.846320152282715],[120.30789184570324,15.847000122070426],[120.30724334716831,15.8481702804566],[120.30304718017612,15.847000122070426],[120.30139923095749,15.846090316772461],[120.29768371582031,15.844050407409782],[120.29656982421898,15.843390464782829],[120.29457092285179,15.842069625854492],[120.28926086425815,15.838749885559196],[120.28742218017601,15.83672046661377],[120.28325653076172,15.83246994018549],[120.28125000000034,15.830189704894963],[120.27924346923828,15.828390121460018],[120.27768707275413,15.827090263366642],[120.27591705322266,15.825710296630916],[120.27468872070358,15.82439041137701],[120.27397918701217,15.823470115661678],[120.27207946777389,15.821399688720646],[120.23903656005871,15.789560317993164],[120.1828765869144,15.734550476074219],[120.18596649169922,15.726759910583553],[120.18863677978516,15.722970008850098],[120.19126892089878,15.71716022491455],[120.19493865966797,15.710430145263672],[120.19860076904308,15.704939842224064],[120.2021713256836,15.699139595031852],[120.20234680175804,15.69884967803955],[120.21183013916016,15.68439960479742],[120.21291351318371,15.682669639587402],[120.21768188476574,15.675069808960188],[120.22582244873047,15.66425991058361],[120.23069763183628,15.656450271606502],[120.23317718505893,15.653280258178711],[120.2332763671875,15.653149604797477],[120.24239349365268,15.639619827270508],[120.248817443848,15.631110191345158],[120.25390625000045,15.61847972869873],[120.27694702148438,15.632410049438533],[120.29427337646518,15.63866996765148],[120.30728912353516,15.647259712219352],[120.32386779785156,15.649999618530273],[120.31671905517612,15.668120384216252],[120.32306671142612,15.671420097351188],[120.32415008544967,15.674160003662053],[120.32524108886764,15.676910400390568],[120.3388290405278,15.68272972106945],[120.34539031982456,15.690859794616813],[120.35180664062545,15.697560310363826],[120.35230255126953,15.699680328369254],[120.3514633178711,15.702210426330623],[120.35325622558594,15.705100059509391],[120.35648345947266,15.708290100097713],[120.36123657226585,15.710209846496696],[120.3592987060548,15.712209701538086],[120.35967254638672,15.713430404663143],[120.35941314697277,15.71531963348383],[120.35846710205101,15.717539787292537],[120.35723114013695,15.719050407409895],[120.35722351074241,15.721320152282829],[120.35814666748047,15.722749710082951],[120.35916137695312,15.72494029998785],[120.35901641845714,15.727210044860954],[120.35856628417991,15.729889869689998],[120.36390686035179,15.732219696044979],[120.3759536743164,15.750570297241268],[120.38439178466808,15.759719848632812],[120.38842010498092,15.76111984252924],[120.39263916015659,15.765509605407772],[120.39974212646518,15.766050338745345],[120.39868164062511,15.773050308227653]]]},"properties":{"ID_0":177,"ISO":"PHL","NAME_0":"Philippines","ID_1":61,"NAME_1":"Pangasinan","ID_2":1265,"NAME_2":"Mangatarem","NL_NAME_2":null,"VARNAME_2":null,"TYPE_2":"Bayan|Munisipyo","ENGTYPE_2":"Municipality","PROVINCE":"Pangasinan","REGION":"Ilocos Region (Region I)"}},
{"type":"Feature","geometry":{"type":"Polygon","coordinates":[[[120.49549102783237,16.00728034973156],[120.49376678466808,16.00908088684082],[120.49333190918014,16.01024055480957],[120.4917678833009,16.012069702148438],[120.48927307128952,16.014850616455078],[120.48784637451172,16.016740798950252],[120.48564910888717,16.018939971923885],[120.4847335815432,16.020320892334098],[120.4834671020509,16.021879196167106],[120.4822235107423,16.02280998229992],[120.4809036254884,16.024000167846623],[120.48143005371094,16.02569007873535],[120.48116302490234,16.0262908935548],[120.48011016845749,16.027719497680607],[120.4801483154298,16.027780532836914],[120.47962188720703,16.02865028381359],[120.47868347167969,16.029569625854492],[120.47718048095737,16.031179428100643],[120.47564697265636,16.032529830932674],[120.474853515625,16.034330368041992],[120.47384643554699,16.035150527954215],[120.47257232666016,16.035480499267635],[120.47189331054688,16.037649154663313],[120.47017669677734,16.038770675659237],[120.46849060058605,16.038890838623047],[120.4677963256836,16.039680480957145],[120.46658325195324,16.0415496826173],[120.4664230346682,16.04278945922863],[120.46501922607422,16.04318046569847],[120.46428680419967,16.04269027709961],[120.46327209472679,16.042970657348746],[120.4616088867192,16.043899536132756],[120.45982360839878,16.04335975646967],[120.4591064453125,16.044200897216797],[120.45892333984375,16.04483032226574],[120.457763671875,16.0453395843507],[120.45588684082077,16.04569053649908],[120.453369140625,16.046310424804744],[120.45153808593761,16.04759025573736],[120.44975280761719,16.05047988891596],[120.44893646240234,16.050500869751033],[120.44789123535168,16.05027961730957],[120.4479370117192,16.04957008361839],[120.44798278808594,16.04892921447754],[120.44689178466797,16.048139572143782],[120.44645690917969,16.048059463501033],[120.4454727172855,16.047979354858455],[120.44426727294933,16.047719955444336],[120.4432983398442,16.04677009582531],[120.44275665283214,16.04608917236351],[120.44168853759766,16.044740676879883],[120.43920135498047,16.04194068908714],[120.43872833251999,16.04145050048828],[120.43488311767578,16.03738021850586],[120.43389892578148,16.03667068481451],[120.43305206298874,16.036380767822266],[120.4306869506836,16.035259246826172],[120.42095184326172,16.03026008605957],[120.41509246826183,16.027130126953125],[120.41777801513683,16.026409149170036],[120.42021179199219,16.02586936950695],[120.4216537475586,16.025650024414062],[120.43064880371128,16.023010253906477],[120.43659973144531,16.021490097046012],[120.43847656250023,16.02096939086914],[120.44374084472702,16.01857948303217],[120.4453277587894,16.01804924011242],[120.4557495117192,16.014030456543026],[120.46279144287121,16.011489868164062],[120.46309661865234,16.011358261108455],[120.46443939208984,16.01078987121582],[120.4673080444336,16.009649276733512],[120.4686279296875,16.009159088134822],[120.46981811523483,16.008390426635742],[120.46997833251953,16.007780075073356],[120.4701309204105,16.007139205932845],[120.47030639648449,16.00698089599615],[120.47078704833996,16.006500244140568],[120.47064971923862,16.005510330200423],[120.47044372558639,16.004350662231502],[120.47070312500034,16.00391006469738],[120.47133636474655,16.00341987609886],[120.47187805175781,16.003139495849723],[120.47235870361362,16.001939773559684],[120.47248840332077,16.00131988525402],[120.47267913818405,16.000259399414062],[120.47445678710972,15.997469902038574],[120.47535705566418,15.99789047241211],[120.47656250000034,15.998319625854492],[120.47733306884766,15.997909545898551],[120.47792053222656,15.997440338134709],[120.47898101806652,15.99682998657238],[120.4816818237307,15.997039794921875],[120.4833602905278,15.996069908142147],[120.4852523803711,15.99516963958746],[120.48729705810581,15.996279716491642],[120.48972320556675,15.998390197753963],[120.49403381347702,16.00296974182129],[120.49575042724655,16.005119323730582],[120.49549102783237,16.00728034973156]]]},"properties":{"ID_0":177,"ISO":"PHL","NAME_0":"Philippines","ID_1":61,"NAME_1":"Pangasinan","ID_2":1266,"NAME_2":"Mapandan","NL_NAME_2":null,"VARNAME_2":null,"TYPE_2":"Bayan|Munisipyo","ENGTYPE_2":"Municipality","PROVINCE":"Pangasinan","REGION":"Ilocos Region (Region I)"}},
{"type":"Feature","geometry":{"type":"Polygon","coordinates":[[[120.78278350830078,16.002250671386776],[120.78964233398438,16.00528907775879],[120.79734039306652,16.008789062499943],[120.80046081542969,16.01107978820812],[120.8040008544923,16.012580871582145],[120.81008148193405,16.014820098876953],[120.82161712646484,16.020469665527344],[120.84565734863281,16.032339096069393],[120.89024353027389,16.053970336914176],[120.87967681884766,16.079250335693473],[120.87995147705124,16.10592079162592],[120.80667877197277,16.071500778198185],[120.79170227050815,16.0631999969483],[120.78131103515636,16.05698966979992],[120.78038787841842,16.0562801361084],[120.76278686523483,16.047609329223633],[120.76619720458984,16.04029083251953],[120.76676940917969,16.038959503173885],[120.76705169677768,16.036790847778548],[120.76785278320324,16.034540176391715],[120.76851654052746,16.03214073181158],[120.76959228515648,16.029859542846737],[120.77036285400413,16.028190612793026],[120.77268981933594,16.024410247802734],[120.77397918701195,16.022979736328125],[120.77478790283203,16.02070999145502],[120.77641296386719,16.018449783325195],[120.77765655517624,16.014820098876953],[120.77884674072288,16.01384925842285],[120.77921295166027,16.012590408325252],[120.77984619140625,16.01032066345215],[120.78096008300827,16.007669448852653],[120.78193664550781,16.005390167236385],[120.78244781494152,16.003589630126953],[120.78278350830078,16.002250671386776]]]},"properties":{"ID_0":177,"ISO":"PHL","NAME_0":"Philippines","ID_1":61,"NAME_1":"Pangasinan","ID_2":1267,"NAME_2":"Natividad","NL_NAME_2":null,"VARNAME_2":null,"TYPE_2":"Bayan|Munisipyo","ENGTYPE_2":"Municipality","PROVINCE":"Pangasinan","REGION":"Ilocos Region (Region I)"}},
{"type":"Feature","geometry":{"type":"Polygon","coordinates":[[[120.5726089477539,16.106449127197322],[120.57273101806652,16.106910705566463],[120.57318878173874,16.108739852905273],[120.57402038574253,16.1104793548584],[120.57420349121139,16.112499237060547],[120.57306671142612,16.113969802856445],[120.57135009765659,16.114929199218807],[120.57034301757824,16.115909576416016],[120.56945037841831,16.117149353027344],[120.5689163208009,16.117750167846737],[120.56838989257812,16.11862945556652],[120.5673599243164,16.122020721435547],[120.56710052490246,16.12400054931635],[120.56694793701217,16.127000808715877],[120.56661987304688,16.128950119018555],[120.56601715087925,16.131099700927848],[120.5650329589846,16.132780075073242],[120.5646209716798,16.133920669555778],[120.56333160400436,16.13591957092285],[120.56252288818371,16.13698005676281],[120.5615234375,16.137849807739258],[120.55966949462902,16.139839172363224],[120.55695343017578,16.142349243164062],[120.5557785034182,16.14384078979515],[120.55477142333984,16.145750045776367],[120.5533905029298,16.14855003356928],[120.55274200439453,16.150020599365348],[120.55194091796886,16.15088081359869],[120.55088806152355,16.15280914306635],[120.55065155029297,16.154520034790153],[120.5506286621096,16.157239913940657],[120.55078125,16.159879684448242],[120.53650665283237,16.15780067443842],[120.5244293212894,16.155550003051758],[120.52351379394531,16.155540466308594],[120.52269744873092,16.15545082092291],[120.51529693603516,16.154409408569393],[120.50959777832043,16.153219223022518],[120.50904846191429,16.152870178222656],[120.50253295898438,16.152309417724723],[120.50074005126964,16.152050018310774],[120.49173736572266,16.150810241699446],[120.48516845703125,16.149620056152344],[120.47515106201217,16.148000717163086],[120.47445678710972,16.148029327392635],[120.4738922119144,16.14809989929205],[120.4730682373048,16.147249221801815],[120.47194671630871,16.146329879760742],[120.47054290771484,16.146280288696516],[120.46874237060581,16.14668083190918],[120.46684265136719,16.14645004272461],[120.46449279785168,16.145269393921012],[120.46344757080112,16.143650054931868],[120.46357727050827,16.14138984680187],[120.46423339843773,16.13905906677246],[120.46325683593784,16.133359909057617],[120.46341705322266,16.13190078735363],[120.46328735351562,16.129930496215934],[120.46346282959007,16.12729072570795],[120.46685028076172,16.120679855346793],[120.46891021728561,16.117950439453125],[120.46959686279297,16.116817474365348],[120.46980285644531,16.116479873657227],[120.47699737548862,16.105930328369254],[120.4788970947269,16.103000640869197],[120.48889160156295,16.0932998657226],[120.49078369140625,16.091539382934798],[120.49334716796909,16.089580535888615],[120.4906616210942,16.086990356445256],[120.5043334960942,16.084360122680778],[120.51196289062545,16.083000183105412],[120.51309967041016,16.082660675048942],[120.51746368408203,16.0821208953858],[120.51815032958984,16.08197975158697],[120.52240753173851,16.08168983459484],[120.52610015869152,16.08172988891613],[120.52887725830112,16.082799911499023],[120.53048706054699,16.08188056945812],[120.53177642822266,16.082250595092773],[120.53253173828125,16.082550048828182],[120.53479766845726,16.083820343017692],[120.53629302978516,16.08482933044445],[120.53784942626976,16.085620880126953],[120.54023742675804,16.08482933044445],[120.5435714721682,16.083730697631836],[120.54293823242222,16.08329963684082],[120.54615783691452,16.083520889282454],[120.55056762695347,16.084659576416016],[120.55287170410156,16.084989547729606],[120.55473327636741,16.08359909057623],[120.56839752197266,16.101739883422795],[120.56964111328159,16.102989196777457],[120.5726089477539,16.106449127197322]]]},"properties":{"ID_0":177,"ISO":"PHL","NAME_0":"Philippines","ID_1":61,"NAME_1":"Pangasinan","ID_2":1268,"NAME_2":"Pozzorubio","NL_NAME_2":null,"VARNAME_2":null,"TYPE_2":"Bayan|Munisipyo","ENGTYPE_2":"Municipality","PROVINCE":"Pangasinan","REGION":"Ilocos Region (Region I)"}},
{"type":"Feature","geometry":{"type":"Polygon","coordinates":[[[120.64392852783203,15.932999610900936],[120.64283752441418,15.931489944458065],[120.64208984375023,15.931039810180664],[120.64153289794967,15.931170463562069],[120.64066314697288,15.931980133056754],[120.63902282714855,15.93136024475109],[120.6374969482423,15.931159973144474],[120.63671112060592,15.930569648742676],[120.63577270507824,15.929960250854606],[120.63504028320358,15.92942047119152],[120.63420104980469,15.928079605102766],[120.63397979736351,15.927769660949934],[120.63339233398472,15.926329612732047],[120.63259887695312,15.924920082092285],[120.63078308105469,15.924039840698356],[120.62744903564453,15.925069808959961],[120.62657928466797,15.925120353698844],[120.6247024536134,15.925359725952262],[120.62252044677768,15.925129890442008],[120.62055969238315,15.924380302429142],[120.62010192871094,15.924180030822754],[120.61878967285168,15.922479629516602],[120.61885833740234,15.920209884643668],[120.6195068359375,15.918080329895133],[120.62066650390625,15.915369987487907],[120.62198638916016,15.912309646606559],[120.62207031250045,15.910840034484977],[120.6206893920903,15.908900260925407],[120.61908721923862,15.907389640808049],[120.61846160888706,15.906820297241268],[120.61489868164097,15.903779983520508],[120.61293792724643,15.90281963348383],[120.6084136962894,15.90071964263916],[120.60671234130882,15.90017032623291],[120.60299682617233,15.899189949035758],[120.60175323486351,15.899029731750602],[120.60043334960938,15.898880004882926],[120.59742736816418,15.898349761962947],[120.59499359130905,15.89745998382574],[120.59413146972656,15.897009849548283],[120.59339904785156,15.896490097045955],[120.59114074707043,15.895409584045467],[120.59043884277344,15.89507007598877],[120.58910369873047,15.89412975311285],[120.58721160888672,15.892359733581543],[120.58606719970703,15.890839576721248],[120.58802032470726,15.88910961151123],[120.58946990966831,15.887020111083928],[120.59369659423828,15.88160037994379],[120.60386657714844,15.868100166320914],[120.60623931884811,15.866410255432129],[120.60901641845703,15.861359596252555],[120.61064147949253,15.857009887695312],[120.6130828857423,15.851160049438477],[120.61492919921875,15.846019744873047],[120.61280822753929,15.832099914550838],[120.61579895019565,15.83146953582775],[120.61734771728516,15.83119010925293],[120.61972045898438,15.830949783325195],[120.6216506958009,15.83080005645752],[120.62445831298828,15.830570220947266],[120.62616729736351,15.830539703369254],[120.62890625000011,15.830780029296932],[120.63246154785179,15.830940246582259],[120.63464355468761,15.831040382385368],[120.63581085205124,15.830789566040096],[120.63810729980503,15.830679893493652],[120.63980865478561,15.830659866333121],[120.64201354980469,15.830530166625977],[120.64440155029331,15.83036994934082],[120.64524078369163,15.830479621887264],[120.6466522216798,15.830340385436955],[120.64816284179699,15.830129623413313],[120.64922332763706,15.830039978027457],[120.65193939208984,15.829930305481014],[120.65691375732422,15.839770317077694],[120.66683197021484,15.841030120849723],[120.66841125488304,15.841449737548828],[120.68071746826195,15.845729827881087],[120.67949676513706,15.848489761352539],[120.6789169311528,15.850609779358138],[120.67813110351574,15.852809906005916],[120.676307678223,15.855079650878906],[120.6748733520509,15.857110023498592],[120.67096710205112,15.86052036285406],[120.6686935424807,15.862970352172852],[120.6662368774414,15.865889549255485],[120.66340637207077,15.869529724121207],[120.6623001098634,15.871529579162598],[120.66094207763683,15.874589920043945],[120.65911102294922,15.879220008850325],[120.65833282470737,15.881819725036678],[120.65746307373047,15.884539604187012],[120.65743255615268,15.885589599609318],[120.65532684326206,15.889949798584041],[120.65447235107433,15.893199920654354],[120.65384674072266,15.895460128784123],[120.65219879150413,15.898599624633732],[120.65180969238293,15.901080131530875],[120.65119171142578,15.902620315551758],[120.6512069702153,15.904319763183594],[120.65023803710938,15.906889915466422],[120.64951324462902,15.9099702835083],[120.64874267578136,15.913809776306152],[120.64837646484386,15.914400100708121],[120.64845275878918,15.91479969024681],[120.64782714843795,15.917229652404899],[120.64716339111328,15.920610427856502],[120.64684295654308,15.923649787902775],[120.64608001708996,15.927379608154354],[120.64531707763683,15.929559707641602],[120.64392852783203,15.932999610900936]]]},"properties":{"ID_0":177,"ISO":"PHL","NAME_0":"Philippines","ID_1":61,"NAME_1":"Pangasinan","ID_2":1269,"NAME_2":"Rosales","NL_NAME_2":null,"VARNAME_2":null,"TYPE_2":"Bayan|Munisipyo","ENGTYPE_2":"Municipality","PROVINCE":"Pangasinan","REGION":"Ilocos Region (Region I)"}},
{"type":"Feature","geometry":{"type":"Polygon","coordinates":[[[120.40605926513695,15.950860023498535],[120.39140319824219,15.954139709472713],[120.38794708251953,15.955309867858887],[120.38585662841797,15.955800056457747],[120.38407897949219,15.956430435180664],[120.38175964355503,15.95691013336193],[120.3750991821289,15.95950031280529],[120.37255859375011,15.960390090942326],[120.36965942382812,15.961370468139705],[120.36911773681652,15.961549758911076],[120.36807250976574,15.961930274963379],[120.36515045166061,15.96304988861084],[120.36251831054688,15.963850021362362],[120.36123657226585,15.96438026428234],[120.3596115112307,15.964730262756461],[120.35772705078159,15.965439796447981],[120.3561477661134,15.965519905090389],[120.35344696044922,15.965550422668514],[120.34915161132847,15.965510368347225],[120.3458862304692,15.965629577636776],[120.34153747558594,15.96557998657238],[120.33622741699253,15.96553993225092],[120.33516693115246,15.965439796447981],[120.32946777343761,15.965979576110897],[120.32798767089844,15.965849876403752],[120.32687377929699,15.965880393981934],[120.31633758544956,15.965680122375488],[120.30889892578159,15.960470199585075],[120.30390930175793,15.95779037475586],[120.2998275756836,15.955329895019588],[120.29934692382858,15.954859733581657],[120.29416656494152,15.951319694519043],[120.28370666503952,15.944140434265194],[120.28352355957077,15.944040298461914],[120.27837371826217,15.939709663391113],[120.27216339111351,15.934940338134766],[120.27311706542991,15.934729576110954],[120.27462005615268,15.933839797973746],[120.27574920654297,15.932510375976506],[120.27625274658214,15.93136024475109],[120.27661895751964,15.930000305175895],[120.27673339843773,15.92842006683361],[120.27667236328159,15.92714977264427],[120.27580261230469,15.925519943237362],[120.27406311035179,15.922900199890137],[120.27237701416016,15.921299934387264],[120.27015686035179,15.919650077819824],[120.26849365234375,15.918390274047965],[120.26666259765625,15.91714954376232],[120.26577758789108,15.916529655456657],[120.26412963867222,15.914770126342773],[120.26267242431686,15.913709640503043],[120.2611007690432,15.913060188293514],[120.26011657714855,15.912919998168945],[120.25676727294967,15.912610054016113],[120.25464630126953,15.912240028381404],[120.25338745117233,15.911439895629883],[120.25311279296875,15.911080360412825],[120.25341796875,15.90911006927496],[120.25425720214844,15.908109664916992],[120.25534820556652,15.907290458679256],[120.25663757324253,15.905969619751033],[120.25762176513672,15.905269622802848],[120.2591323852539,15.903619766235352],[120.25984954833996,15.902629852295036],[120.26026153564487,15.901909828186092],[120.2602691650394,15.901860237121696],[120.26039123535202,15.900790214538574],[120.2602767944336,15.89910984039318],[120.26045989990268,15.89696979522705],[120.26080322265636,15.894889831543082],[120.26139068603561,15.892379760742244],[120.26235961914097,15.890190124511719],[120.26304626464844,15.888730049133414],[120.26394653320347,15.887499809265194],[120.26524353027344,15.886150360107479],[120.26683044433594,15.88428974151617],[120.26775360107456,15.883119583129996],[120.26875305175781,15.881990432739371],[120.26960754394565,15.881079673767317],[120.270263671875,15.880470275878906],[120.2724761962894,15.878430366516227],[120.27475738525425,15.876230239868278],[120.27613067626953,15.874349594116211],[120.27778625488304,15.873060226440487],[120.27890777587902,15.871569633483887],[120.28048706054722,15.870929718017635],[120.2812728881836,15.870109558105582],[120.28386688232433,15.8681898117066],[120.28688049316406,15.86715030670166],[120.28949737548862,15.866129875183162],[120.29139709472668,15.865159988403377],[120.29293060302768,15.86450004577648],[120.29470825195312,15.862709999084416],[120.29534149169967,15.860289573669661],[120.29557037353516,15.859219551086426],[120.29612731933628,15.854809761047306],[120.29779052734386,15.853529930114746],[120.30139923095749,15.852250099182129],[120.30271911621094,15.85210990905773],[120.30435943603516,15.85216999053955],[120.30567932128906,15.850640296936092],[120.30724334716831,15.8481702804566],[120.30789184570324,15.847000122070426],[120.30885314941418,15.846320152282715],[120.31757354736328,15.849410057067928],[120.32584381103527,15.852499961853084],[120.33335876464855,15.855330467224348],[120.33464050293014,15.855549812317008],[120.33499908447277,15.855850219726562],[120.34275817871094,15.857110023498592],[120.34990692138706,15.858340263366813],[120.35066223144577,15.85834980010992],[120.36341094970714,15.860659599304142],[120.36775970458984,15.86133003234869],[120.37122344970714,15.862279891967773],[120.37516021728538,15.86277961730957],[120.3862228393557,15.864899635314998],[120.38749694824219,15.865019798278809],[120.38636016845703,15.869279861450195],[120.38629150390636,15.870459556579704],[120.38433837890625,15.87654018402111],[120.38127899169922,15.88383960723877],[120.38347625732456,15.885540008544922],[120.3845901489259,15.886030197143612],[120.38749694824219,15.888440132141113],[120.38905334472668,15.888770103454704],[120.39195251464844,15.890729904174805],[120.39727020263706,15.890740394592399],[120.40648651123092,15.891489982605037],[120.40586853027366,15.896780014038029],[120.40564727783214,15.898090362548828],[120.40483856201206,15.901069641113281],[120.4034194946289,15.906200408935604],[120.40328216552746,15.909830093383903],[120.40303039550781,15.911999702453727],[120.40122222900425,15.920840263366756],[120.4011688232423,15.921059608459586],[120.40091705322266,15.922019958496037],[120.40062713623092,15.922479629516602],[120.40033721923851,15.927470207214355],[120.39919281005882,15.931819915771598],[120.39922332763672,15.932350158691406],[120.3993911743164,15.9342298507691],[120.40178680419956,15.940139770507756],[120.40605926513695,15.950860023498535]]]},"properties":{"ID_0":177,"ISO":"PHL","NAME_0":"Philippines","ID_1":61,"NAME_1":"Pangasinan","ID_2":1270,"NAME_2":"San Carlos City","NL_NAME_2":null,"VARNAME_2":null,"TYPE_2":"Lungsod|Siyudad","ENGTYPE_2":"City","PROVINCE":"Pangasinan","REGION":"Ilocos Region (Region I)"}},
{"type":"Feature","geometry":{"type":"Polygon","coordinates":[[[120.47445678710972,16.148029327392635],[120.47442626953136,16.148950576782454],[120.47545623779308,16.15121078491211],[120.47469329833996,16.153579711914062],[120.47366333007824,16.15525054931652],[120.4727020263673,16.156869888305664],[120.47191619873092,16.158050537109602],[120.47118377685558,16.158630371093977],[120.47071075439476,16.15945053100586],[120.47049713134777,16.161619186401424],[120.47049713134777,16.163900375366268],[120.47023010253918,16.1642303466798],[120.46984863281261,16.16472053527832],[120.46930694580112,16.165590286254996],[120.4686965942384,16.166519165039176],[120.46836090087925,16.1671199798584],[120.4678726196289,16.168230056762752],[120.46719360351608,16.170610427856445],[120.46684265136719,16.17160987854004],[120.46623992919967,16.172700881958008],[120.46513366699219,16.17427062988304],[120.46344757080112,16.17697906494152],[120.462158203125,16.179109573364315],[120.46083068847656,16.18191909790039],[120.46015930175815,16.18387985229498],[120.45960235595703,16.187149047851562],[120.45639038085972,16.194610595703125],[120.45378875732467,16.19595909118675],[120.45053100585938,16.200139999389705],[120.4494781494144,16.203239440918026],[120.44805145263672,16.207210540771598],[120.44703674316418,16.211980819702376],[120.44008636474621,16.213729858398494],[120.43451690673828,16.21497917175293],[120.43276977539062,16.21454048156744],[120.4312515258789,16.213920593261776],[120.43003845214844,16.21331024169922],[120.42890930175781,16.21276092529297],[120.42794036865234,16.211849212646484],[120.42648315429688,16.21093940734886],[120.42442321777389,16.209459304809684],[120.4221801757817,16.209280014038086],[120.41925048828125,16.20887947082531],[120.41697692871139,16.20854949951172],[120.41542053222656,16.20834922790533],[120.41570281982467,16.207700729370117],[120.41610717773438,16.207220077514876],[120.41645812988327,16.206529617309627],[120.41660308837936,16.206289291381893],[120.41693878173828,16.205909729003963],[120.41722106933639,16.205490112304688],[120.41750335693382,16.204519271850643],[120.41750335693382,16.20399093627941],[120.41750335693382,16.203439712524414],[120.41750335693382,16.202899932861328],[120.41750335693382,16.202350616455078],[120.41750335693382,16.201799392700252],[120.41750335693382,16.201240539550724],[120.41752624511719,16.20067977905296],[120.41760253906295,16.200109481811523],[120.41768646240257,16.199550628662166],[120.41779327392624,16.198989868164062],[120.4179306030278,16.198440551757812],[120.41803741455078,16.197900772094727],[120.41809844970703,16.19733047485346],[120.418212890625,16.19676017761242],[120.41832733154308,16.196109771728743],[120.41847229003906,16.19540977478033],[120.41886138916016,16.19272041320795],[120.41889190673874,16.192499160766715],[120.41909027099621,16.191669464111328],[120.41944122314453,16.18972015380882],[120.41950988769577,16.189239501953068],[120.41972351074253,16.188890457153263],[120.41996765136753,16.1883296966555],[120.42008209228561,16.187870025634766],[120.42024230957043,16.1874294281007],[120.42027282714889,16.18692016601574],[120.42028045654342,16.186370849609318],[120.42028808593784,16.18617057800293],[120.42030334472656,16.185829162597656],[120.42041778564499,16.185300827026424],[120.42056274414062,16.184770584106445],[120.42069244384766,16.184240341186523],[120.42079925537155,16.18387985229498],[120.42085266113327,16.183710098266715],[120.42104339599655,16.183189392089844],[120.42109680175793,16.182619094848633],[120.42124938964878,16.18211936950678],[120.42131805419945,16.181760787963867],[120.42133331298828,16.18123054504406],[120.42133331298828,16.18115043640148],[120.42144012451206,16.18046951293968],[120.42167663574253,16.17970085144043],[120.4218521118164,16.179109573364315],[120.42211151123047,16.178670883178825],[120.42230224609375,16.178129196166935],[120.4225311279298,16.17761993408203],[120.42282104492222,16.1771697998048],[120.42314147949264,16.1767196655274],[120.42346191406295,16.176269531249943],[120.42376708984386,16.175790786743164],[120.42401123046875,16.175239562988338],[120.42417144775413,16.174829483032227],[120.42446899414108,16.174060821533146],[120.4245529174807,16.173789978027287],[120.42469024658203,16.17329025268566],[120.42487335205112,16.17285919189453],[120.42500305175793,16.172229766845703],[120.4252319335942,16.171670913696346],[120.42527770996094,16.171100616455135],[120.42524719238315,16.17052078247076],[120.42516326904297,16.169170379638672],[120.4250717163086,16.168170928955078],[120.4249496459961,16.16768074035656],[120.42475128173851,16.16715049743658],[120.42460632324264,16.166559219360465],[120.42442321777389,16.165969848632756],[120.42417907714866,16.165399551391715],[120.42398071289085,16.164840698242188],[120.42372894287143,16.16435050964367],[120.42337036132812,16.163280487060604],[120.42304229736328,16.16225051879877],[120.42278289794922,16.161819458007812],[120.42252349853527,16.16139030456543],[120.42228698730469,16.160919189453352],[120.42180633544967,16.159990310669002],[120.42160797119186,16.159479141235465],[120.42137145996139,16.15897941589361],[120.42111206054722,16.158500671386832],[120.42083740234398,16.158010482788313],[120.42056274414062,16.157510757446346],[120.42027282714889,16.157009124756087],[120.41889190673874,16.155160903930664],[120.41858673095703,16.154619216918945],[120.41826629638695,16.154109954833984],[120.41790008544922,16.153619766235295],[120.41750335693382,16.15313911438011],[120.41710662841831,16.15266036987316],[120.41699981689464,16.152530670166016],[120.41671752929722,16.152160644531307],[120.41634368896518,16.151639938354492],[120.41589355468795,16.15117073059082],[120.41544342041016,16.15070915222168],[120.41500854492222,16.15023040771507],[120.41459655761719,16.149749755859318],[120.41417694091842,16.149280548095646],[120.41380310058628,16.14879989624046],[120.41342163085972,16.1483097076416],[120.41304779052768,16.14789962768566],[120.41227722168003,16.14709091186546],[120.41158294677757,16.146240234375057],[120.41017150878952,16.144739151001033],[120.41010284423828,16.14466094970703],[120.40979766845737,16.14427947998047],[120.40959930419967,16.144010543823242],[120.40941619873081,16.14384078979515],[120.40918731689464,16.143579483032283],[120.40902709960983,16.14340972900402],[120.4085464477539,16.142910003662166],[120.4068374633789,16.140869140625057],[120.40669250488293,16.140699386596793],[120.40493774414062,16.138610839843807],[120.40403747558605,16.13756942749029],[120.40381622314499,16.137289047241325],[120.40361785888672,16.1370792388916],[120.40347290039074,16.136869430542106],[120.40305328369186,16.136459350585938],[120.40277862548828,16.136180877685547],[120.40203857421909,16.135459899902344],[120.3983535766605,16.131809234619197],[120.39627838134766,16.129770278930607],[120.39518737792991,16.128650665283317],[120.39478302001987,16.128339767455998],[120.39433288574264,16.128049850463924],[120.39388275146484,16.127790451049805],[120.39311981201172,16.12718009948742],[120.39205932617222,16.126340866089095],[120.3910598754884,16.12532997131359],[120.39071655273483,16.125019073486442],[120.39037322998047,16.12472915649414],[120.39000701904308,16.124460220336914],[120.38968658447266,16.124160766601676],[120.38938903808628,16.123849868774357],[120.38883972167969,16.12343025207531],[120.38834381103516,16.12306022644043],[120.38736724853538,16.122150421142692],[120.38627624511764,16.121360778808594],[120.38568878173828,16.12092018127447],[120.38493347168014,16.120449066162223],[120.38333129882824,16.119440078735465],[120.38295745849643,16.119260787963924],[120.3833999633789,16.119129180908146],[120.38321685791061,16.11754989624029],[120.38435363769531,16.11652946472168],[120.38556671142624,16.115459442138786],[120.38678741455101,16.114269256591854],[120.3873062133789,16.113460540771484],[120.38671875000034,16.111989974975586],[120.38645935058639,16.111600875854492],[120.38667297363293,16.111389160156364],[120.38722229003952,16.111389160156364],[120.38749694824219,16.111110687255973],[120.38916778564464,16.111110687255973],[120.38944244384822,16.111389160156364],[120.39026641845703,16.111389160156364],[120.39055633544922,16.111110687255973],[120.39360809326172,16.111110687255973],[120.3937225341798,16.11123085021984],[120.39389038085938,16.111389160156364],[120.39415740966831,16.111389160156364],[120.39444732666016,16.11166954040533],[120.39527893066429,16.11166954040533],[120.39584350585949,16.111110687255973],[120.39584350585949,16.110889434814567],[120.39584350585949,16.110559463500977],[120.39499664306663,16.109720230102653],[120.39428710937545,16.109720230102653],[120.39221954345714,16.109720230102653],[120.3919372558596,16.109439849853516],[120.39138793945312,16.109439849853516],[120.39111328125034,16.109720230102653],[120.38889312744163,16.109720230102653],[120.38861083984443,16.11000061035162],[120.38667297363293,16.11000061035162],[120.38639068603572,16.11027908325218],[120.38610839843761,16.11027908325218],[120.3858337402346,16.110559463500977],[120.38575744628974,16.110559463500977],[120.38538360595737,16.1099796295166],[120.38414764404297,16.108280181884936],[120.38379669189499,16.106519699096737],[120.38430023193416,16.10511970520048],[120.38597869873047,16.10405921936035],[120.386581420899,16.10364913940441],[120.38704681396496,16.103109359741495],[120.38787078857456,16.102619171142805],[120.38812255859398,16.102890014648438],[120.39065551757858,16.101524353027344],[120.3934478759769,16.100019454956282],[120.39566040039085,16.0988006591798],[120.39848327636764,16.097240447998047],[120.39991760253906,16.096599578857536],[120.40122222900425,16.096540451049805],[120.40332031250034,16.095260620117188],[120.40432739257847,16.0946102142334],[120.40506744384766,16.094190597534123],[120.40589141845703,16.093929290771598],[120.40666961669922,16.09402084350586],[120.40837860107422,16.094030380249023],[120.40941619873081,16.093650817871207],[120.4107666015625,16.093290328979492],[120.41207885742233,16.093580245971793],[120.4127426147461,16.09380912780756],[120.41513824462925,16.094049453735465],[120.41571044921909,16.094549179077262],[120.41644287109386,16.0952205657959],[120.4220962524414,16.096750259399528],[120.42810058593795,16.098489761352482],[120.44126892089878,16.10194015502941],[120.44317626953159,16.102380752563533],[120.45272827148438,16.105089187622127],[120.45271301269565,16.10712051391596],[120.45229339599621,16.11025047302246],[120.45214080810581,16.11195945739746],[120.4520187377932,16.113529205322322],[120.45189666748058,16.115409851074162],[120.45246887207043,16.1164493560791],[120.45334625244175,16.117889404296818],[120.45504760742199,16.12085342407221],[120.45525360107456,16.1212100982666],[120.45577239990268,16.122240066528548],[120.45639038085972,16.12319946289074],[120.45747375488327,16.12435913085949],[120.45934295654308,16.126319885253906],[120.46025848388672,16.127040863037166],[120.46346282959007,16.12729072570795],[120.46328735351562,16.129930496215934],[120.46341705322266,16.13190078735363],[120.46325683593784,16.133359909057617],[120.46423339843773,16.13905906677246],[120.46357727050827,16.14138984680187],[120.46344757080112,16.143650054931868],[120.46449279785168,16.145269393921012],[120.46684265136719,16.14645004272461],[120.46874237060581,16.14668083190918],[120.47054290771484,16.146280288696516],[120.47194671630871,16.146329879760742],[120.4730682373048,16.147249221801815],[120.4738922119144,16.14809989929205],[120.47445678710972,16.148029327392635]]]},"properties":{"ID_0":177,"ISO":"PHL","NAME_0":"Philippines","ID_1":61,"NAME_1":"Pangasinan","ID_2":1271,"NAME_2":"San Fabian","NL_NAME_2":null,"VARNAME_2":null,"TYPE_2":"Bayan|Munisipyo","ENGTYPE_2":"Municipality","PROVINCE":"Pangasinan","REGION":"Ilocos Region (Region I)"}},
{"type":"Feature","geometry":{"type":"Polygon","coordinates":[[[120.44975280761719,16.05047988891596],[120.45073699951217,16.051799774169865],[120.45162200927768,16.052930831909237],[120.45548248291016,16.058010101318587],[120.4564132690432,16.058519363403377],[120.45762634277355,16.059469223022575],[120.46379852294922,16.06402015686035],[120.48061370849643,16.07941055297863],[120.4906616210942,16.086990356445256],[120.49334716796909,16.089580535888615],[120.49078369140625,16.091539382934798],[120.48889160156295,16.0932998657226],[120.4788970947269,16.103000640869197],[120.47699737548862,16.105930328369254],[120.46980285644531,16.116479873657227],[120.46959686279297,16.116817474365348],[120.46891021728561,16.117950439453125],[120.46685028076172,16.120679855346793],[120.46346282959007,16.12729072570795],[120.46025848388672,16.127040863037166],[120.45934295654308,16.126319885253906],[120.45747375488327,16.12435913085949],[120.45639038085972,16.12319946289074],[120.45577239990268,16.122240066528548],[120.45525360107456,16.1212100982666],[120.45504760742199,16.12085342407221],[120.45334625244175,16.117889404296818],[120.45246887207043,16.1164493560791],[120.45189666748058,16.115409851074162],[120.4520187377932,16.113529205322322],[120.45214080810581,16.11195945739746],[120.45229339599621,16.11025047302246],[120.45271301269565,16.10712051391596],[120.45272827148438,16.105089187622127],[120.44317626953159,16.102380752563533],[120.44126892089878,16.10194015502941],[120.42810058593795,16.098489761352482],[120.4220962524414,16.096750259399528],[120.41644287109386,16.0952205657959],[120.42170715332031,16.0860595703125],[120.42318725585938,16.083320617675895],[120.42675781250045,16.07575035095215],[120.42870330810547,16.071659088134766],[120.43002319335972,16.071269989013615],[120.43038940429733,16.071420669555664],[120.43138122558594,16.07131958007824],[120.43206787109386,16.069799423217773],[120.43183898925781,16.069089889526367],[120.43131256103527,16.067930221557617],[120.4311676025394,16.067329406738395],[120.43103790283226,16.06578063964855],[120.43193054199253,16.063039779663143],[120.43309783935547,16.06071090698248],[120.43315124511719,16.06060981750494],[120.43309020996094,16.060449600219954],[120.43273925781284,16.059579849243107],[120.4315872192384,16.05776977539074],[120.43071746826217,16.056589126586914],[120.42976379394577,16.05460929870611],[120.42961883544967,16.05319976806652],[120.43010711669922,16.052280426025447],[120.43182373046875,16.05174064636236],[120.43347930908203,16.051309585571346],[120.43472290039108,16.051109313964957],[120.43580627441429,16.051250457763672],[120.43872833251999,16.051229476928825],[120.44023132324219,16.051229476928825],[120.44245910644543,16.050910949707145],[120.44374847412143,16.050159454345703],[120.44512939453136,16.049850463867188],[120.44606018066406,16.049669265747013],[120.44761657714878,16.049129486083928],[120.44798278808594,16.04892921447754],[120.4479370117192,16.04957008361839],[120.44789123535168,16.05027961730957],[120.44893646240234,16.050500869751033],[120.44975280761719,16.05047988891596]]]},"properties":{"ID_0":177,"ISO":"PHL","NAME_0":"Philippines","ID_1":61,"NAME_1":"Pangasinan","ID_2":1272,"NAME_2":"San Jacinto","NL_NAME_2":null,"VARNAME_2":null,"TYPE_2":"Bayan|Munisipyo","ENGTYPE_2":"Municipality","PROVINCE":"Pangasinan","REGION":"Ilocos Region (Region I)"}},
{"type":"Feature","geometry":{"type":"Polygon","coordinates":[[[120.69727325439453,16.191459655761776],[120.65534210205101,16.18766021728527],[120.62600708007812,16.201789855957145],[120.61116790771496,16.204610824585075],[120.61496734619186,16.200710296630916],[120.6161880493164,16.19932937622076],[120.61741638183594,16.19838905334484],[120.62033843994152,16.196590423583984],[120.62185668945324,16.194339752197266],[120.62225341796898,16.19305038452171],[120.6221618652346,16.190940856933537],[120.62197113037132,16.18828964233421],[120.62248229980469,16.187580108642692],[120.62117004394531,16.186309814453182],[120.62020111083984,16.185220718383903],[120.61963653564453,16.183729171752987],[120.61871337890659,16.183319091796818],[120.61794281005893,16.182659149169865],[120.6178436279298,16.18090057373047],[120.61821746826183,16.179340362548885],[120.61836242675781,16.17758941650385],[120.6205825805664,16.17454910278343],[120.62284088134811,16.173120498657227],[120.62461853027378,16.172040939331055],[120.62555694580078,16.169910430908203],[120.62664031982445,16.168260574340934],[120.62819671630893,16.166759490966854],[120.62873840332054,16.16566085815441],[120.63005828857433,16.163940429687557],[120.63023376464855,16.16338920593273],[120.63123321533249,16.162120819091797],[120.63284301757835,16.160459518432674],[120.63472747802768,16.157140731811467],[120.63464355468761,16.155929565429744],[120.63394165039062,16.153650283813477],[120.63337707519531,16.152639389038143],[120.63269805908249,16.15103912353527],[120.6325912475586,16.149009704589844],[120.6328964233403,16.1464900970459],[120.63276672363315,16.14380073547386],[120.63317108154297,16.13907051086437],[120.63297271728516,16.13717079162609],[120.63256072998092,16.134429931640682],[120.63163757324219,16.129880905151367],[120.63110351562534,16.128519058227596],[120.63057708740234,16.127489089965763],[120.62935638427734,16.12552070617687],[120.62933349609409,16.12435913085949],[120.63189697265625,16.123659133911076],[120.6334915161134,16.123600006103572],[120.63488006591797,16.12243080139183],[120.6348876953125,16.120370864868278],[120.6352005004884,16.117969512939567],[120.63459014892578,16.116230010986442],[120.63471984863293,16.113710403442496],[120.63568115234409,16.111480712890625],[120.63613891601608,16.109359741210938],[120.63614654541027,16.107309341430664],[120.6374969482423,16.10470962524414],[120.63831329345703,16.102460861206055],[120.63810729980503,16.100379943847656],[120.63684082031273,16.09810066223139],[120.63658905029331,16.097200393676758],[120.63758087158214,16.094579696655217],[120.63838195800781,16.092809677124137],[120.6385269165039,16.090610504150447],[120.63802337646484,16.08959007263195],[120.637451171875,16.088859558105582],[120.63626861572288,16.08670997619629],[120.63603210449219,16.085380554199446],[120.63626861572288,16.082660675048942],[120.63642883300781,16.080930709838924],[120.6358032226567,16.079120635986328],[120.63538360595714,16.077810287475586],[120.63465881347702,16.076139450073242],[120.633583068848,16.074720382690543],[120.63320922851597,16.07258987426752],[120.63260650634766,16.07167053222662],[120.63231658935592,16.071069717407227],[120.63213348388717,16.06837081909191],[120.63195800781261,16.066879272461165],[120.63156890869152,16.04221916198736],[120.64653778076172,16.044290542602653],[120.64993286132847,16.044170379638615],[120.66079711914108,16.046369552612305],[120.6645278930664,16.046699523925895],[120.66565704345703,16.046800613403263],[120.67687225341808,16.047229766845646],[120.68119049072288,16.047300338745117],[120.68540191650436,16.047880172729492],[120.69114685058594,16.04820060729992],[120.69673919677757,16.04820060729992],[120.70850372314453,16.049440383911246],[120.70861053466842,16.050939559936523],[120.70909881591797,16.05223083496105],[120.7096328735355,16.053730010986328],[120.70984649658203,16.054569244384822],[120.71025848388706,16.056480407714787],[120.7105636596682,16.057159423828352],[120.71106719970703,16.05755043029785],[120.71218872070335,16.057079315185604],[120.71367645263672,16.056360244750977],[120.71489715576172,16.055469512939453],[120.71621704101562,16.053859710693473],[120.71790313720726,16.053279876709098],[120.71896362304733,16.052640914916992],[120.72022247314453,16.05190086364746],[120.72113037109409,16.052089691162166],[120.72229766845726,16.05335998535162],[120.723388671875,16.054859161376896],[120.72345733642578,16.054990768432674],[120.72386932373092,16.055700302124023],[120.72453308105469,16.05694007873535],[120.72437286376987,16.058700561523494],[120.72432708740268,16.059589385986442],[120.72415161132812,16.062389373779354],[120.72351837158214,16.064329147338924],[120.72315216064476,16.06596946716303],[120.7231063842778,16.066860198974723],[120.72283172607422,16.0684108734132],[120.72247314453159,16.069799423217773],[120.72187042236328,16.07122039794922],[120.72131347656261,16.07332038879389],[120.72106170654342,16.075069427490178],[120.72038269042991,16.077169418335075],[120.7203369140625,16.078260421752987],[120.72116088867188,16.08182907104498],[120.72181701660179,16.083259582519588],[120.72234344482467,16.085170745849723],[120.72207641601574,16.086330413818303],[120.72061157226562,16.08802032470703],[120.71933746337913,16.089229583740234],[120.71713256835972,16.091510772705078],[120.71613311767578,16.092420578002987],[120.71365356445312,16.094640731811523],[120.71182250976562,16.0969295501709],[120.70979309082043,16.0995903015139],[120.7080535888673,16.101919174194393],[120.70694732666061,16.103000640869197],[120.7059936523442,16.10337066650402],[120.70422363281295,16.104610443115348],[120.70230102539062,16.106170654297102],[120.70011901855469,16.107250213623104],[120.69801330566406,16.109819412231502],[120.69756317138683,16.110889434814567],[120.6961593627932,16.114349365234432],[120.69641113281295,16.115890502929744],[120.69551849365268,16.118650436401367],[120.69331359863281,16.12080001831066],[120.6913223266605,16.122459411621207],[120.68862152099621,16.124479293823356],[120.68782043457077,16.124889373779297],[120.6866683959961,16.12689971923828],[120.68636322021518,16.128240585327205],[120.68433380126976,16.13209915161127],[120.68303680419922,16.1342391967774],[120.68155670166027,16.13599967956543],[120.67935180664074,16.136989593505916],[120.67800903320312,16.137369155883903],[120.67611694335972,16.137729644775447],[120.67356109619163,16.13829040527355],[120.67384338378929,16.13927078247093],[120.67504119873092,16.13994026184082],[120.67611694335972,16.1403102874757],[120.67745208740268,16.141189575195312],[120.67907714843761,16.14311981201172],[120.6802215576173,16.145589828491268],[120.68108367919956,16.147369384765852],[120.68208312988281,16.148340225219727],[120.68312835693393,16.1483097076416],[120.68466186523438,16.14780044555664],[120.68718719482456,16.147619247436523],[120.6889419555664,16.148719787597713],[120.68946075439464,16.150279998779297],[120.6898574829105,16.15139007568365],[120.69122314453125,16.152309417724723],[120.69251251220714,16.152940750122127],[120.69457244873081,16.15364074707037],[120.6954116821289,16.15399932861328],[120.69703674316452,16.155170440673942],[120.69693756103516,16.156120300293026],[120.69538116455112,16.157630920410156],[120.69303131103561,16.159439086914176],[120.69110107421886,16.159860610962028],[120.6898193359375,16.159599304199276],[120.6871032714846,16.158649444580078],[120.6844711303711,16.15834999084484],[120.68256378173828,16.159320831298885],[120.68231201171886,16.16103935241705],[120.68409729003906,16.163499832153434],[120.68565368652378,16.165370941162166],[120.68682098388695,16.16715049743658],[120.68702697753906,16.167739868164062],[120.68786621093773,16.170589447021598],[120.68669891357433,16.170909881591854],[120.6843872070317,16.171850204467773],[120.68273925781284,16.171920776367188],[120.6814193725586,16.172760009765682],[120.68079376220714,16.173900604248047],[120.68068695068371,16.17448997497553],[120.68154907226574,16.175550460815657],[120.68300628662132,16.176000595092887],[120.68435668945312,16.175790786743164],[120.68536376953136,16.176490783691406],[120.68792724609375,16.176870346069393],[120.68855285644531,16.177299499511776],[120.68943786621094,16.178499221801815],[120.68963623046875,16.179590225219727],[120.69051361083996,16.18301963806158],[120.69111633300827,16.18425941467291],[120.6954116821289,16.184160232543945],[120.69693756103516,16.185300827026424],[120.69799041748092,16.18658065795904],[120.70007324218773,16.188350677490348],[120.70060729980514,16.18980026245123],[120.69727325439453,16.191459655761776]]]},"properties":{"ID_0":177,"ISO":"PHL","NAME_0":"Philippines","ID_1":61,"NAME_1":"Pangasinan","ID_2":1273,"NAME_2":"San Manuel","NL_NAME_2":null,"VARNAME_2":null,"TYPE_2":"Bayan|Munisipyo","ENGTYPE_2":"Municipality","PROVINCE":"Pangasinan","REGION":"Ilocos Region (Region I)"}},
{"type":"Feature","geometry":{"type":"Polygon","coordinates":[[[120.87995147705124,16.10592079162592],[120.87041473388717,16.1203670501709],[120.86844635009811,16.123340606689396],[120.85723876953148,16.132850646972713],[120.85289764404297,16.143419265747298],[120.84091949462925,16.171060562133846],[120.84138488769543,16.171499252319336],[120.83719635009777,16.173219680786246],[120.82599639892578,16.177839279175032],[120.8134994506836,16.182989120483626],[120.79931640625,16.188829421997127],[120.76886749267578,16.20137023925787],[120.75750732421909,16.20026969909668],[120.69727325439453,16.191459655761776],[120.70060729980514,16.18980026245123],[120.70007324218773,16.188350677490348],[120.69799041748092,16.18658065795904],[120.69693756103516,16.185300827026424],[120.6954116821289,16.184160232543945],[120.69111633300827,16.18425941467291],[120.69051361083996,16.18301963806158],[120.68963623046875,16.179590225219727],[120.68943786621094,16.178499221801815],[120.68855285644531,16.177299499511776],[120.68792724609375,16.176870346069393],[120.68536376953136,16.176490783691406],[120.68435668945312,16.175790786743164],[120.68300628662132,16.176000595092887],[120.68154907226574,16.175550460815657],[120.68068695068371,16.17448997497553],[120.68079376220714,16.173900604248047],[120.6814193725586,16.172760009765682],[120.68273925781284,16.171920776367188],[120.6843872070317,16.171850204467773],[120.68669891357433,16.170909881591854],[120.68786621093773,16.170589447021598],[120.68702697753906,16.167739868164062],[120.68682098388695,16.16715049743658],[120.68565368652378,16.165370941162166],[120.68409729003906,16.163499832153434],[120.68231201171886,16.16103935241705],[120.68256378173828,16.159320831298885],[120.6844711303711,16.15834999084484],[120.6871032714846,16.158649444580078],[120.6898193359375,16.159599304199276],[120.69110107421886,16.159860610962028],[120.69303131103561,16.159439086914176],[120.69538116455112,16.157630920410156],[120.69693756103516,16.156120300293026],[120.69703674316452,16.155170440673942],[120.6954116821289,16.15399932861328],[120.69457244873081,16.15364074707037],[120.69251251220714,16.152940750122127],[120.69122314453125,16.152309417724723],[120.6898574829105,16.15139007568365],[120.68946075439464,16.150279998779297],[120.6889419555664,16.148719787597713],[120.68718719482456,16.147619247436523],[120.68466186523438,16.14780044555664],[120.68312835693393,16.1483097076416],[120.68208312988281,16.148340225219727],[120.68108367919956,16.147369384765852],[120.6802215576173,16.145589828491268],[120.67907714843761,16.14311981201172],[120.67745208740268,16.141189575195312],[120.67611694335972,16.1403102874757],[120.67504119873092,16.13994026184082],[120.67384338378929,16.13927078247093],[120.67356109619163,16.13829040527355],[120.67611694335972,16.137729644775447],[120.67800903320312,16.137369155883903],[120.67935180664074,16.136989593505916],[120.68155670166027,16.13599967956543],[120.68303680419922,16.1342391967774],[120.68433380126976,16.13209915161127],[120.68636322021518,16.128240585327205],[120.6866683959961,16.12689971923828],[120.68782043457077,16.124889373779297],[120.68862152099621,16.124479293823356],[120.6913223266605,16.122459411621207],[120.69331359863281,16.12080001831066],[120.69551849365268,16.118650436401367],[120.69641113281295,16.115890502929744],[120.6961593627932,16.114349365234432],[120.69756317138683,16.110889434814567],[120.69801330566406,16.109819412231502],[120.70011901855469,16.107250213623104],[120.70230102539062,16.106170654297102],[120.70422363281295,16.104610443115348],[120.7059936523442,16.10337066650402],[120.70694732666061,16.103000640869197],[120.7080535888673,16.101919174194393],[120.70979309082043,16.0995903015139],[120.71182250976562,16.0969295501709],[120.71365356445312,16.094640731811523],[120.71613311767578,16.092420578002987],[120.71713256835972,16.091510772705078],[120.71933746337913,16.089229583740234],[120.72061157226562,16.08802032470703],[120.72207641601574,16.086330413818303],[120.72234344482467,16.085170745849723],[120.72181701660179,16.083259582519588],[120.72116088867188,16.08182907104498],[120.7203369140625,16.078260421752987],[120.72038269042991,16.077169418335075],[120.72106170654342,16.075069427490178],[120.72131347656261,16.07332038879389],[120.72187042236328,16.07122039794922],[120.72247314453159,16.069799423217773],[120.72283172607422,16.0684108734132],[120.7231063842778,16.066860198974723],[120.72315216064476,16.06596946716303],[120.72351837158214,16.064329147338924],[120.72415161132812,16.062389373779354],[120.72432708740268,16.059589385986442],[120.72437286376987,16.058700561523494],[120.72453308105469,16.05694007873535],[120.72386932373092,16.055700302124023],[120.72345733642578,16.054990768432674],[120.72437286376987,16.054969787597656],[120.72769927978527,16.054449081420955],[120.7321014404298,16.05415916442871],[120.73565673828125,16.054170608520565],[120.74120330810547,16.054079055786133],[120.74401092529308,16.053930282592887],[120.74749755859375,16.052730560302848],[120.7538681030278,16.053600311279354],[120.75525665283203,16.053699493408317],[120.75733184814453,16.054019927978572],[120.7578582763673,16.053310394287223],[120.76278686523483,16.047609329223633],[120.78038787841842,16.0562801361084],[120.78131103515636,16.05698966979992],[120.79170227050815,16.0631999969483],[120.80667877197277,16.071500778198185],[120.87995147705124,16.10592079162592]]]},"properties":{"ID_0":177,"ISO":"PHL","NAME_0":"Philippines","ID_1":61,"NAME_1":"Pangasinan","ID_2":1274,"NAME_2":"San Nicolas","NL_NAME_2":null,"VARNAME_2":null,"TYPE_2":"Bayan|Munisipyo","ENGTYPE_2":"Municipality","PROVINCE":"Pangasinan","REGION":"Ilocos Region (Region I)"}},
{"type":"Feature","geometry":{"type":"Polygon","coordinates":[[[120.71984100341797,15.943380355834961],[120.72321319580078,15.943929672241211],[120.7267532348634,15.944029808044661],[120.72730255126999,15.944040298461914],[120.73242950439453,15.945090293884277],[120.73602294921898,15.94550037384056],[120.7381591796875,15.945549964904785],[120.74143981933605,15.945759773254508],[120.74385070800804,15.945980072021484],[120.74788665771484,15.947150230407829],[120.74862670898438,15.946629524231014],[120.7532882690432,15.947059631347656],[120.7551727294923,15.946820259094295],[120.75914764404297,15.946339607238883],[120.76125335693405,15.946780204773006],[120.76445007324241,15.94771957397461],[120.76738739013683,15.94789028167736],[120.77171325683594,15.948160171508903],[120.77593231201172,15.948650360107422],[120.77861785888717,15.948960304260254],[120.78256988525413,15.949620246887207],[120.78529357910202,15.95038032531744],[120.78817749023449,15.951000213623104],[120.79136657714844,15.951490402221793],[120.79358673095703,15.951769828796444],[120.7955932617192,15.95182991027832],[120.79783630371094,15.951629638671875],[120.8008728027346,15.951840400695914],[120.80326843261764,15.952529907226506],[120.80671691894565,15.953100204467773],[120.80948638916016,15.953180313110352],[120.81175994873047,15.953669548034725],[120.81342315673828,15.953949928283691],[120.81420135498058,15.954199790954704],[120.81614685058594,15.954669952392692],[120.81920623779297,15.954469680786246],[120.8216781616211,15.955229759216309],[120.82465362548862,15.955599784851188],[120.8265533447269,15.955610275268612],[120.82846069335972,15.955730438232422],[120.8296890258789,15.956430435180664],[120.83109283447277,15.956239700317383],[120.83223724365246,15.956299781799373],[120.83316040039108,15.956959724426326],[120.8344192504884,15.957139968872184],[120.83556365966808,15.958000183105526],[120.83648681640625,15.958629608154354],[120.83778381347679,15.958419799804801],[120.8384780883789,15.9588499069215],[120.83985137939464,15.958979606628475],[120.84104919433628,15.9583997726441],[120.84239959716797,15.958250045776367],[120.84426116943371,15.958700180053768],[120.84536743164108,15.95956039428711],[120.84767913818371,15.961230278015137],[120.8495025634769,15.962059974670524],[120.8511734008789,15.962809562683333],[120.85154724121128,15.963029861450309],[120.8533706665039,15.964369773864746],[120.85532379150402,15.965109825134277],[120.85633087158203,15.965490341186523],[120.85887145996094,15.96677017211914],[120.86083221435558,15.967470169067383],[120.86293792724621,15.968529701233024],[120.86596679687545,15.970080375671444],[120.8664703369144,15.97045993804943],[120.87879943847702,15.975350379944075],[120.90823364257824,15.98847961425787],[120.91663360595737,15.99263954162592],[120.91137695312511,16.0111408233642],[120.91052246093761,16.01436042785656],[120.90991210937534,16.019390106201115],[120.90278625488327,16.02980995178234],[120.90055084228561,16.03704071044922],[120.89582061767578,16.046379089355412],[120.89024353027389,16.053970336914176],[120.84565734863281,16.032339096069393],[120.82161712646484,16.020469665527344],[120.81008148193405,16.014820098876953],[120.8040008544923,16.012580871582145],[120.80046081542969,16.01107978820812],[120.79734039306652,16.008789062499943],[120.78964233398438,16.00528907775879],[120.78278350830078,16.002250671386776],[120.78337860107467,15.999919891357365],[120.78368377685558,15.996839523315657],[120.78324890136764,15.993120193481673],[120.78250885009766,15.98987007141136],[120.7814102172855,15.9869899749757],[120.78009796142578,15.984359741211051],[120.77852630615234,15.981920242309684],[120.77751922607467,15.980790138244572],[120.77649688720703,15.980609893798942],[120.77572631835938,15.980469703674316],[120.7747573852539,15.979760169982967],[120.77422332763717,15.979370117187614],[120.77358245849643,15.978679656982479],[120.77191162109375,15.978039741516113],[120.77037811279297,15.978219985961971],[120.76860809326172,15.978619575500488],[120.76738739013683,15.97832012176525],[120.76672363281284,15.977410316467285],[120.76548004150402,15.977109909057617],[120.76349639892601,15.97682952880865],[120.76187133789085,15.976050376892147],[120.7609634399414,15.975449562072697],[120.760009765625,15.974120140075684],[120.75836181640625,15.973329544067496],[120.75640869140636,15.972539901733398],[120.7544937133789,15.972080230712834],[120.75315856933594,15.971540451049918],[120.75171661376999,15.97089004516613],[120.75041961669933,15.97014045715332],[120.74887084960949,15.970149993896598],[120.74803161621128,15.970410346984863],[120.74617004394531,15.970290184020996],[120.7457427978519,15.970040321350154],[120.7439575195317,15.969639778137207],[120.74252319335938,15.969099998474064],[120.74098968505882,15.968979835510254],[120.74001312255893,15.968090057373047],[120.73950958251999,15.96745967864996],[120.73847198486328,15.966990470886287],[120.73755645751976,15.967080116271973],[120.73699951171875,15.967269897460938],[120.73491668701172,15.966990470886287],[120.73403930664108,15.966790199279842],[120.73343658447277,15.966970443725529],[120.73177337646484,15.967439651489371],[120.729530334473,15.967209815979118],[120.72807312011764,15.965959548950195],[120.72631072998047,15.963899612426758],[120.72593688964844,15.963330268859806],[120.72573089599632,15.962639808654899],[120.72471618652344,15.961509704589844],[120.72316741943405,15.959710121155013],[120.72247314453159,15.958580017089957],[120.72221374511764,15.957389831543026],[120.72197723388683,15.956700325012207],[120.7213287353519,15.954879760742188],[120.72055816650425,15.953459739685002],[120.71974945068393,15.951800346374625],[120.71907806396484,15.950019836425895],[120.71843719482422,15.948539733886719],[120.71750640869175,15.946479797363281],[120.7171630859375,15.945320129394531],[120.71742248535168,15.943389892578125],[120.71785736083984,15.943019866943416],[120.71984100341797,15.943380355834961]]]},"properties":{"ID_0":177,"ISO":"PHL","NAME_0":"Philippines","ID_1":61,"NAME_1":"Pangasinan","ID_2":1275,"NAME_2":"San Quintin","NL_NAME_2":null,"VARNAME_2":null,"TYPE_2":"Bayan|Munisipyo","ENGTYPE_2":"Municipality","PROVINCE":"Pangasinan","REGION":"Ilocos Region (Region I)"}},
{"type":"Feature","geometry":{"type":"Polygon","coordinates":[[[120.40605926513695,15.950860023498535],[120.40632629394543,15.9508895874024],[120.41320037841808,15.953209877014217],[120.41787719726585,15.954310417175236],[120.41889190673874,15.954609870910645],[120.42244720459018,15.95536041259777],[120.42434692382847,15.956219673156852],[120.42949676513706,15.957280158996582],[120.43109893798874,15.95742034912115],[120.43383789062534,15.958339691162053],[120.4417495727539,15.959919929504395],[120.44377136230469,15.960590362548942],[120.44654846191452,15.961150169372559],[120.4510269165039,15.96253967285162],[120.45588684082077,15.963640213012638],[120.45854949951172,15.963939666748047],[120.46141052246094,15.964659690857047],[120.46672821044922,15.965860366821346],[120.4686508178711,15.966369628906477],[120.47090148925804,15.96677017211914],[120.4774627685548,15.96796989440918],[120.47855377197266,15.96825981140148],[120.48058319091797,15.969090461730957],[120.48735809326217,15.970789909362793],[120.49476623535156,15.973019599914664],[120.49397277832065,15.976650238037053],[120.49272918701183,15.979920387268123],[120.4887390136721,15.984410285949934],[120.48526763916061,15.990119934082031],[120.48375701904308,15.990980148315543],[120.4804382324221,15.993929862976131],[120.47812652587902,15.995269775390625],[120.47566986084007,15.996139526367244],[120.47445678710972,15.997469902038574],[120.47267913818405,16.000259399414062],[120.47248840332077,16.00131988525402],[120.47235870361362,16.001939773559684],[120.47187805175781,16.003139495849723],[120.47133636474655,16.00341987609886],[120.47070312500034,16.00391006469738],[120.47044372558639,16.004350662231502],[120.47064971923862,16.005510330200423],[120.47078704833996,16.006500244140568],[120.47030639648449,16.00698089599615],[120.4701309204105,16.007139205932845],[120.46997833251953,16.007780075073356],[120.46981811523483,16.008390426635742],[120.4686279296875,16.009159088134822],[120.4673080444336,16.009649276733512],[120.46443939208984,16.01078987121582],[120.46309661865234,16.011358261108455],[120.46279144287121,16.011489868164062],[120.4557495117192,16.014030456543026],[120.4453277587894,16.01804924011242],[120.44374084472702,16.01857948303217],[120.43847656250023,16.02096939086914],[120.43659973144531,16.021490097046012],[120.43064880371128,16.023010253906477],[120.4216537475586,16.025650024414062],[120.42021179199219,16.02586936950695],[120.41777801513683,16.026409149170036],[120.41509246826183,16.027130126953125],[120.41088867187511,16.0278701782226],[120.40666961669922,16.02861976623541],[120.40332794189453,16.028930664062727],[120.3991088867192,16.029760360717773],[120.39653015136719,16.03053092956543],[120.39505004882858,16.029930114746207],[120.39263153076206,16.027860641479492],[120.39185333251999,16.02746009826666],[120.39105224609386,16.02716064453125],[120.3910827636721,16.025699615478516],[120.39218139648483,16.01667022705078],[120.39256286621139,16.011650085449162],[120.39227294921875,16.00930023193365],[120.39282989501987,16.004930496215877],[120.39334869384777,16.00418090820324],[120.39109039306686,15.995249748230037],[120.3896713256836,15.990630149841422],[120.38867187500011,15.985799789428768],[120.38881683349643,15.984370231628645],[120.38878631591808,15.984060287475813],[120.39523315429733,15.963689804077262],[120.39630126953136,15.961059570312614],[120.39745330810581,15.9588499069215],[120.39891052246139,15.956299781799373],[120.40161895751953,15.954210281372298],[120.40363311767624,15.952580451965389],[120.40605926513695,15.950860023498535]]]},"properties":{"ID_0":177,"ISO":"PHL","NAME_0":"Philippines","ID_1":61,"NAME_1":"Pangasinan","ID_2":1276,"NAME_2":"Santa Barbara","NL_NAME_2":null,"VARNAME_2":null,"TYPE_2":"Bayan|Munisipyo","ENGTYPE_2":"Municipality","PROVINCE":"Pangasinan","REGION":"Ilocos Region (Region I)"}},
{"type":"Feature","geometry":{"type":"Polygon","coordinates":[[[120.760009765625,15.974120140075684],[120.75811767578125,15.976469993591365],[120.7566070556644,15.978110313415527],[120.75299072265659,15.98180961608898],[120.75193786621105,15.982330322265625],[120.74887084960949,15.984609603881893],[120.74607849121094,15.986410140991325],[120.74310302734375,15.988759994506836],[120.74144744873058,15.989640235900936],[120.73979949951172,15.991129875183049],[120.73354339599632,15.995160102844352],[120.72769165039108,15.999549865722884],[120.72561645507824,16.0010604858399],[120.72427368164074,16.001720428466854],[120.72177886962936,16.001939773559684],[120.71980285644565,16.00208091735834],[120.71734619140625,16.002140045166072],[120.71439361572311,16.00206947326666],[120.71240234375,16.001979827880973],[120.70897674560547,16.00202941894554],[120.70855712890648,16.001649856567383],[120.70732879638717,15.999659538269157],[120.70674896240257,15.99849987030035],[120.7059783935548,15.996709823608512],[120.70427703857467,15.995590209961051],[120.70175933837902,15.995770454406738],[120.69978332519554,15.996560096740836],[120.69545745849655,15.99794960021984],[120.69113159179722,15.995960235595703],[120.69022369384777,15.995470046997184],[120.6889419555664,15.993379592895621],[120.68862915039085,15.991370201110954],[120.6893768310548,15.988719940185547],[120.68898773193371,15.986510276794434],[120.68681335449241,15.985099792480582],[120.68567657470726,15.984709739685172],[120.682167053223,15.984189987182617],[120.67817687988281,15.984239578247013],[120.67656707763717,15.984700202941838],[120.67400360107422,15.985019683838004],[120.6713027954105,15.985320091247502],[120.66729736328159,15.985690116882381],[120.66690063476608,15.984959602356014],[120.66486358642612,15.982310295105094],[120.6645278930664,15.982020378112793],[120.66390228271496,15.981659889221248],[120.66317749023438,15.981100082397404],[120.66207885742233,15.980500221252669],[120.65988159179688,15.979960441589412],[120.65675354003918,15.979619979858398],[120.65425109863327,15.978240013122672],[120.65321350097656,15.977410316467285],[120.65174102783203,15.976160049438533],[120.65017700195347,15.974880218505916],[120.64948272705124,15.974169731140137],[120.64659118652344,15.972629547119254],[120.64518737792969,15.971500396728459],[120.64131927490246,15.970319747925032],[120.6392822265625,15.969699859619368],[120.63815307617199,15.966970443725529],[120.63812255859375,15.965239524841422],[120.63939666748058,15.962220191955623],[120.64119720458984,15.960320472717399],[120.6427230834961,15.9585599899292],[120.64404296875,15.956640243530387],[120.64498138427768,15.955710411071891],[120.64675903320335,15.95409011840826],[120.64803314209018,15.951939582824707],[120.64832305908203,15.9506196975708],[120.6479263305664,15.948969841003361],[120.64720916748058,15.948679924011287],[120.64572143554733,15.94690990447998],[120.64328002929688,15.94649982452404],[120.64150238037121,15.946640014648438],[120.63849639892612,15.947290420532227],[120.63510131835949,15.94904994964611],[120.63361358642578,15.949580192565918],[120.6321029663086,15.950160026550293],[120.63075256347656,15.95020961761469],[120.63018035888672,15.94950008392334],[120.63249206542969,15.94522953033453],[120.63394927978516,15.94408988952631],[120.63593292236328,15.942310333252067],[120.63854217529331,15.940010070800781],[120.63941192626964,15.938460350036621],[120.63896942138672,15.936820030212516],[120.63748931884777,15.934149742126579],[120.63596343994152,15.93128967285162],[120.63504028320358,15.92942047119152],[120.63577270507824,15.929960250854606],[120.63671112060592,15.930569648742676],[120.6374969482423,15.931159973144474],[120.63902282714855,15.93136024475109],[120.64066314697288,15.931980133056754],[120.64153289794967,15.931170463562069],[120.64208984375023,15.931039810180664],[120.64283752441418,15.931489944458065],[120.64392852783203,15.932999610900936],[120.64404296875,15.932929992675781],[120.64498138427768,15.933380126953182],[120.64685821533226,15.934060096740666],[120.64791870117188,15.93469047546398],[120.64885711669945,15.935390472412166],[120.64977264404297,15.936579704284611],[120.65128326416016,15.937729835510254],[120.65229034423851,15.938220024108944],[120.65334320068382,15.938429832458496],[120.65426635742199,15.938570022583235],[120.65585327148472,15.939040184021053],[120.65762329101597,15.939510345458984],[120.6587066650394,15.94048023223877],[120.65972900390648,15.941829681396541],[120.66079711914108,15.942589759826774],[120.66191864013683,15.943900108337516],[120.6613235473634,15.944890022277832],[120.66062164306675,15.945280075073242],[120.6602172851567,15.945540428161678],[120.65875244140636,15.947059631347656],[120.65901184082031,15.948140144348145],[120.65982818603538,15.948030471801758],[120.66100311279331,15.948189735412598],[120.66166687011719,15.948189735412598],[120.6629409790039,15.948209762573299],[120.66448974609409,15.948749542236385],[120.66589355468795,15.948969841003361],[120.66681671142578,15.949640274047908],[120.66757202148438,15.949520111084098],[120.66847229003906,15.949080467224064],[120.66985321044922,15.949720382690657],[120.67105102539074,15.94946002960205],[120.67167663574253,15.94873046875],[120.6735229492192,15.948909759521712],[120.67447662353561,15.94956016540533],[120.67526245117199,15.950180053710994],[120.67691802978516,15.950139999389762],[120.67785644531273,15.950489997863826],[120.67915344238281,15.951120376586914],[120.68005371093795,15.950869560241813],[120.68213653564464,15.95005035400385],[120.68360137939453,15.94944000244152],[120.68512725830078,15.949190139770508],[120.68657684326172,15.948320388794002],[120.68760681152344,15.948089599609489],[120.68881225585949,15.946969985961971],[120.68934631347702,15.94585037231451],[120.69106292724655,15.944600105285758],[120.69255065917969,15.944890022277832],[120.69346618652355,15.945630073547363],[120.69474792480514,15.945710182189941],[120.69580078125,15.946000099182186],[120.69741058349655,15.946100234985295],[120.6997222900394,15.946040153503475],[120.70181274414097,15.945690155029354],[120.70406341552746,15.944840431213606],[120.70874786376976,15.943550109863395],[120.71006774902378,15.943300247192383],[120.71305084228561,15.944100379943904],[120.71460723876953,15.945329666137638],[120.71589660644543,15.946260452270621],[120.71711730957043,15.946689605713004],[120.71750640869175,15.946479797363281],[120.71843719482422,15.948539733886719],[120.71907806396484,15.950019836425895],[120.71974945068393,15.951800346374625],[120.72055816650425,15.953459739685002],[120.7213287353519,15.954879760742188],[120.72197723388683,15.956700325012207],[120.72221374511764,15.957389831543026],[120.72247314453159,15.958580017089957],[120.72316741943405,15.959710121155013],[120.72471618652344,15.961509704589844],[120.72573089599632,15.962639808654899],[120.72593688964844,15.963330268859806],[120.72631072998047,15.963899612426758],[120.72807312011764,15.965959548950195],[120.729530334473,15.967209815979118],[120.73177337646484,15.967439651489371],[120.73343658447277,15.966970443725529],[120.73403930664108,15.966790199279842],[120.73491668701172,15.966990470886287],[120.73699951171875,15.967269897460938],[120.73755645751976,15.967080116271973],[120.73847198486328,15.966990470886287],[120.73950958251999,15.96745967864996],[120.74001312255893,15.968090057373047],[120.74098968505882,15.968979835510254],[120.74252319335938,15.969099998474064],[120.7439575195317,15.969639778137207],[120.7457427978519,15.970040321350154],[120.74617004394531,15.970290184020996],[120.74803161621128,15.970410346984863],[120.74887084960949,15.970149993896598],[120.75041961669933,15.97014045715332],[120.75171661376999,15.97089004516613],[120.75315856933594,15.971540451049918],[120.7544937133789,15.972080230712834],[120.75640869140636,15.972539901733398],[120.75836181640625,15.973329544067496],[120.760009765625,15.974120140075684]]]},"properties":{"ID_0":177,"ISO":"PHL","NAME_0":"Philippines","ID_1":61,"NAME_1":"Pangasinan","ID_2":1277,"NAME_2":"Santa Maria","NL_NAME_2":null,"VARNAME_2":null,"TYPE_2":"Bayan|Munisipyo","ENGTYPE_2":"Municipality","PROVINCE":"Pangasinan","REGION":"Ilocos Region (Region I)"}},
{"type":"Feature","geometry":{"type":"Polygon","coordinates":[[[120.57988739013683,15.85774040222168],[120.58045959472668,15.859910011291504],[120.58144378662155,15.862680435180721],[120.58177947998092,15.865240097045955],[120.58276367187511,15.868330001831168],[120.58355712890659,15.870929718017635],[120.58351135253918,15.871999740600529],[120.58412170410202,15.874219894409237],[120.58460235595703,15.87578010559082],[120.58706665039085,15.885660171508789],[120.58802032470726,15.88910961151123],[120.58606719970703,15.890839576721248],[120.58442687988281,15.888279914856184],[120.58321380615234,15.886569976806697],[120.58177185058639,15.885210037231559],[120.57965087890625,15.884300231933594],[120.57766723632812,15.884059906006087],[120.57608032226574,15.883429527282829],[120.57502746582065,15.883310317993278],[120.57328796386719,15.883279800415096],[120.57170867919945,15.883740425109977],[120.56907653808594,15.88510990142828],[120.5677871704105,15.886989593505973],[120.56580352783249,15.88601016998291],[120.56472778320347,15.885210037231559],[120.56413269042969,15.884810447692871],[120.56385040283249,15.884449958801326],[120.5639038085942,15.884200096130485],[120.5607681274414,15.882929801941032],[120.560096740723,15.882710456848145],[120.55874633789108,15.881770133972225],[120.55818176269577,15.881270408630598],[120.55745697021484,15.88053989410406],[120.55692291259788,15.879770278930664],[120.55635833740257,15.879019737243766],[120.55596160888706,15.878609657287598],[120.55506896972702,15.877539634704533],[120.55435180664085,15.876250267028809],[120.55357360839855,15.875349998474178],[120.55296325683594,15.873900413513297],[120.55316925048874,15.873419761657715],[120.55491638183605,15.871350288391227],[120.55792236328125,15.868889808654785],[120.56005859375011,15.867400169372672],[120.56347656250011,15.865599632263184],[120.5637435913086,15.865429878234977],[120.56410980224643,15.865139961242676],[120.56497955322266,15.864549636840877],[120.56677246093784,15.863940238952637],[120.56931304931675,15.862099647522086],[120.57164001464844,15.86161994934082],[120.57312011718784,15.861180305481014],[120.57393646240234,15.861049652099723],[120.57570648193371,15.860460281372013],[120.57762908935592,15.859029769897404],[120.57911682128918,15.858050346374512],[120.57988739013683,15.85774040222168]]]},"properties":{"ID_0":177,"ISO":"PHL","NAME_0":"Philippines","ID_1":61,"NAME_1":"Pangasinan","ID_2":1278,"NAME_2":"Santo Tomas","NL_NAME_2":null,"VARNAME_2":null,"TYPE_2":"Bayan|Munisipyo","ENGTYPE_2":"Municipality","PROVINCE":"Pangasinan","REGION":"Ilocos Region (Region I)"}},
{"type":"Feature","geometry":{"type":"Polygon","coordinates":[[[120.61116790771496,16.204610824585075],[120.60330963134766,16.20762062072754],[120.54736328125011,16.221700668335018],[120.51249694824219,16.237009048461914],[120.51167297363281,16.236650466918945],[120.5107574462894,16.235940933227596],[120.50988769531261,16.235219955444336],[120.50982666015625,16.23426055908203],[120.50943756103538,16.233200073242415],[120.50911712646496,16.232080459594783],[120.50861358642578,16.231590270996094],[120.50731658935581,16.230810165405273],[120.50681304931686,16.22991943359375],[120.50627899169933,16.229139328002987],[120.50464630126987,16.227840423584098],[120.50361633300804,16.226869583129883],[120.50267028808639,16.22640037536621],[120.50174713134766,16.226060867309684],[120.49928283691406,16.22491073608421],[120.49859619140625,16.22442054748535],[120.4974594116211,16.22303009033203],[120.49761962890625,16.221729278564567],[120.49812316894531,16.220520019531193],[120.49881744384777,16.219860076904297],[120.50025177001964,16.218910217285213],[120.50109863281295,16.218069076538143],[120.50106811523438,16.216320037842024],[120.50105285644531,16.216270446777457],[120.50074005126964,16.21530914306652],[120.50038146972702,16.214220046997184],[120.49945831298828,16.211439132690487],[120.49175262451217,16.21252059936529],[120.48503112792969,16.21276092529297],[120.47576141357433,16.213590621948185],[120.46470642089866,16.212610244750977],[120.45632934570358,16.21232986450201],[120.44703674316418,16.211980819702376],[120.44805145263672,16.207210540771598],[120.4494781494144,16.203239440918026],[120.45053100585938,16.200139999389705],[120.45378875732467,16.19595909118675],[120.45639038085972,16.194610595703125],[120.45960235595703,16.187149047851562],[120.46015930175815,16.18387985229498],[120.46083068847656,16.18191909790039],[120.462158203125,16.179109573364315],[120.46344757080112,16.17697906494152],[120.46513366699219,16.17427062988304],[120.46623992919967,16.172700881958008],[120.46684265136719,16.17160987854004],[120.46719360351608,16.170610427856445],[120.4678726196289,16.168230056762752],[120.46836090087925,16.1671199798584],[120.4686965942384,16.166519165039176],[120.46930694580112,16.165590286254996],[120.46984863281261,16.16472053527832],[120.47023010253918,16.1642303466798],[120.47049713134777,16.163900375366268],[120.47049713134777,16.161619186401424],[120.47071075439476,16.15945053100586],[120.47118377685558,16.158630371093977],[120.47191619873092,16.158050537109602],[120.4727020263673,16.156869888305664],[120.47366333007824,16.15525054931652],[120.47469329833996,16.153579711914062],[120.47545623779308,16.15121078491211],[120.47442626953136,16.148950576782454],[120.47445678710972,16.148029327392635],[120.47515106201217,16.148000717163086],[120.48516845703125,16.149620056152344],[120.49173736572266,16.150810241699446],[120.50074005126964,16.152050018310774],[120.50253295898438,16.152309417724723],[120.50904846191429,16.152870178222656],[120.50959777832043,16.153219223022518],[120.51529693603516,16.154409408569393],[120.52269744873092,16.15545082092291],[120.52351379394531,16.155540466308594],[120.5244293212894,16.155550003051758],[120.53650665283237,16.15780067443842],[120.55078125,16.159879684448242],[120.5506286621096,16.157239913940657],[120.55065155029297,16.154520034790153],[120.55088806152355,16.15280914306635],[120.55194091796886,16.15088081359869],[120.55274200439453,16.150020599365348],[120.5533905029298,16.14855003356928],[120.55477142333984,16.145750045776367],[120.5557785034182,16.14384078979515],[120.55695343017578,16.142349243164062],[120.55966949462902,16.139839172363224],[120.5615234375,16.137849807739258],[120.56252288818371,16.13698005676281],[120.56333160400436,16.13591957092285],[120.5646209716798,16.133920669555778],[120.5650329589846,16.132780075073242],[120.56601715087925,16.131099700927848],[120.56661987304688,16.128950119018555],[120.56694793701217,16.127000808715877],[120.56710052490246,16.12400054931635],[120.5673599243164,16.122020721435547],[120.56838989257812,16.11862945556652],[120.5689163208009,16.117750167846737],[120.56945037841831,16.117149353027344],[120.57034301757824,16.115909576416016],[120.57135009765659,16.114929199218807],[120.57306671142612,16.113969802856445],[120.57420349121139,16.112499237060547],[120.57402038574253,16.1104793548584],[120.57318878173874,16.108739852905273],[120.57273101806652,16.106910705566463],[120.5726089477539,16.106449127197322],[120.57937622070312,16.114650726318416],[120.58467864990257,16.1155300140382],[120.6000137329105,16.118690490722656],[120.62935638427734,16.12552070617687],[120.63057708740234,16.127489089965763],[120.63110351562534,16.128519058227596],[120.63163757324219,16.129880905151367],[120.63256072998092,16.134429931640682],[120.63297271728516,16.13717079162609],[120.63317108154297,16.13907051086437],[120.63276672363315,16.14380073547386],[120.6328964233403,16.1464900970459],[120.6325912475586,16.149009704589844],[120.63269805908249,16.15103912353527],[120.63337707519531,16.152639389038143],[120.63394165039062,16.153650283813477],[120.63464355468761,16.155929565429744],[120.63472747802768,16.157140731811467],[120.63284301757835,16.160459518432674],[120.63123321533249,16.162120819091797],[120.63023376464855,16.16338920593273],[120.63005828857433,16.163940429687557],[120.62873840332054,16.16566085815441],[120.62819671630893,16.166759490966854],[120.62664031982445,16.168260574340934],[120.62555694580078,16.169910430908203],[120.62461853027378,16.172040939331055],[120.62284088134811,16.173120498657227],[120.6205825805664,16.17454910278343],[120.61836242675781,16.17758941650385],[120.61821746826183,16.179340362548885],[120.6178436279298,16.18090057373047],[120.61794281005893,16.182659149169865],[120.61871337890659,16.183319091796818],[120.61963653564453,16.183729171752987],[120.62020111083984,16.185220718383903],[120.62117004394531,16.186309814453182],[120.62248229980469,16.187580108642692],[120.62197113037132,16.18828964233421],[120.6221618652346,16.190940856933537],[120.62225341796898,16.19305038452171],[120.62185668945324,16.194339752197266],[120.62033843994152,16.196590423583984],[120.61741638183594,16.19838905334484],[120.6161880493164,16.19932937622076],[120.61496734619186,16.200710296630916],[120.61116790771496,16.204610824585075]]]},"properties":{"ID_0":177,"ISO":"PHL","NAME_0":"Philippines","ID_1":61,"NAME_1":"Pangasinan","ID_2":1279,"NAME_2":"Sison","NL_NAME_2":null,"VARNAME_2":null,"TYPE_2":"Bayan|Munisipyo","ENGTYPE_2":"Municipality","PROVINCE":"Pangasinan","REGION":"Ilocos Region (Region I)"}},
{"type":"Feature","geometry":{"type":"MultiPolygon","coordinates":[[[[120.1031265258789,16.095340728759766],[120.10356140136719,16.095699310302905],[120.10386657714878,16.096160888671818],[120.10405731201206,16.09667015075678],[120.10399627685558,16.09688949584961],[120.10388946533203,16.097290039062443],[120.10334014892635,16.097820281982422],[120.10289001464912,16.098140716552848],[120.10272216796909,16.098249435424805],[120.10244750976562,16.098260879516715],[120.10228729248058,16.098089218139876],[120.10218811035168,16.097810745239485],[120.10204315185547,16.097560882568473],[120.10193634033271,16.097280502319336],[120.10183715820335,16.096990585327205],[120.10169219970749,16.09674072265642],[120.10159301757812,16.096479415893498],[120.10144042968807,16.09623908996582],[120.10138702392612,16.09597969055187],[120.10140991210938,16.095710754394588],[120.1015014648442,16.09547042846691],[120.1016616821289,16.095329284668026],[120.1019973754884,16.095260620117188],[120.10259246826195,16.095169067382926],[120.1031265258789,16.095340728759766]]],[[[120.1233825683596,16.118360519409237],[120.123046875,16.11887931823736],[120.1226577758789,16.11931037902832],[120.1225280761721,16.11935043334961],[120.12206268310547,16.119520187378043],[120.12145233154308,16.11976051330589],[120.12090301513695,16.12010002136242],[120.12037658691406,16.120500564575252],[120.11975860595726,16.120830535888786],[120.1191024780278,16.121129989624023],[120.11842346191429,16.121429443359602],[120.11795043945335,16.121879577636832],[120.11743927001953,16.12233924865717],[120.1168365478519,16.12266921997093],[120.11620330810558,16.12262916564964],[120.11566925048874,16.12261009216303],[120.11534881591808,16.12240982055664],[120.11515045166016,16.122100830078068],[120.11493682861328,16.121770858764876],[120.11466979980514,16.121519088745117],[120.1143035888673,16.12141036987316],[120.11385345459007,16.121379852295036],[120.11341857910156,16.12125968933117],[120.11306762695347,16.120939254760742],[120.11286163330078,16.120540618896484],[120.113037109375,16.120149612426985],[120.11319732666061,16.119710922241325],[120.11329650878906,16.119260787963924],[120.11322021484375,16.118799209594783],[120.11296844482433,16.118389129638672],[120.11260986328148,16.11812019348156],[120.11219787597668,16.11812019348156],[120.11183166503918,16.118320465088004],[120.11147308349655,16.118549346923942],[120.11116790771518,16.1188201904298],[120.11083984375,16.119010925293082],[120.11052703857467,16.119180679321346],[120.11023712158203,16.119329452514762],[120.10997009277378,16.11931037902832],[120.10974121093761,16.11894035339367],[120.10971832275402,16.11890029907238],[120.10948181152344,16.118440628051815],[120.1093673706057,16.117990493774414],[120.1093673706057,16.117610931396428],[120.109619140625,16.117259979248047],[120.10991668701183,16.117010116577205],[120.11020660400425,16.116930007934627],[120.11045837402344,16.116760253906193],[120.11078643798862,16.116559982299805],[120.11100769042969,16.116430282593],[120.111328125,16.115850448608626],[120.11134338378918,16.11517906188959],[120.11110687255893,16.114580154418945],[120.11083984375,16.11404037475586],[120.11054992675781,16.113569259643782],[120.1102218627932,16.11318016052269],[120.10984039306663,16.11288070678711],[120.10962677001964,16.112600326538143],[120.10955047607433,16.11248970031744],[120.10955047607433,16.111799240112305],[120.10975646972702,16.111120223999137],[120.1099090576173,16.11086082458496],[120.11010742187511,16.110530853271598],[120.11033630371139,16.11005973815918],[120.11038970947277,16.109949111938477],[120.11035919189453,16.109359741210938],[120.11071014404342,16.10886001586914],[120.11132049560547,16.108699798583984],[120.11196899414062,16.10886955261242],[120.11266326904297,16.109039306640852],[120.11341094970703,16.109130859374943],[120.11414337158249,16.109050750732422],[120.11467742919933,16.10861015319847],[120.11508941650413,16.10807991027832],[120.11563873291027,16.107789993286246],[120.11620330810558,16.107839584350813],[120.11669921875034,16.108070373535213],[120.11712646484375,16.10841941833519],[120.11747741699241,16.10886001586914],[120.11779022216831,16.109340667724666],[120.1181106567384,16.109779357910213],[120.11843109130882,16.110210418701172],[120.11878204345714,16.11054992675787],[120.11913299560547,16.110849380493278],[120.11946105957043,16.111129760742415],[120.11976623535179,16.11141014099121],[120.1200408935548,16.11170959472679],[120.12037658691406,16.111770629882926],[120.12093353271484,16.111370086669922],[120.12135314941418,16.111400604248104],[120.12171936035202,16.1116104125976],[120.12204742431663,16.1116104125976],[120.12233734130882,16.111440658569393],[120.12259674072277,16.11127090454113],[120.12284088134766,16.111110687255973],[120.123046875,16.110969543457088],[120.12328338623058,16.11086082458496],[120.12359619140625,16.110910415649414],[120.1241683959961,16.11027908325218],[120.1247329711914,16.11027908325218],[120.12500000000011,16.11000061035162],[120.1255569458009,16.11000061035162],[120.1255569458009,16.11027908325218],[120.1258316040039,16.110559463500977],[120.1258316040039,16.110830307006836],[120.1255569458009,16.111110687255973],[120.1255569458009,16.111389160156364],[120.123779296875,16.1131591796875],[120.12361145019531,16.11333084106468],[120.12344360351608,16.113399505615348],[120.12313079834018,16.11360931396507],[120.1228637695317,16.113859176635742],[120.1227798461914,16.114219665527457],[120.1227798461914,16.114610671997298],[120.12283325195312,16.115009307861328],[120.12296295166016,16.1152400970459],[120.12301635742188,16.115360260009766],[120.12315368652344,16.115770339965877],[120.12333679199219,16.11615943908697],[120.12361145019531,16.11652946472168],[120.12383270263683,16.116930007934627],[120.12387847900436,16.1173992156983],[120.12375640869175,16.1179008483889],[120.1233825683596,16.118360519409237]]],[[[120.1191711425787,16.143989562988395],[120.11913299560547,16.144340515136776],[120.11889648437511,16.144639968872013],[120.1186294555664,16.144929885864315],[120.1182632446289,16.145139694214038],[120.11821746826229,16.145170211791992],[120.11785125732445,16.14542961120611],[120.11747741699241,16.14546966552757],[120.1171493530278,16.145280838012695],[120.11682891845737,16.145029067993107],[120.11654663085938,16.14476966857916],[120.11653900146484,16.14458084106468],[120.11652374267601,16.1443901062014],[120.11644744873081,16.14402008056635],[120.11622619628918,16.1437606811524],[120.11586761474678,16.143690109252987],[120.11541748046875,16.143739700317383],[120.11506652832043,16.143619537353516],[120.11485290527389,16.14335060119629],[120.1146469116211,16.14307975769043],[120.11450958251964,16.14282035827648],[120.11448669433605,16.142610549926758],[120.1146926879884,16.14241027832054],[120.11522674560547,16.142120361328068],[120.11599731445358,16.142160415649357],[120.11672973632812,16.14242935180681],[120.11744689941418,16.142740249633732],[120.11814117431663,16.14307975769043],[120.11873626709018,16.14351081848139],[120.1191711425787,16.143989562988395]]],[[[120.10265350341842,16.062580108642635],[120.10260772705078,16.06261062622076],[120.10231781005905,16.0627498626709],[120.10179138183594,16.06294059753418],[120.10134124755871,16.063169479370117],[120.10104370117199,16.06351089477539],[120.10090637207031,16.063640594482365],[120.10070037841797,16.06384086608898],[120.100341796875,16.064170837402344],[120.10002136230491,16.064599990844727],[120.09980773925793,16.065349578857365],[120.09951782226574,16.0660400390625],[120.09919738769531,16.066629409789982],[120.09887695312523,16.06722068786644],[120.09855651855469,16.067779541015625],[120.09818267822277,16.06822013854992],[120.09764099121116,16.068580627441463],[120.09751892089855,16.06868934631359],[120.09709930419922,16.069059371948242],[120.09683990478516,16.0696697235108],[120.09677124023449,16.07035064697277],[120.09694671630871,16.0710391998291],[120.09722137451172,16.07172966003418],[120.0973892211914,16.072040557861328],[120.09758758544922,16.07239913940424],[120.09786987304688,16.072620391845703],[120.09813690185581,16.072830200195426],[120.0986328125,16.073280334472656],[120.09868621826195,16.07365036010765],[120.09871673584018,16.073820114135742],[120.09857940673885,16.074289321899585],[120.09835052490234,16.07472991943365],[120.09808349609386,16.075210571289062],[120.09768676757858,16.075559616088867],[120.09758758544922,16.075660705566634],[120.09731292724655,16.075910568237475],[120.09700012207065,16.076320648193587],[120.09689331054688,16.076799392700195],[120.09706115722679,16.077329635620345],[120.09735107421898,16.07786941528326],[120.09768676757858,16.078250885009822],[120.09774017334053,16.078300476074446],[120.09815979003906,16.078680038452205],[120.09850311279365,16.079160690307617],[120.09864044189499,16.07979011535639],[120.09879302978516,16.080179214477482],[120.09886169433605,16.080379486084098],[120.09937286376953,16.080739974975813],[120.10002136230491,16.080890655517635],[120.1007308959961,16.081129074096737],[120.10143280029354,16.08143043518089],[120.10211181640636,16.081760406494084],[120.10262298583984,16.08221054077171],[120.10310363769565,16.082660675049112],[120.10363769531261,16.0830402374267],[120.10423278808662,16.08329963684082],[120.10485076904297,16.08345031738304],[120.10546875,16.083499908447266],[120.10607910156295,16.083330154419173],[120.10666656494152,16.083059310913143],[120.1072692871096,16.082759857177734],[120.10782623291027,16.08241081237793],[120.10829162597668,16.0819606781007],[120.10868835449276,16.08143043518089],[120.10907745361351,16.080909729004077],[120.10944366455135,16.080360412597656],[120.10977172851597,16.079799652099894],[120.11003112792991,16.079240798950366],[120.10994720459053,16.078599929809855],[120.10968780517578,16.078020095825252],[120.10938262939521,16.077440261840877],[120.1091079711914,16.076860427856502],[120.10901641845737,16.076280593872298],[120.10917663574241,16.0757293701173],[120.10944366455135,16.075210571289062],[120.10973358154308,16.074720382690543],[120.11028289794967,16.074720382690543],[120.11055755615234,16.074440002441406],[120.11083221435547,16.074440002441406],[120.11110687255893,16.074169158935547],[120.1112518310548,16.074169158935547],[120.11138916015625,16.074169158935547],[120.11165618896507,16.073890686035156],[120.11195373535156,16.073890686035156],[120.11222076416027,16.07361030578636],[120.11277770996105,16.07361030578636],[120.11305236816406,16.073890686035156],[120.11305236816406,16.074169158935547],[120.11318206787132,16.074289321899585],[120.11332702636764,16.074440002441406],[120.11332702636764,16.074720382690543],[120.11318206787132,16.07488059997587],[120.11305236816406,16.07500076293951],[120.11305236816406,16.075559616088867],[120.11277770996105,16.075830459594727],[120.11277770996105,16.076389312744254],[120.11305236816406,16.07666969299322],[120.11305236816406,16.077220916748047],[120.11305236816406,16.077779769897575],[120.11416625976597,16.078889846801758],[120.11416625976597,16.079170227050724],[120.1138916015625,16.07945060729986],[120.11360931396484,16.07945060729986],[120.11305236816406,16.079999923706282],[120.11305236816406,16.080280303955078],[120.11277770996105,16.080560684204045],[120.11277770996105,16.080829620361328],[120.11222076416027,16.081390380859432],[120.11222076416027,16.0816707611084],[120.11138916015625,16.082500457763786],[120.11055755615234,16.082500457763786],[120.11047363281295,16.08259010314947],[120.10973358154308,16.083330154419173],[120.10973358154308,16.083469390869084],[120.10973358154308,16.08361053466797],[120.10944366455135,16.083890914916935],[120.10944366455135,16.084169387817496],[120.10888671875023,16.084720611572493],[120.10888671875023,16.084999084472884],[120.10832977294922,16.085559844970646],[120.10806274414097,16.085559844970646],[120.10785675048896,16.085760116577433],[120.10778045654297,16.085830688476676],[120.10749816894531,16.085830688476676],[120.10722351074264,16.086109161377067],[120.10694122314453,16.086109161377067],[120.10675048828125,16.086170196533203],[120.10643005371094,16.086559295654297],[120.10619354248058,16.087009429931868],[120.10610961914074,16.087499618530387],[120.10582733154354,16.087779998779354],[120.10582733154354,16.088329315185604],[120.10555267334007,16.08860969543457],[120.10582733154354,16.088890075683707],[120.10582733154354,16.089170455932674],[120.10610961914074,16.08945083618164],[120.10610961914074,16.089719772339095],[120.10640716552757,16.090019226074332],[120.10666656494152,16.090280532836857],[120.10666656494152,16.090560913085994],[120.10694122314453,16.090829849243278],[120.10694122314453,16.091110229492415],[120.10666656494152,16.09139060974121],[120.10666656494152,16.0916690826416],[120.10610961914074,16.092220306396598],[120.10610961914074,16.092779159546126],[120.10527801513672,16.09361076354992],[120.10500335693393,16.09361076354992],[120.10444641113281,16.09361076354992],[120.10415649414062,16.09333038330078],[120.10388946533203,16.09333038330078],[120.10337829589844,16.092830657959155],[120.10305786132824,16.092500686645565],[120.10302734375045,16.092409133911303],[120.10299682617188,16.092250823974553],[120.10253143310581,16.091890335083235],[120.10205841064453,16.09152984619169],[120.10154724121116,16.091220855712947],[120.10096740722668,16.091039657593],[120.1003875732423,16.091030120849666],[120.09980773925793,16.091100692749308],[120.09929656982422,16.091369628906364],[120.09882354736328,16.09169006347662],[120.09835052490234,16.092069625854606],[120.09786224365234,16.092460632324276],[120.09752655029308,16.09268951416027],[120.09731292724655,16.092840194702262],[120.0967407226567,16.093240737915096],[120.09615325927734,16.093580245971964],[120.09552001953182,16.09386062622076],[120.09504699707043,16.094030380249194],[120.09490966796875,16.094089508056697],[120.09451293945347,16.094520568847884],[120.09422302246094,16.09506034851097],[120.09406280517624,16.095670700073526],[120.0938491821289,16.096229553222884],[120.09382629394554,16.09680938720726],[120.09393310546943,16.097110748291243],[120.09401702880882,16.097400665283146],[120.09409332275402,16.098030090332145],[120.09404754638672,16.098260879516715],[120.09397888183594,16.098659515380916],[120.09396362304688,16.09933090209961],[120.0937728881836,16.099979400634993],[120.093612670899,16.100620269775504],[120.09346008300781,16.10125923156761],[120.09329986572311,16.10190010070812],[120.0930480957037,16.102500915527344],[120.09274291992199,16.1030597686767],[120.09237670898449,16.103559494018725],[120.0922622680664,16.103679656982365],[120.09195709228516,16.10400009155279],[120.091552734375,16.104440689086914],[120.09114074707065,16.104890823364485],[120.09073638916016,16.10535049438488],[120.09031677246128,16.105810165405387],[120.08992004394577,16.106269836425724],[120.08950805664074,16.106689453125],[120.08912658691418,16.107149124145565],[120.08878326416061,16.10761070251465],[120.0885696411134,16.1081600189209],[120.08851623535156,16.108720779419002],[120.08863067626953,16.109260559082145],[120.08879852294956,16.109790802001896],[120.08895111083996,16.11031913757347],[120.08914184570324,16.110839843749943],[120.08920288085938,16.111080169677848],[120.08927154541016,16.111379623413086],[120.08934783935592,16.111919403076172],[120.0892105102539,16.112440109252987],[120.08902740478527,16.112970352172965],[120.08898162841831,16.113569259643782],[120.08904266357456,16.114200592041016],[120.08894348144543,16.114799499511832],[120.08882141113281,16.11533927917492],[120.08872985839889,16.115879058838004],[120.08885192871128,16.116369247436523],[120.08902740478527,16.116830825805664],[120.08910369873092,16.11692047119152],[120.08933258056652,16.117219924926758],[120.0896835327153,16.11758995056158],[120.09002685546875,16.11800003051752],[120.09037780761753,16.118429183959904],[120.0906372070317,16.118930816650504],[120.09097290039062,16.119359970092887],[120.09134674072288,16.119680404663143],[120.09182739257858,16.119899749755803],[120.09243774414062,16.11996078491211],[120.09308624267578,16.119970321655273],[120.09336090087936,16.120180130004996],[120.0934219360355,16.120229721069393],[120.09362792968773,16.120389938354492],[120.09374237060592,16.120969772338867],[120.09388732910168,16.12166976928711],[120.0936508178711,16.12190055847168],[120.09361267089878,16.12194061279297],[120.09361267089878,16.12221908569336],[120.09375000000034,16.122360229492244],[120.09388732910168,16.122499465942496],[120.09378051757812,16.122600555419922],[120.0933303833009,16.12306022644043],[120.0933303833009,16.123329162597713],[120.09306335449241,16.12360954284668],[120.09306335449241,16.124170303344783],[120.0933303833009,16.12445068359375],[120.09361267089878,16.12445068359375],[120.09396362304688,16.12409973144554],[120.09471893310547,16.123329162597713],[120.09500122070312,16.123329162597713],[120.0955581665039,16.122779846191463],[120.09583282470749,16.122779846191463],[120.09610748291038,16.122499465942496],[120.09638977050793,16.122499465942496],[120.09665679931652,16.122779846191463],[120.09750366210983,16.122779846191463],[120.09806823730514,16.122110366821403],[120.09828186035168,16.12191963195812],[120.0985336303711,16.1217098236084],[120.09884643554699,16.121559143066406],[120.09916687011741,16.1213703155517],[120.09953308105503,16.121170043945312],[120.09998321533249,16.121070861816463],[120.10045623779297,16.120950698852653],[120.10096740722668,16.120870590210075],[120.10151672363293,16.120899200439453],[120.10208129882858,16.121120452880916],[120.10265350341842,16.12141036987316],[120.10296630859409,16.121759414672795],[120.10388946533203,16.122779846191463],[120.10415649414062,16.122779846191463],[120.10433959960938,16.12261009216303],[120.10444641113281,16.122499465942496],[120.10500335693393,16.122499465942496],[120.10547637939453,16.122699737548885],[120.10562133789074,16.123329162597713],[120.10527801513672,16.123889923095817],[120.10527801513672,16.124170303344783],[120.10555267334007,16.12445068359375],[120.10569763183639,16.125],[120.10575866699264,16.125650405883846],[120.10545349121116,16.125949859619254],[120.10507965087913,16.126279830932617],[120.10469818115257,16.126619338989315],[120.10430145263706,16.12693977355957],[120.10388946533203,16.127250671386662],[120.10350036621094,16.1276092529298],[120.1030883789067,16.128000259399528],[120.10276794433628,16.128469467163143],[120.10246276855514,16.128950119018555],[120.10221099853538,16.129480361938533],[120.10196685791016,16.1299991607666],[120.10173797607445,16.13051033020031],[120.10134887695324,16.130889892578125],[120.10088348388695,16.131170272827262],[120.10040283203148,16.131460189819336],[120.10001373291027,16.13182067871088],[120.09961700439464,16.132200241088867],[120.09924316406261,16.132579803466854],[120.09892272949219,16.13303947448736],[120.09868621826195,16.1335506439209],[120.0986328125,16.1340007781983],[120.09861755371094,16.134170532226562],[120.0986099243164,16.13425064086914],[120.09857940673862,16.13479995727539],[120.09844207763672,16.135379791259766],[120.09805297851562,16.135799407958984],[120.09754943847702,16.136110305786133],[120.09700775146484,16.136339187622127],[120.096473693848,16.136329650878963],[120.09597778320358,16.13611984252924],[120.09546661376987,16.135950088501033],[120.09490966796875,16.136180877685547],[120.09432983398472,16.136480331420955],[120.09374237060592,16.136619567871094],[120.09319305419922,16.1366806030274],[120.09265136718761,16.13674926757824],[120.09219360351574,16.13698005676281],[120.09175872802734,16.137300491333065],[120.09169006347656,16.137359619140568],[120.09134674072288,16.137659072875977],[120.09092712402344,16.138010025024414],[120.09044647216842,16.13833045959484],[120.08998870849643,16.138629913330078],[120.08959960937511,16.138940811157227],[120.0895385742192,16.139240264892635],[120.08965301513672,16.139459609985465],[120.0896835327153,16.1395206451416],[120.08982086181663,16.139810562133846],[120.0899276733403,16.140100479125977],[120.0899276733403,16.140380859375114],[120.08953094482445,16.140829086303768],[120.08930206298874,16.14117050170921],[120.08917999267612,16.141359329223746],[120.08912658691418,16.14142990112316],[120.08882904052734,16.141859054565543],[120.08846282959041,16.142309188842773],[120.08808898925838,16.142730712890625],[120.08779907226574,16.143190383911133],[120.08750152587902,16.14361000061058],[120.08750152587902,16.143890380859375],[120.08721923828136,16.14417076110834],[120.08721923828136,16.14500045776373],[120.08750152587902,16.145280838012695],[120.08805847167969,16.145280838012695],[120.08833312988281,16.14500045776373],[120.08860778808628,16.14500045776373],[120.0888900756836,16.144720077514762],[120.08972167968773,16.14417076110834],[120.0902786254884,16.144720077514762],[120.0902786254884,16.14500045776373],[120.09055328369152,16.145280838012695],[120.09055328369152,16.14686012268072],[120.09055328369152,16.14694023132347],[120.0902786254884,16.147220611572266],[120.0902328491211,16.147579193115405],[120.09037017822322,16.147720336914062],[120.09052276611328,16.14786911010748],[120.09068298339912,16.148180007934798],[120.09073638916016,16.14834976196289],[120.0907974243164,16.148500442504883],[120.09089660644565,16.14883995056158],[120.09102630615246,16.149089813232365],[120.0911865234375,16.149309158325423],[120.0913925170903,16.149419784546126],[120.09161376953136,16.149419784546126],[120.09185791015625,16.14933013916027],[120.09207916259777,16.149089813232365],[120.09224700927734,16.148729324341048],[120.0923461914067,16.148239135742358],[120.09236907958996,16.148210525512752],[120.09261322021518,16.147809982299975],[120.09307098388672,16.147470474243278],[120.09355163574287,16.147109985351562],[120.09403228759766,16.14672088623064],[120.09455108642578,16.14635086059576],[120.09504699707043,16.14594078063965],[120.09558868408249,16.145540237426815],[120.09612274169922,16.145090103149414],[120.09660339355537,16.144599914550724],[120.09691619873047,16.144029617309855],[120.09709930419922,16.143419265747298],[120.09693145751999,16.142810821533374],[120.09667205810604,16.142229080200195],[120.09648132324276,16.141670227050838],[120.09662628173828,16.141229629516772],[120.09712982177746,16.141010284423885],[120.09780120849621,16.141149520874023],[120.0985336303711,16.14138984680187],[120.09925842285179,16.14160919189453],[120.09999847412121,16.141639709472713],[120.10072326660156,16.14152908325218],[120.1010971069336,16.14137077331543],[120.10135650634788,16.14125061035179],[120.10166931152344,16.141109466552734],[120.10193634033271,16.140829086303768],[120.10221862792991,16.140829086303768],[120.10250091552757,16.140560150146484],[120.10278320312523,16.140560150146484],[120.10278320312523,16.139440536499023],[120.10415649414062,16.13805961608881],[120.10415649414062,16.137779235839844],[120.10444641113281,16.137500762939453],[120.10444641113281,16.13694000244152],[120.10472106933594,16.13666915893566],[120.10562133789074,16.135320663452205],[120.10578155517578,16.135080337524528],[120.10582733154354,16.13500022888195],[120.1060562133789,16.135110855102482],[120.10639190673885,16.135280609130916],[120.10646820068405,16.135360717773665],[120.10694122314453,16.135829925537337],[120.10694122314453,16.1363906860351],[120.10666656494152,16.13666915893566],[120.10666656494152,16.137289047241325],[120.10666656494152,16.137500762939453],[120.1068115234375,16.13764953613304],[120.10694122314453,16.137779235839844],[120.10722351074264,16.138320922851733],[120.10717773437523,16.1385498046875],[120.10709381103584,16.1389999389649],[120.10679626464866,16.139659881591854],[120.10674285888672,16.14043045043951],[120.10704803466808,16.14113998413086],[120.10759735107422,16.141710281372127],[120.10826873779297,16.14208030700678],[120.10878753662121,16.14215087890625],[120.1089477539067,16.142169952392862],[120.10945129394588,16.14254951477045],[120.10993957519554,16.142980575561808],[120.1102523803711,16.14344978332548],[120.1109390258789,16.143850326538086],[120.11112213134766,16.14451026916504],[120.11106872558605,16.145229339599723],[120.11090850830146,16.14582061767601],[120.11089324951195,16.14586067199707],[120.11071014404365,16.145980834960938],[120.11042022705101,16.14615058898937],[120.10983276367244,16.14615058898937],[120.10933685302746,16.146169662475643],[120.1092300415039,16.14617919921875],[120.10865783691406,16.14636993408203],[120.10817718505905,16.146650314330998],[120.10767364501987,16.146909713745117],[120.10711669921875,16.147010803222713],[120.10658264160213,16.146780014038143],[120.10598754882812,16.146570205688647],[120.10530853271484,16.146539688110465],[120.10468292236385,16.146360397338924],[120.10450744628929,16.146329879760742],[120.10408782958984,16.14624977111839],[120.10359191894531,16.146480560302734],[120.10327911377021,16.146970748901424],[120.1032867431644,16.14719009399431],[120.10330200195312,16.147670745849666],[120.10321807861374,16.14834976196289],[120.10292053222656,16.148889541625977],[120.10257720947322,16.149400711059684],[120.10228729248058,16.149969100952376],[120.10198974609375,16.150550842285156],[120.10167694091797,16.15113067626953],[120.10140228271484,16.151790618896484],[120.1011428833009,16.152479171753157],[120.10086822509822,16.15313911438011],[120.10034942626953,16.153650283813477],[120.09976959228516,16.15413093566923],[120.09912872314453,16.15452957153343],[120.09845733642624,16.154890060424805],[120.09781646728572,16.1552791595459],[120.09723663330135,16.15568923950201],[120.09657287597668,16.155899047851562],[120.09584808349643,16.155889511108626],[120.0953979492192,16.156259536743278],[120.09507751464912,16.156810760498274],[120.09471893310547,16.157220840454215],[120.09471893310547,16.157499313354606],[120.09443664550781,16.157779693603572],[120.09382629394554,16.157789230346907],[120.09308624267578,16.156459808349666],[120.09306335449241,16.156389236450423],[120.09278106689521,16.156389236450423],[120.09262084960938,16.15654945373558],[120.09259033203193,16.156579971313704],[120.0922164916999,16.156940460205078],[120.0922164916999,16.15806007385254],[120.0919418334961,16.1583309173584],[120.0919418334961,16.159069061279297],[120.0919418334961,16.159170150756893],[120.09166717529297,16.159439086914176],[120.09176635742188,16.159410476684798],[120.09150695800793,16.159929275512866],[120.09145355224678,16.159990310669173],[120.09111785888672,16.16025924682623],[120.09065246582043,16.16050910949707],[120.0905990600586,16.160539627075195],[120.09014892578125,16.16076087951666],[120.08973693847724,16.160919189453352],[120.0896072387701,16.16097068786638],[120.0892105102539,16.161329269409123],[120.0888900756836,16.161790847778434],[120.08867645263695,16.162090301513672],[120.0885696411134,16.162269592285213],[120.08817291259777,16.162710189819336],[120.08769989013729,16.163089752197493],[120.08721923828136,16.163339614868107],[120.08717346191406,16.163360595703125],[120.08670043945347,16.163669586181697],[120.08645629882824,16.164140701293945],[120.08644104003952,16.164699554443473],[120.08659362792969,16.1650390625],[120.08667755127021,16.16525077819847],[120.08706665039131,16.165729522705078],[120.08753967285156,16.166149139404354],[120.0878219604499,16.166500091552734],[120.08795166015625,16.16666030883789],[120.08815765380905,16.167280197143555],[120.08798980712902,16.16764068603527],[120.08792877197266,16.16776084899908],[120.08756256103516,16.168180465698356],[120.08717346191406,16.16860008239763],[120.08721923828136,16.168889999389705],[120.08731079101574,16.16897964477539],[120.08805847167969,16.169719696044922],[120.08805847167969,16.17000007629406],[120.08757781982467,16.17048072814964],[120.08750152587902,16.170560836791992],[120.08666992187523,16.170560836791992],[120.08650970459018,16.170389175414982],[120.08583068847656,16.169719696044922],[120.08573150634834,16.16954040527372],[120.08515167236396,16.168449401855412],[120.08487701416016,16.167909622192326],[120.08470153808594,16.16731071472168],[120.0841064453125,16.16638946533203],[120.08371734619163,16.16605949401884],[120.08332824707054,16.1657009124757],[120.0829086303711,16.165330886841048],[120.08241271972656,16.165010452270792],[120.08186340332077,16.16476058959961],[120.08132934570335,16.164569854736328],[120.08100128173828,16.164180755615234],[120.0810470581057,16.163679122924805],[120.0811233520509,16.163160324096907],[120.08078765869175,16.162670135498047],[120.08029174804688,16.162260055542106],[120.079696655274,16.16197967529314],[120.07904815673896,16.161819458007812],[120.07894134521507,16.16180038452154],[120.07837677001976,16.161710739135685],[120.07772827148472,16.161750793457145],[120.0770874023442,16.161890029907454],[120.07643127441406,16.161949157714787],[120.07578277587902,16.162029266357536],[120.07514190673828,16.162189483642862],[120.07450103759766,16.16233062744135],[120.07389068603538,16.162519454956055],[120.07333374023506,16.16278076171875],[120.07276153564521,16.16305923461914],[120.07222747802734,16.163360595703125],[120.07180023193428,16.163759231567383],[120.07144927978516,16.164159774780387],[120.07141876220771,16.164199829101847],[120.07105255126987,16.164640426635742],[120.07066345214912,16.165029525756836],[120.07026672363304,16.165420532226562],[120.069900512696,16.16580009460472],[120.0695877075201,16.166099548340128],[120.06952667236362,16.166160583496037],[120.069198608399,16.166549682617358],[120.06894683837959,16.166980743408317],[120.06889343261764,16.16749000549345],[120.06889343261764,16.16760063171398],[120.06889343261764,16.168010711669922],[120.0689163208009,16.168519973754883],[120.06897735595703,16.16901969909668],[120.0689163208009,16.16946983337408],[120.06893157959007,16.169910430908203],[120.0690689086914,16.17033004760765],[120.06918334960938,16.17074012756359],[120.0692825317384,16.17115974426264],[120.0693817138673,16.171600341797102],[120.06931304931663,16.172069549560774],[120.06925201416016,16.172510147094897],[120.06939697265682,16.17285919189453],[120.06948089599621,16.173219680786246],[120.07026672363304,16.174169540405273],[120.07195281982433,16.174169540405273],[120.07277679443393,16.17472076416027],[120.07389068603538,16.175830841064453],[120.07333374023506,16.17638969421398],[120.07305908203125,16.17638969421398],[120.07277679443393,16.176670074462947],[120.07277679443393,16.176929473876896],[120.07277679443393,16.17746925354021],[120.07277679443393,16.17860984802269],[120.07250213623047,16.17860984802269],[120.07221984863281,16.178890228271484],[120.0718994140625,16.178890228271484],[120.07138824462902,16.178890228271484],[120.07111358642635,16.17860984802269],[120.07083129882824,16.17860984802269],[120.0697174072269,16.177499771118164],[120.0697174072269,16.177219390869368],[120.06944274902344,16.176940917968977],[120.06944274902344,16.176670074462947],[120.06916809082031,16.17638969421398],[120.06916809082031,16.176109313964844],[120.06889343261764,16.175830841064453],[120.06889343261764,16.175559997558594],[120.06849670410156,16.174890518188704],[120.06831359863327,16.17473983764671],[120.06806945800804,16.174579620361385],[120.06781005859409,16.17436981201189],[120.06755828857467,16.174089431762695],[120.06733703613281,16.17374038696289],[120.06712341308616,16.17338943481468],[120.06683349609398,16.173080444335938],[120.0664596557624,16.17285919189453],[120.06598663330078,16.172790527343864],[120.06585693359386,16.17280006408697],[120.06569671630928,16.172819137573242],[120.0657882690432,16.172769546509016],[120.04615020751953,16.15266036987333],[120.0364608764653,16.142269134521484],[120.03278350830101,16.138120651245117],[120.02519226074219,16.129680633544922],[120.02208709716831,16.126070022583065],[120.0096664428711,16.11240959167486],[119.99887084960938,16.10041046142578],[119.99482727050804,16.094959259033203],[119.99313354492188,16.09337043762207],[119.99208831787143,16.092039108276424],[119.972450256348,16.072559356689567],[119.97596740722656,16.069650650024528],[119.98780822753906,16.059890747070426],[119.99813842773449,16.05221939086914],[120.00904083251976,16.043069839477596],[120.03687286376964,16.02202033996582],[120.08586120605514,15.984580039978027],[120.09004974365234,16.001140594482422],[120.09868621826195,16.035549163818473],[120.10324859619152,16.054430007934513],[120.10449218750034,16.061449050903434],[120.10324096679699,16.062070846557845],[120.10265350341842,16.062580108642635]]]]},"properties":{"ID_0":177,"ISO":"PHL","NAME_0":"Philippines","ID_1":61,"NAME_1":"Pangasinan","ID_2":1280,"NAME_2":"Sual","NL_NAME_2":null,"VARNAME_2":null,"TYPE_2":"Bayan|Munisipyo","ENGTYPE_2":"Municipality","PROVINCE":"Pangasinan","REGION":"Ilocos Region (Region I)"}},
{"type":"Feature","geometry":{"type":"Polygon","coordinates":[[[120.72345733642578,16.054990768432674],[120.723388671875,16.054859161376896],[120.72229766845726,16.05335998535162],[120.72113037109409,16.052089691162166],[120.72022247314453,16.05190086364746],[120.71896362304733,16.052640914916992],[120.71790313720726,16.053279876709098],[120.71621704101562,16.053859710693473],[120.71489715576172,16.055469512939453],[120.71367645263672,16.056360244750977],[120.71218872070335,16.057079315185604],[120.71106719970703,16.05755043029785],[120.7105636596682,16.057159423828352],[120.71025848388706,16.056480407714787],[120.70984649658203,16.054569244384822],[120.7096328735355,16.053730010986328],[120.70909881591797,16.05223083496105],[120.70861053466842,16.050939559936523],[120.70850372314453,16.049440383911246],[120.70892333984409,16.04863929748541],[120.70950317382847,16.04714012145996],[120.70938873291027,16.045660018921126],[120.7087173461914,16.04398918151867],[120.70803833007858,16.0435791015625],[120.70758056640636,16.041389465332145],[120.7063827514653,16.0398406982423],[120.70503234863304,16.03862953186035],[120.70390319824264,16.036529541015682],[120.70385742187511,16.03492927551281],[120.70171356201172,16.033229827880916],[120.70062255859386,16.0319499969483],[120.70073699951195,16.031400680542106],[120.70113372802734,16.029449462890625],[120.69992065429688,16.025859832763615],[120.69931793212936,16.024850845337028],[120.69886016845703,16.02387046813965],[120.69891357421886,16.022840499878043],[120.69937896728527,16.021640777588004],[120.69953918457031,16.021209716796875],[120.70117950439499,16.018659591674748],[120.7043228149414,16.015159606933594],[120.70548248291027,16.013990402221737],[120.70677185058628,16.013170242309627],[120.70818328857445,16.0130290985108],[120.70948791503918,16.013099670410384],[120.71082305908214,16.012109756469727],[120.71163177490234,16.010839462280217],[120.71272277832031,16.009130477905217],[120.71359252929699,16.00671005249046],[120.7132034301759,16.004999160766715],[120.71124267578125,16.003410339355582],[120.70897674560547,16.00202941894554],[120.71240234375,16.001979827880973],[120.71439361572311,16.00206947326666],[120.71734619140625,16.002140045166072],[120.71980285644565,16.00208091735834],[120.72177886962936,16.001939773559684],[120.72427368164074,16.001720428466854],[120.72561645507824,16.0010604858399],[120.72769165039108,15.999549865722884],[120.73354339599632,15.995160102844352],[120.73979949951172,15.991129875183049],[120.74144744873058,15.989640235900936],[120.74310302734375,15.988759994506836],[120.74607849121094,15.986410140991325],[120.74887084960949,15.984609603881893],[120.75193786621105,15.982330322265625],[120.75299072265659,15.98180961608898],[120.7566070556644,15.978110313415527],[120.75811767578125,15.976469993591365],[120.760009765625,15.974120140075684],[120.7609634399414,15.975449562072697],[120.76187133789085,15.976050376892147],[120.76349639892601,15.97682952880865],[120.76548004150402,15.977109909057617],[120.76672363281284,15.977410316467285],[120.76738739013683,15.97832012176525],[120.76860809326172,15.978619575500488],[120.77037811279297,15.978219985961971],[120.77191162109375,15.978039741516113],[120.77358245849643,15.978679656982479],[120.77422332763717,15.979370117187614],[120.7747573852539,15.979760169982967],[120.77572631835938,15.980469703674316],[120.77649688720703,15.980609893798942],[120.77751922607467,15.980790138244572],[120.77852630615234,15.981920242309684],[120.78009796142578,15.984359741211051],[120.7814102172855,15.9869899749757],[120.78250885009766,15.98987007141136],[120.78324890136764,15.993120193481673],[120.78368377685558,15.996839523315657],[120.78337860107467,15.999919891357365],[120.78278350830078,16.002250671386776],[120.78244781494152,16.003589630126953],[120.78193664550781,16.005390167236385],[120.78096008300827,16.007669448852653],[120.77984619140625,16.01032066345215],[120.77921295166027,16.012590408325252],[120.77884674072288,16.01384925842285],[120.77765655517624,16.014820098876953],[120.77641296386719,16.018449783325195],[120.77478790283203,16.02070999145502],[120.77397918701195,16.022979736328125],[120.77268981933594,16.024410247802734],[120.77036285400413,16.028190612793026],[120.76959228515648,16.029859542846737],[120.76851654052746,16.03214073181158],[120.76785278320324,16.034540176391715],[120.76705169677768,16.036790847778548],[120.76676940917969,16.038959503173885],[120.76619720458984,16.04029083251953],[120.76278686523483,16.047609329223633],[120.7578582763673,16.053310394287223],[120.75733184814453,16.054019927978572],[120.75525665283203,16.053699493408317],[120.7538681030278,16.053600311279354],[120.74749755859375,16.052730560302848],[120.74401092529308,16.053930282592887],[120.74120330810547,16.054079055786133],[120.73565673828125,16.054170608520565],[120.7321014404298,16.05415916442871],[120.72769927978527,16.054449081420955],[120.72437286376987,16.054969787597656],[120.72345733642578,16.054990768432674]]]},"properties":{"ID_0":177,"ISO":"PHL","NAME_0":"Philippines","ID_1":61,"NAME_1":"Pangasinan","ID_2":1281,"NAME_2":"Tayug","NL_NAME_2":null,"VARNAME_2":null,"TYPE_2":"Bayan|Munisipyo","ENGTYPE_2":"Municipality","PROVINCE":"Pangasinan","REGION":"Ilocos Region (Region I)"}},
{"type":"Feature","geometry":{"type":"Polygon","coordinates":[[[120.74363708496128,15.85260009765625],[120.74762725830078,15.850589752197209],[120.74777984619175,15.850649833679256],[120.75454711914062,15.849980354309196],[120.75746154785168,15.849639892578352],[120.75920867919967,15.848019599914608],[120.76216888427734,15.84558010101324],[120.76387786865257,15.84368038177496],[120.76722717285202,15.840809822082576],[120.76909637451183,15.838649749755916],[120.77191162109375,15.835969924926815],[120.77512359619163,15.83325004577648],[120.77716827392578,15.83213043212902],[120.78031921386719,15.830069541931152],[120.78527069091797,15.826869964599666],[120.78854370117199,15.824689865112248],[120.79165649414097,15.823120117187727],[120.79582977294967,15.81986045837408],[120.79812622070358,15.81770038604742],[120.80162811279331,15.814069747924805],[120.8037261962894,15.810529708862418],[120.80853271484375,15.806909561157227],[120.81313323974655,15.800519943237305],[120.81484985351608,15.79833030700695],[120.81642150878929,15.796689987182617],[120.81741333007812,15.79541015625],[120.81852722168014,15.794289588928223],[120.81947326660179,15.793089866638184],[120.82269287109386,15.792849540710506],[120.82340240478516,15.793219566345329],[120.82826232910202,15.800470352173079],[120.83162689208984,15.80690002441412],[120.83429718017578,15.809639930725211],[120.83482360839866,15.810859680175781],[120.83863830566429,15.813730239868107],[120.84129333496128,15.81464958190918],[120.84364318847656,15.815520286560172],[120.85083770751987,15.817319869995117],[120.8541030883789,15.818810462951774],[120.8567886352539,15.82005977630621],[120.85798645019543,15.820779800414982],[120.85874938964855,15.821629524230957],[120.85946655273438,15.822819709777832],[120.85999298095737,15.823929786682186],[120.86076354980491,15.825169563293514],[120.86096191406273,15.826569557189998],[120.85915374755905,15.830820083618221],[120.8601226806644,15.831600189209041],[120.85991668701217,15.833140373230037],[120.8603668212894,15.835280418396053],[120.86228942871116,15.837869644165096],[120.86393737793003,15.838629722595158],[120.86430358886764,15.839790344238395],[120.86444854736374,15.840959548950309],[120.86521148681686,15.841670036315975],[120.86567687988281,15.842849731445256],[120.8665390014653,15.844960212707576],[120.86657714843761,15.847060203552246],[120.86644744873047,15.850589752197209],[120.86659240722702,15.854510307312125],[120.8671569824221,15.856160163879395],[120.86791229248058,15.857170104980412],[120.86878204345726,15.858269691467342],[120.86842346191406,15.859519958496094],[120.86863708496139,15.860409736633358],[120.86897277832054,15.86178016662592],[120.86897277832054,15.86293983459467],[120.86898040771484,15.864549636840877],[120.86927032470749,15.865839958190918],[120.86990356445347,15.866780281067008],[120.87300872802734,15.868530273437557],[120.87478637695335,15.869779586792049],[120.87563323974643,15.870369911193848],[120.87628173828136,15.872520446777571],[120.87711334228516,15.875129699707031],[120.8775634765625,15.877519607544002],[120.87745666503929,15.87926959991455],[120.87728881835972,15.881620407104549],[120.87761688232433,15.885660171508789],[120.87783050537121,15.888019561767578],[120.87983703613304,15.888790130615234],[120.8820037841798,15.889929771423454],[120.88337707519577,15.890810012817383],[120.88318634033249,15.89258003234869],[120.88542938232467,15.896439552307243],[120.88931274414097,15.902739524841309],[120.88995361328148,15.903140068054256],[120.8908462524414,15.903940200805607],[120.89156341552746,15.904470443725586],[120.89219665527344,15.905010223388672],[120.89301300048828,15.905610084533805],[120.89396667480469,15.906270027160758],[120.89476776123092,15.906869888305664],[120.89565277099643,15.907400131225643],[120.89691925048874,15.907999992370605],[120.89795684814476,15.908530235290584],[120.8991470336914,15.908989906311092],[120.90061950683628,15.909399986267033],[120.90319061279308,15.91117000579834],[120.90447998046875,15.914079666137695],[120.90535736083984,15.916419982910213],[120.90634918212913,15.91909027099615],[120.90720367431652,15.922750473022461],[120.90746307373047,15.923709869384822],[120.90857696533237,15.926739692687988],[120.91853332519543,15.970219612121582],[120.92233276367188,15.978859901428336],[120.91663360595737,15.99263954162592],[120.90823364257824,15.98847961425787],[120.87879943847702,15.975350379944075],[120.8664703369144,15.97045993804943],[120.86596679687545,15.970080375671444],[120.86293792724621,15.968529701233024],[120.86083221435558,15.967470169067383],[120.85887145996094,15.96677017211914],[120.85633087158203,15.965490341186523],[120.85532379150402,15.965109825134277],[120.8533706665039,15.964369773864746],[120.85154724121128,15.963029861450309],[120.8511734008789,15.962809562683333],[120.8495025634769,15.962059974670524],[120.84767913818371,15.961230278015137],[120.84536743164108,15.95956039428711],[120.84426116943371,15.958700180053768],[120.84239959716797,15.958250045776367],[120.84104919433628,15.9583997726441],[120.83985137939464,15.958979606628475],[120.8384780883789,15.9588499069215],[120.83778381347679,15.958419799804801],[120.83648681640625,15.958629608154354],[120.83556365966808,15.958000183105526],[120.8344192504884,15.957139968872184],[120.83316040039108,15.956959724426326],[120.83223724365246,15.956299781799373],[120.83109283447277,15.956239700317383],[120.8296890258789,15.956430435180664],[120.82846069335972,15.955730438232422],[120.8265533447269,15.955610275268612],[120.82465362548862,15.955599784851188],[120.8216781616211,15.955229759216309],[120.81920623779297,15.954469680786246],[120.81614685058594,15.954669952392692],[120.81420135498058,15.954199790954704],[120.81342315673828,15.953949928283691],[120.81175994873047,15.953669548034725],[120.80948638916016,15.953180313110352],[120.80671691894565,15.953100204467773],[120.80326843261764,15.952529907226506],[120.8008728027346,15.951840400695914],[120.79783630371094,15.951629638671875],[120.7955932617192,15.95182991027832],[120.79358673095703,15.951769828796444],[120.79136657714844,15.951490402221793],[120.78817749023449,15.951000213623104],[120.78529357910202,15.95038032531744],[120.78256988525413,15.949620246887207],[120.77861785888717,15.948960304260254],[120.77593231201172,15.948650360107422],[120.77171325683594,15.948160171508903],[120.76738739013683,15.94789028167736],[120.76445007324241,15.94771957397461],[120.76125335693405,15.946780204773006],[120.75914764404297,15.946339607238883],[120.7551727294923,15.946820259094295],[120.7532882690432,15.947059631347656],[120.74862670898438,15.946629524231014],[120.74788665771484,15.947150230407829],[120.74385070800804,15.945980072021484],[120.74143981933605,15.945759773254508],[120.7381591796875,15.945549964904785],[120.73602294921898,15.94550037384056],[120.73242950439453,15.945090293884277],[120.72730255126999,15.944040298461914],[120.7267532348634,15.944029808044661],[120.72321319580078,15.943929672241211],[120.71984100341797,15.943380355834961],[120.7208023071289,15.93196964263916],[120.72221374511764,15.916760444641227],[120.72329711914108,15.911680221557617],[120.72367858886764,15.90952014923107],[120.7267074584961,15.90205001831066],[120.72759246826172,15.89995002746582],[120.72998046875045,15.893099784851017],[120.73497009277355,15.881999969482536],[120.73992919921886,15.867050170898551],[120.74105072021496,15.862629890441838],[120.74194335937523,15.861749649047965],[120.74500274658203,15.853899955749739],[120.74363708496128,15.85260009765625]]]},"properties":{"ID_0":177,"ISO":"PHL","NAME_0":"Philippines","ID_1":61,"NAME_1":"Pangasinan","ID_2":1282,"NAME_2":"Umingan","NL_NAME_2":null,"VARNAME_2":null,"TYPE_2":"Bayan|Munisipyo","ENGTYPE_2":"Municipality","PROVINCE":"Pangasinan","REGION":"Ilocos Region (Region I)"}},
{"type":"Feature","geometry":{"type":"Polygon","coordinates":[[[120.39308929443382,15.841440200805664],[120.39177703857422,15.846119880676326],[120.39230346679722,15.847539901733512],[120.39100646972656,15.852709770202637],[120.38934326171886,15.85879993438715],[120.38948059082031,15.858969688415584],[120.38893127441406,15.861350059509277],[120.38749694824219,15.865019798278809],[120.3862228393557,15.864899635314998],[120.37516021728538,15.86277961730957],[120.37122344970714,15.862279891967773],[120.36775970458984,15.86133003234869],[120.36341094970714,15.860659599304142],[120.35066223144577,15.85834980010992],[120.34990692138706,15.858340263366813],[120.34275817871094,15.857110023498592],[120.33499908447277,15.855850219726562],[120.33464050293014,15.855549812317008],[120.33335876464855,15.855330467224348],[120.32584381103527,15.852499961853084],[120.31757354736328,15.849410057067928],[120.30885314941418,15.846320152282715],[120.31096649169933,15.844829559326286],[120.31302642822311,15.844519615173454],[120.31468200683628,15.844530105591048],[120.31596374511753,15.844079971313477],[120.31614685058628,15.842880249023438],[120.31514739990246,15.841719627380371],[120.3136596679692,15.840350151062069],[120.31159973144531,15.83897972106945],[120.30972290039097,15.836649894714355],[120.30870056152389,15.83360958099371],[120.30879211425781,15.831780433654899],[120.31049346923851,15.828100204467887],[120.31159210205078,15.82732963562023],[120.31208801269543,15.826740264892521],[120.31440734863304,15.825830459594783],[120.31761169433639,15.826519966125602],[120.31994628906295,15.827460289001522],[120.32341766357422,15.82820987701416],[120.32581329345749,15.827870368957633],[120.32737731933616,15.827090263366642],[120.32913208007812,15.824749946594295],[120.32982635498058,15.822859764099121],[120.33003234863293,15.821009635925293],[120.33009338378906,15.82013034820568],[120.33039093017624,15.818269729614371],[120.33094024658203,15.816530227661246],[120.33135223388683,15.81591987609886],[120.33210754394577,15.815580368041992],[120.33368682861374,15.815380096435604],[120.33538818359398,15.81552982330328],[120.33690643310558,15.815389633178711],[120.33854675292969,15.81486034393322],[120.3391036987307,15.814570426940918],[120.33999633789097,15.813400268554915],[120.34104919433594,15.812109947204704],[120.34058380126953,15.810569763183707],[120.3392562866211,15.809690475463867],[120.3370819091798,15.808320045471305],[120.3358535766605,15.80741024017334],[120.33412170410168,15.805159568786678],[120.33357238769554,15.80331039428711],[120.33394622802768,15.800959587097111],[120.3352203369144,15.800080299377498],[120.33753967285156,15.800689697265739],[120.33882141113304,15.801239967346248],[120.34176635742222,15.80200004577631],[120.34298706054699,15.801630020141658],[120.34487915039108,15.799169540405273],[120.34567260742199,15.797610282898006],[120.34635162353538,15.795999526977539],[120.34735870361374,15.795310020446891],[120.34934997558594,15.793339729309196],[120.35067749023472,15.791299819946346],[120.35201263427768,15.789939880371321],[120.35397338867222,15.78919982910162],[120.35648345947266,15.788260459900016],[120.35825347900402,15.787329673767033],[120.3597869873048,15.786760330200252],[120.36062622070312,15.786910057067985],[120.36218261718773,15.787659645080623],[120.36434936523449,15.789190292358512],[120.36601257324219,15.790249824524153],[120.36811828613281,15.791330337524471],[120.36863708496094,15.791359901428336],[120.37016296386719,15.791009902954215],[120.37136840820312,15.790300369262695],[120.37361907959018,15.788680076599121],[120.37666320800815,15.786640167236442],[120.3787765502932,15.784330368042049],[120.38746643066452,15.77653026580822],[120.39505004882858,15.776339530944938],[120.39868164062511,15.773050308227653],[120.40602111816406,15.77764987945551],[120.40603637695347,15.77807998657238],[120.4050521850586,15.783619880676383],[120.40312194824253,15.79127025604248],[120.40123748779297,15.801010131835994],[120.40101623535202,15.802900314331168],[120.39971160888672,15.80935001373291],[120.39926147460949,15.811079978943098],[120.39871215820335,15.815230369567871],[120.39779663085938,15.817159652710188],[120.39734649658214,15.81795978546154],[120.39591217041016,15.8262300491333],[120.39559173583984,15.828570365905875],[120.39308929443382,15.841440200805664]]]},"properties":{"ID_0":177,"ISO":"PHL","NAME_0":"Philippines","ID_1":61,"NAME_1":"Pangasinan","ID_2":1283,"NAME_2":"Urbiztondo","NL_NAME_2":null,"VARNAME_2":null,"TYPE_2":"Bayan|Munisipyo","ENGTYPE_2":"Municipality","PROVINCE":"Pangasinan","REGION":"Ilocos Region (Region I)"}},
{"type":"Feature","geometry":{"type":"Polygon","coordinates":[[[120.59485626220714,16.014949798584098],[120.59295654296909,16.013549804687614],[120.58872985839844,16.014230728149414],[120.58097839355469,16.015110015869197],[120.57739257812545,16.015270233154354],[120.57495117187523,16.015649795532283],[120.57161712646507,16.015890121460018],[120.56829833984409,16.014310836791992],[120.56636810302757,16.013210296630916],[120.56327819824264,16.011190414428825],[120.56070709228516,16.009489059448356],[120.55458068847656,16.00565910339367],[120.55267333984375,16.005500793457145],[120.5511474609375,16.00559043884283],[120.55107116699264,16.005599975585938],[120.54959106445358,16.00580978393566],[120.54532623291016,16.007360458374137],[120.54266357421875,16.00864982604986],[120.5384521484375,16.008979797363224],[120.53736114501964,16.010860443115234],[120.53617095947266,16.009510040283203],[120.53443908691406,16.008939743041935],[120.53177642822266,16.008010864257926],[120.5292434692384,16.007579803466797],[120.52655029296875,16.00773048400879],[120.52268218994152,16.00898933410656],[120.52101135253906,16.00843048095703],[120.5188217163086,16.00890922546398],[120.5155029296875,16.009729385376033],[120.51435089111328,16.010259628296012],[120.51264190673828,16.010360717773438],[120.5114974975586,16.01041984558117],[120.51040649414062,16.009840011596793],[120.50894165039074,16.010099411010742],[120.50736999511719,16.009950637817496],[120.50261688232467,16.009269714355526],[120.50200653076172,16.009019851684684],[120.50074768066418,16.009700775146484],[120.49683380126987,16.008680343627987],[120.49549102783237,16.00728034973156],[120.49575042724655,16.005119323730582],[120.49403381347702,16.00296974182129],[120.48972320556675,15.998390197753963],[120.48729705810581,15.996279716491642],[120.4852523803711,15.99516963958746],[120.4833602905278,15.996069908142147],[120.4816818237307,15.997039794921875],[120.47898101806652,15.99682998657238],[120.47792053222656,15.997440338134709],[120.47733306884766,15.997909545898551],[120.47656250000034,15.998319625854492],[120.47535705566418,15.99789047241211],[120.47445678710972,15.997469902038574],[120.47566986084007,15.996139526367244],[120.47812652587902,15.995269775390625],[120.4804382324221,15.993929862976131],[120.48375701904308,15.990980148315543],[120.48526763916061,15.990119934082031],[120.4887390136721,15.984410285949934],[120.49272918701183,15.979920387268123],[120.49397277832065,15.976650238037053],[120.49476623535156,15.973019599914664],[120.4984130859375,15.965589523315543],[120.49873352050815,15.958439826965332],[120.49861145019577,15.956999778747786],[120.49873352050815,15.955559730529899],[120.49918365478561,15.946660041809139],[120.50019836425827,15.941659927368278],[120.50789642334018,15.925290107727278],[120.5134887695317,15.928799629211369],[120.51532745361362,15.929570198059025],[120.52234649658203,15.933250427246207],[120.52793121337913,15.935620307922477],[120.53675842285202,15.939909934997502],[120.54141235351597,15.941849708557243],[120.5446395874028,15.943209648132438],[120.5486831665039,15.944199562072754],[120.56046295166061,15.945810317993391],[120.56244659423862,15.946189880371207],[120.57839202880905,15.949279785156193],[120.58515167236351,15.95005035400385],[120.58762359619175,15.95028018951416],[120.59687805175793,15.952389717102108],[120.60301208496128,15.953060150146484],[120.60536956787132,15.95347976684576],[120.6099624633789,15.953350067138786],[120.6132431030278,15.953769683837834],[120.61591339111374,15.95363998413086],[120.62053680419945,15.954239845275993],[120.62210845947266,15.954710006713924],[120.62976074218761,15.954799652099666],[120.63034057617222,15.961930274963379],[120.63130950927757,15.970840454101506],[120.630126953125,15.978949546814022],[120.63024139404308,15.985099792480582],[120.63005828857433,15.99332046508789],[120.63056182861328,15.9971799850465],[120.63054656982445,16.005420684814567],[120.63027191162155,16.008420944213867],[120.62928009033214,16.009809494018782],[120.62597656250023,16.012470245361442],[120.62338256835949,16.01265907287592],[120.61872863769554,16.01292991638195],[120.61598968505893,16.013320922851676],[120.59485626220714,16.014949798584098]]]},"properties":{"ID_0":177,"ISO":"PHL","NAME_0":"Philippines","ID_1":61,"NAME_1":"Pangasinan","ID_2":1284,"NAME_2":"Urdaneta City","NL_NAME_2":null,"VARNAME_2":null,"TYPE_2":"Lungsod|Siyudad","ENGTYPE_2":"City","PROVINCE":"Pangasinan","REGION":"Ilocos Region (Region I)"}},
{"type":"Feature","geometry":{"type":"Polygon","coordinates":[[[120.63018035888672,15.94950008392334],[120.62964630126999,15.953310012817496],[120.62999725341797,15.954070091247559],[120.62976074218761,15.954799652099666],[120.62210845947266,15.954710006713924],[120.62053680419945,15.954239845275993],[120.61591339111374,15.95363998413086],[120.6132431030278,15.953769683837834],[120.6099624633789,15.953350067138786],[120.60536956787132,15.95347976684576],[120.60301208496128,15.953060150146484],[120.59687805175793,15.952389717102108],[120.58762359619175,15.95028018951416],[120.58515167236351,15.95005035400385],[120.57839202880905,15.949279785156193],[120.56244659423862,15.946189880371207],[120.56046295166061,15.945810317993391],[120.5486831665039,15.944199562072754],[120.5446395874028,15.943209648132438],[120.54141235351597,15.941849708557243],[120.53675842285202,15.939909934997502],[120.52793121337913,15.935620307922477],[120.52234649658203,15.933250427246207],[120.51532745361362,15.929570198059025],[120.5134887695317,15.928799629211369],[120.50789642334018,15.925290107727278],[120.5082931518557,15.924139976501465],[120.51010894775436,15.918430328369254],[120.51500701904297,15.912130355835018],[120.51495361328159,15.911239624023665],[120.51818847656284,15.905670166015625],[120.51891326904297,15.904680252075309],[120.52095794677746,15.898150444030989],[120.52131652832077,15.898050308227539],[120.52474975585983,15.888870239257812],[120.53031921386741,15.874580383300781],[120.55069732666027,15.88160037994379],[120.56124877929722,15.884790420532283],[120.56262207031261,15.885470390319767],[120.56475067138695,15.88661956787115],[120.5660400390625,15.88687992095953],[120.5677871704105,15.886989593505973],[120.56907653808594,15.88510990142828],[120.57170867919945,15.883740425109977],[120.57328796386719,15.883279800415096],[120.57502746582065,15.883310317993278],[120.57608032226574,15.883429527282829],[120.57766723632812,15.884059906006087],[120.57965087890625,15.884300231933594],[120.58177185058639,15.885210037231559],[120.58321380615234,15.886569976806697],[120.58442687988281,15.888279914856184],[120.58606719970703,15.890839576721248],[120.58721160888672,15.892359733581543],[120.58910369873047,15.89412975311285],[120.59043884277344,15.89507007598877],[120.59114074707043,15.895409584045467],[120.59339904785156,15.896490097045955],[120.59413146972656,15.897009849548283],[120.59499359130905,15.89745998382574],[120.59742736816418,15.898349761962947],[120.60043334960938,15.898880004882926],[120.60175323486351,15.899029731750602],[120.60299682617233,15.899189949035758],[120.60671234130882,15.90017032623291],[120.6084136962894,15.90071964263916],[120.61293792724643,15.90281963348383],[120.61489868164097,15.903779983520508],[120.61846160888706,15.906820297241268],[120.61908721923862,15.907389640808049],[120.6206893920903,15.908900260925407],[120.62207031250045,15.910840034484977],[120.62198638916016,15.912309646606559],[120.62066650390625,15.915369987487907],[120.6195068359375,15.918080329895133],[120.61885833740234,15.920209884643668],[120.61878967285168,15.922479629516602],[120.62010192871094,15.924180030822754],[120.62055969238315,15.924380302429142],[120.62252044677768,15.925129890442008],[120.6247024536134,15.925359725952262],[120.62657928466797,15.925120353698844],[120.62744903564453,15.925069808959961],[120.63078308105469,15.924039840698356],[120.63259887695312,15.924920082092285],[120.63339233398472,15.926329612732047],[120.63397979736351,15.927769660949934],[120.63420104980469,15.928079605102766],[120.63504028320358,15.92942047119152],[120.63596343994152,15.93128967285162],[120.63748931884777,15.934149742126579],[120.63896942138672,15.936820030212516],[120.63941192626964,15.938460350036621],[120.63854217529331,15.940010070800781],[120.63593292236328,15.942310333252067],[120.63394927978516,15.94408988952631],[120.63249206542969,15.94522953033453],[120.63018035888672,15.94950008392334]]]},"properties":{"ID_0":177,"ISO":"PHL","NAME_0":"Philippines","ID_1":61,"NAME_1":"Pangasinan","ID_2":1285,"NAME_2":"Villasis","NL_NAME_2":null,"VARNAME_2":null,"TYPE_2":"Bayan|Munisipyo","ENGTYPE_2":"Municipality","PROVINCE":"Pangasinan","REGION":"Ilocos Region (Region I)"}}
]}